record_id,year,make,model,engine,oil_type,oil_capacity,oil_filter,transmission_fluid,source,additional_specs,verification_status,missing_fields,merge_key
fc71f77fabb8ed7f4b46533b,1999,BMW,318i,1.9,,,,,consolidated:year_make_model_json,"{""verification_status"":""incomplete"",""source_files"":""yearmakemodel.json;completevehiclelist.xlsx-Sheet1.csv""}",incomplete,oil_type;oil_capacity;wix_filter;napa_gold_filter;stp_filter,1999|bmw|318i|19
7a82ccf3ae6726b109fc7475,1999,BMW,318is,1.9,,,,,consolidated:year_make_model_json,"{""verification_status"":""incomplete"",""source_files"":""yearmakemodel.json;completevehiclelist.xlsx-Sheet1.csv""}",incomplete,oil_type;oil_capacity;wix_filter;napa_gold_filter;stp_filter,1999|bmw|318is|19
84fb4009046b6be60ad498ee,1999,Daewoo,Lanos,1.5,,,,,consolidated:year_make_model_json,"{""verification_status"":""incomplete"",""source_files"":""yearmakemodel.json;completevehiclelist.xlsx-Sheet1.csv""}",incomplete,oil_type;oil_capacity;wix_filter;napa_gold_filter;stp_filter,1999|daewoo|lanos|15
0d47bb9f58c4db0f65311a06,2017,Mercedes Benz,C350E,Turbo 2.0,,NaN liters with filter,,,consolidated:full_oil_filter_workbook,"{""verification_status"":""incomplete"",""source_files"":""fulloilandfilter2022to2027;autolubespecsYmm.xlsx;yearmakemodel.json;completevehiclelist.xlsx-Sheet1.csv""}",incomplete,oil_type;wix_filter;napa_gold_filter;stp_filter,2017|mercedesbenz|c350e|turbo20
f791c0bc5f50cbed34f48cac,2017,Mercedes Benz,C43 AMG,Turbo 3.0,,NaN liters with filter,,,consolidated:full_oil_filter_workbook,"{""verification_status"":""incomplete"",""source_files"":""fulloilandfilter2022to2027;autolubespecsYmm.xlsx;yearmakemodel.json;completevehiclelist.xlsx-Sheet1.csv""}",incomplete,oil_type;wix_filter;napa_gold_filter;stp_filter,2017|mercedesbenz|c43amg|turbo30
ba0ebeaac549c9c6fdfeb7ac,2017,Mini,Cooper,Turbo 1.5,,NaN liters with filter,,,consolidated:full_oil_filter_workbook,"{""verification_status"":""incomplete"",""source_files"":""fulloilandfilter2022to2027;autolubespecsYmm.xlsx;yearmakemodel.json;completevehiclelist.xlsx-Sheet1.csv""}",incomplete,oil_type;wix_filter;napa_gold_filter;stp_filter,2017|mini|cooper|turbo15
a8f42182e997828fb6192764,2017,Mini,Cooper,Turbo 2.0,,NaN liters with filter,,,consolidated:full_oil_filter_workbook,"{""verification_status"":""incomplete"",""source_files"":""fulloilandfilter2022to2027;autolubespecsYmm.xlsx;yearmakemodel.json;completevehiclelist.xlsx-Sheet1.csv""}",incomplete,oil_type;wix_filter;napa_gold_filter;stp_filter,2017|mini|cooper|turbo20
75265f556c4efe267b3bb33d,2017,Mini,Cooper Clubman,Turbo 1.5,,NaN liters with filter,,,consolidated:full_oil_filter_workbook,"{""verification_status"":""incomplete"",""source_files"":""fulloilandfilter2022to2027;autolubespecsYmm.xlsx;yearmakemodel.json;completevehiclelist.xlsx-Sheet1.csv""}",incomplete,oil_type;wix_filter;napa_gold_filter;stp_filter,2017|mini|cooperclubman|turbo15
84006cc030ae045911bc41e4,2017,Mini,Cooper Clubman,Turbo 2.0,,NaN liters with filter,,,consolidated:full_oil_filter_workbook,"{""verification_status"":""incomplete"",""source_files"":""fulloilandfilter2022to2027;autolubespecsYmm.xlsx;yearmakemodel.json;completevehiclelist.xlsx-Sheet1.csv""}",incomplete,oil_type;wix_filter;napa_gold_filter;stp_filter,2017|mini|cooperclubman|turbo20
6d7dd080a6babab03350f930,2017,Porsche,Macan,Turbo 2.0,,NaN liters with filter,,,consolidated:full_oil_filter_workbook,"{""verification_status"":""incomplete"",""source_files"":""fulloilandfilter2022to2027;autolubespecsYmm.xlsx;yearmakemodel.json;completevehiclelist.xlsx-Sheet1.csv""}",incomplete,oil_type;wix_filter;napa_gold_filter;stp_filter,2017|porsche|macan|turbo20
d3a4e67ec8ad7294ff34f498,2017,Volvo,V90 Cross Country,Turbo 2.0,,NaN liters with filter,,,consolidated:full_oil_filter_workbook,"{""verification_status"":""incomplete"",""source_files"":""fulloilandfilter2022to2027;autolubespecsYmm.xlsx;yearmakemodel.json;completevehiclelist.xlsx-Sheet1.csv""}",incomplete,oil_type;wix_filter;napa_gold_filter;stp_filter,2017|volvo|v90crosscountry|turbo20
4b307426ca0d81c7891332a9,2020,BMW,M235l XDrive Gran Coupe,Turbo 2.0,,NaN liters with filter,,,consolidated:full_oil_filter_workbook,"{""oil_plug_torque"":""18 ft. lbs."",""verification_status"":""incomplete"",""source_files"":""fulloilandfilter2022to2027;autolubespecsYmm.xlsx;yearmakemodel.json;completevehiclelist.xlsx-Sheet1.csv""}",incomplete,oil_type;wix_filter;napa_gold_filter;stp_filter,2020|bmw|m235lxdrivegrancoupe|turbo20
cbf6937cf9ac3505ac4fab5f,2020,Mercedes Benz,S560E,Turbo 3.0,,NaN liters with filter,,,consolidated:full_oil_filter_workbook,"{""verification_status"":""incomplete"",""source_files"":""fulloilandfilter2022to2027;autolubespecsYmm.xlsx;yearmakemodel.json;completevehiclelist.xlsx-Sheet1.csv""}",incomplete,oil_type;wix_filter;napa_gold_filter;stp_filter,2020|mercedesbenz|s560e|turbo30
36dd533bcc0d78a27a11a980,2021,Audi,SQ5 Sportback,Turbo 3.0,,NaN liters with filter,,,consolidated:full_oil_filter_workbook,"{""verification_status"":""incomplete"",""source_files"":""fulloilandfilter2022to2027;autolubespecsYmm.xlsx;yearmakemodel.json;completevehiclelist.xlsx-Sheet1.csv""}",incomplete,oil_type;wix_filter;napa_gold_filter;stp_filter,2021|audi|sq5sportback|turbo30
b30f25a163777a3836164048,2021,BMW,Alpina XB7,Turbo 4.4,,NaN liters with filter,,,consolidated:full_oil_filter_workbook,"{""verification_status"":""incomplete"",""source_files"":""fulloilandfilter2022to2027;autolubespecsYmm.xlsx;yearmakemodel.json;completevehiclelist.xlsx-Sheet1.csv""}",incomplete,oil_type;wix_filter;napa_gold_filter;stp_filter,2021|bmw|alpinaxb7|turbo44
73a3c6ffcb97d24137adb17b,2021,BMW,M3,Tubo 3.0,,NaN liters with filter,,,consolidated:full_oil_filter_workbook,"{""verification_status"":""incomplete"",""source_files"":""fulloilandfilter2022to2027;autolubespecsYmm.xlsx;yearmakemodel.json;completevehiclelist.xlsx-Sheet1.csv""}",incomplete,oil_type;wix_filter;napa_gold_filter;stp_filter,2021|bmw|m3|tubo30
4d38433379667eb281607ec8,2021,BMW,M440I XDrive,Turbo 3.0,,NaN liters with filter,,,consolidated:full_oil_filter_workbook,"{""verification_status"":""incomplete"",""source_files"":""fulloilandfilter2022to2027;autolubespecsYmm.xlsx;yearmakemodel.json;completevehiclelist.xlsx-Sheet1.csv""}",incomplete,oil_type;wix_filter;napa_gold_filter;stp_filter,2021|bmw|m440ixdrive|turbo30
d13ef58825f5f96533b56a00,2021,Cadillac,Escalade,Diesel 3.0,,NaN liters with filter,,,consolidated:full_oil_filter_workbook,"{""oil_plug_torque"":""N\\S ft. lbs."",""verification_status"":""incomplete"",""source_files"":""fulloilandfilter2022to2027;autolubespecsYmm.xlsx;yearmakemodel.json;completevehiclelist.xlsx-Sheet1.csv""}",incomplete,oil_type;wix_filter;napa_gold_filter;stp_filter,2021|cadillac|escalade|diesel30
42e90e4e59b34d82f4e355f6,2022,Audi,RS3,Turbo 2.5,,,57187,,consolidated:full_oil_filter_workbook,"{""napa_gold_filter"":""7187"",""stp_filter"":""S9911"",""source_status"":""WIX official application matched. NAPA Gold number derived from the WIX/NAPA cross-reference convention. STP cross-reference: Product-level cross-reference."",""verification_status"":""incomplete"",""source_files"":""fulloilandfilter2022to2027;release_2022_2027_final_audit;autolubespecsYmm.xlsx;yearmakemodel.json;completevehiclelist.xlsx-Sheet1.csv""}",incomplete,oil_type;oil_capacity,2022|audi|rs3|turbo25
35341ec26b71eadd0e4b47f9,2022,Land Rover,Range Rover,4.4,,,57279,,consolidated:full_oil_filter_workbook,"{""oil_plug_torque"":""30 ft. lbs."",""rear_differential_fluid"":""75W-90 Synthetic"",""front_differential_fluid"":""75W-90 Synthetic"",""napa_gold_filter"":""7279"",""stp_filter"":""S10992 / S10992XL"",""source_status"":""WIX official application matched. NAPA Gold number derived from the WIX/NAPA cross-reference convention. STP cross-reference: Product-level cross-reference."",""verification_status"":""incomplete"",""source_files"":""fulloilandfilter2022to2027;release_2022_2027_final_audit;autolubespecsYmm.xlsx;yearmakemodel.json;completevehiclelist.xlsx-Sheet1.csv""}",incomplete,oil_type;oil_capacity,2022|landrover|rangerover|44
1a1489dfa5cf7aa7559f6c93,2022,Mitsubishi,Eclipse Cross,Turbo 1.5,,,57356,,consolidated:full_oil_filter_workbook,"{""oil_plug_torque"":""26 ft. lbs."",""napa_gold_filter"":""7356"",""source_status"":""WIX official application matched. NAPA Gold number derived from the WIX/NAPA cross-reference convention. No STP number recorded without a verified cross-reference."",""verification_status"":""incomplete"",""source_files"":""fulloilandfilter2022to2027;release_2022_2027_final_audit;autolubespecsYmm.xlsx;yearmakemodel.json;completevehiclelist.xlsx-Sheet1.csv""}",incomplete,oil_type;oil_capacity;stp_filter,2022|mitsubishi|eclipsecross|turbo15
86621e1574dc1eb8dc7ab025,2022,Mitsubishi,Outlander Phev,2.4,,,57356,,consolidated:full_oil_filter_workbook,"{""napa_gold_filter"":""7356"",""source_status"":""WIX official application matched. NAPA Gold number derived from the WIX/NAPA cross-reference convention. No STP number recorded without a verified cross-reference."",""verification_status"":""incomplete"",""source_files"":""fulloilandfilter2022to2027;release_2022_2027_final_audit;autolubespecsYmm.xlsx;yearmakemodel.json;completevehiclelist.xlsx-Sheet1.csv""}",incomplete,oil_type;oil_capacity;stp_filter,2022|mitsubishi|outlanderphev|24
3f27b764b46d1c8535a97d22,2022,Porsche,718 Boxster,4,,,57070,,consolidated:full_oil_filter_workbook,"{""napa_gold_filter"":""7070"",""stp_filter"":""S11008 / S11008XL"",""source_status"":""WIX official application matched. NAPA Gold number derived from the WIX/NAPA cross-reference convention. STP cross-reference: Product-level cross-reference."",""verification_status"":""incomplete"",""source_files"":""fulloilandfilter2022to2027;release_2022_2027_final_audit;autolubespecsYmm.xlsx;yearmakemodel.json;completevehiclelist.xlsx-Sheet1.csv""}",incomplete,oil_type;oil_capacity,2022|porsche|718boxster|4
d2c5cc4fb8fd4812cfbd83e3,2022,Porsche,911,4,,,,,consolidated:full_oil_filter_workbook,"{""source_status"":""WIX application requires manual review: No WIX engine match. No STP number recorded without a verified cross-reference."",""verification_status"":""incomplete"",""source_files"":""fulloilandfilter2022to2027;release_2022_2027_final_audit;autolubespecsYmm.xlsx;yearmakemodel.json;completevehiclelist.xlsx-Sheet1.csv""}",incomplete,oil_type;oil_capacity;wix_filter;napa_gold_filter;stp_filter,2022|porsche|911|4
7444bc28b9d7c1bc95f4690c,2023,Acura,Integra,Turbo 1.5,0W-20,3.7 qts. with filter,57356,,consolidated:full_oil_filter_workbook,"{""napa_gold_filter"":""7356"",""source_status"":""UNVERIFIED_OIL_SERVICE_DATA — Engine Oil: no validated continuity source; Oil Capacity: no validated continuity source; Oil Plug Torque: no validated continuity source. WIX official application matched; NAPA Gold cross-reference derived from WIX/NAPA convention; STP cross-reference not verified."",""verification_status"":""unverified"",""source_files"":""fulloilandfilter2022to2027;release_2022_2027_final_audit;yearmakemodel.json;completevehiclelist.xlsx-Sheet1.csv""}",unverified,stp_filter,2023|acura|integra|turbo15
2a728af4e2a0de2f47714b81,2023,Acura,Mdx,Turbo 3,,,57356,,consolidated:full_oil_filter_workbook,"{""napa_gold_filter"":""7356"",""source_status"":""UNVERIFIED_OIL_SERVICE_DATA — Engine Oil: no validated continuity source; Oil Capacity: no validated continuity source; Oil Plug Torque: no validated continuity source. WIX official application matched; NAPA Gold cross-reference derived from WIX/NAPA convention; STP cross-reference not verified."",""verification_status"":""unverified"",""source_files"":""fulloilandfilter2022to2027;release_2022_2027_final_audit""}",unverified,oil_type;oil_capacity;stp_filter,2023|acura|mdx|turbo3
218cb36bf776c89fe9a1d498,2023,Acura,Rdx,Turbo 2,,,57356,,consolidated:full_oil_filter_workbook,"{""napa_gold_filter"":""7356"",""source_status"":""UNVERIFIED_OIL_SERVICE_DATA — Engine Oil: no validated continuity source; Oil Capacity: no validated continuity source; Oil Plug Torque: no validated continuity source. WIX official application matched; NAPA Gold cross-reference derived from WIX/NAPA convention; STP cross-reference not verified."",""verification_status"":""unverified"",""source_files"":""fulloilandfilter2022to2027;release_2022_2027_final_audit""}",unverified,oil_type;oil_capacity;stp_filter,2023|acura|rdx|turbo2
3745ba2931068a0a9edf03df,2023,Acura,Tlx,Turbo 2,,,57356,,consolidated:full_oil_filter_workbook,"{""napa_gold_filter"":""7356"",""source_status"":""ENGINE_FILTER_FAMILY_CONTINUITY — Engine Oil: 1/1 same engine/filter family; Oil Capacity: 1/1 same engine/filter family; Oil Plug Torque: 1/1 same engine/filter family. WIX official application matched; NAPA Gold cross-reference derived from WIX/NAPA convention; STP cross-reference not verified."",""verification_status"":""incomplete"",""source_files"":""fulloilandfilter2022to2027;release_2022_2027_final_audit""}",incomplete,oil_type;oil_capacity;stp_filter,2023|acura|tlx|turbo2
d8f1ab6ef55cd5c9ba279e7c,2023,Acura,Tlx,Turbo 3,,,57356,,consolidated:full_oil_filter_workbook,"{""napa_gold_filter"":""7356"",""source_status"":""ENGINE_FILTER_FAMILY_CONTINUITY — Engine Oil: 1/1 same engine/filter family; Oil Capacity: 1/1 same engine/filter family; Oil Plug Torque: 1/1 same engine/filter family. WIX official application matched; NAPA Gold cross-reference derived from WIX/NAPA convention; STP cross-reference not verified."",""verification_status"":""incomplete"",""source_files"":""fulloilandfilter2022to2027;release_2022_2027_final_audit""}",incomplete,oil_type;oil_capacity;stp_filter,2023|acura|tlx|turbo3
ba737197c30a159f9d3c7f75,2023,Alfa Romeo,Giulia,Turbo 2,,,57060,,consolidated:full_oil_filter_workbook,"{""napa_gold_filter"":""7060"",""stp_filter"":""S3506"",""source_status"":""UNVERIFIED_OIL_SERVICE_DATA — Engine Oil: no validated continuity source; Oil Capacity: no validated continuity source; Oil Plug Torque: no validated continuity source. WIX official application matched; NAPA Gold cross-reference derived from WIX/NAPA convention; STP product-level cross-reference validated."",""verification_status"":""unverified"",""source_files"":""fulloilandfilter2022to2027;release_2022_2027_final_audit""}",unverified,oil_type;oil_capacity,2023|alfaromeo|giulia|turbo2
d0e418b7ac339e7d181f1226,2023,Alfa Romeo,Stelvio,Turbo 2,,,57060,,consolidated:full_oil_filter_workbook,"{""napa_gold_filter"":""7060"",""stp_filter"":""S3506"",""source_status"":""ENGINE_FILTER_FAMILY_CONTINUITY — Engine Oil: 1/1 same engine/filter family; Oil Capacity: 1/1 same engine/filter family; Oil Plug Torque: 1/1 same engine/filter family. WIX official application matched; NAPA Gold cross-reference derived from WIX/NAPA convention; STP product-level cross-reference validated."",""verification_status"":""incomplete"",""source_files"":""fulloilandfilter2022to2027;release_2022_2027_final_audit""}",incomplete,oil_type;oil_capacity,2023|alfaromeo|stelvio|turbo2
25621b25fc0a7d9c7e5634d2,2023,Alfa Romeo,Tonale,Turbo 2,,,57060,,consolidated:full_oil_filter_workbook,"{""napa_gold_filter"":""7060"",""stp_filter"":""S3506"",""source_status"":""ENGINE_FILTER_FAMILY_CONTINUITY — Engine Oil: 2/2 same engine/filter family; Oil Capacity: 2/2 same engine/filter family; Oil Plug Torque: 2/2 same engine/filter family. WIX official application matched; NAPA Gold cross-reference derived from WIX/NAPA convention; STP product-level cross-reference validated."",""verification_status"":""incomplete"",""source_files"":""fulloilandfilter2022to2027;release_2022_2027_final_audit""}",incomplete,oil_type;oil_capacity,2023|alfaromeo|tonale|turbo2
e459aa7abb486cd861c04be6,2023,Audi,A1,Turbo 1,,,WL7503,,consolidated:full_oil_filter_workbook,"{""napa_gold_filter"":""7503"",""source_status"":""UNVERIFIED_OIL_SERVICE_DATA — Engine Oil: no validated continuity source; Oil Capacity: no validated continuity source; Oil Plug Torque: no validated continuity source. WIX official application matched; NAPA Gold cross-reference derived from WIX/NAPA convention; STP cross-reference not verified."",""verification_status"":""unverified"",""source_files"":""fulloilandfilter2022to2027;release_2022_2027_final_audit""}",unverified,oil_type;oil_capacity;stp_filter,2023|audi|a1|turbo1
3427b31aa1c43496d71cdd9d,2023,Audi,A3,1.4,,,51348,,consolidated:full_oil_filter_workbook,"{""napa_gold_filter"":""1348"",""stp_filter"":""PH2811"",""source_status"":""UNVERIFIED_OIL_SERVICE_DATA — Engine Oil: no validated continuity source; Oil Capacity: no validated continuity source; Oil Plug Torque: no validated continuity source. WIX official application matched; NAPA Gold cross-reference derived from WIX/NAPA convention; STP product-level cross-reference validated."",""verification_status"":""unverified"",""source_files"":""fulloilandfilter2022to2027;release_2022_2027_final_audit""}",unverified,oil_type;oil_capacity,2023|audi|a3|14
1fc927bea566957f2864453a,2023,Audi,A3,Turbo 2,,,WL10396,,consolidated:full_oil_filter_workbook,"{""napa_gold_filter"":""10396"",""stp_filter"":""S11784 / S11784XL"",""source_status"":""UNVERIFIED_OIL_SERVICE_DATA — Engine Oil: no validated continuity source; Oil Capacity: no validated continuity source; Oil Plug Torque: no validated continuity source. WIX official application matched; NAPA Gold cross-reference derived from WIX/NAPA convention; STP product-level cross-reference validated."",""verification_status"":""unverified"",""source_files"":""fulloilandfilter2022to2027;release_2022_2027_final_audit""}",unverified,oil_type;oil_capacity,2023|audi|a3|turbo2
c1490ed141baa90b350c53b1,2023,Audi,A4,Turbo 2,,,WL10396,,consolidated:full_oil_filter_workbook,"{""napa_gold_filter"":""10396"",""stp_filter"":""S11784 / S11784XL"",""source_status"":""ENGINE_FILTER_FAMILY_CONTINUITY — Engine Oil: 1/1 same engine/filter family; Oil Capacity: 1/1 same engine/filter family; Oil Plug Torque: 1/1 same engine/filter family. WIX official application matched; NAPA Gold cross-reference derived from WIX/NAPA convention; STP product-level cross-reference validated."",""verification_status"":""incomplete"",""source_files"":""fulloilandfilter2022to2027;release_2022_2027_final_audit""}",incomplete,oil_type;oil_capacity,2023|audi|a4|turbo2
4f27fad9336e7169472dea32,2023,Audi,A4 Quattro,Turbo 2,,,WL10396,,consolidated:full_oil_filter_workbook,"{""napa_gold_filter"":""10396"",""stp_filter"":""S11784 / S11784XL"",""source_status"":""ENGINE_FILTER_FAMILY_CONTINUITY — Engine Oil: 2/2 same engine/filter family; Oil Capacity: 2/2 same engine/filter family; Oil Plug Torque: 2/2 same engine/filter family. WIX official application matched; NAPA Gold cross-reference derived from WIX/NAPA convention; STP product-level cross-reference validated."",""verification_status"":""incomplete"",""source_files"":""fulloilandfilter2022to2027;release_2022_2027_final_audit""}",incomplete,oil_type;oil_capacity,2023|audi|a4quattro|turbo2
7646f1ef4d0e9e91b3c649e0,2023,Audi,A4 allroad,Turbo 2,,,WL10396,,consolidated:full_oil_filter_workbook,"{""napa_gold_filter"":""10396"",""stp_filter"":""S11784 / S11784XL"",""source_status"":""ENGINE_FILTER_FAMILY_CONTINUITY — Engine Oil: 3/3 same engine/filter family; Oil Capacity: 3/3 same engine/filter family; Oil Plug Torque: 3/3 same engine/filter family. WIX official application matched; NAPA Gold cross-reference derived from WIX/NAPA convention; STP product-level cross-reference validated."",""verification_status"":""incomplete"",""source_files"":""fulloilandfilter2022to2027;release_2022_2027_final_audit""}",incomplete,oil_type;oil_capacity,2023|audi|a4allroad|turbo2
a2c54719f1f13bc45ef87fd0,2023,Audi,A5,Turbo 2,,,WL10396,,consolidated:full_oil_filter_workbook,"{""napa_gold_filter"":""10396"",""stp_filter"":""S11784 / S11784XL"",""source_status"":""ENGINE_FILTER_FAMILY_CONTINUITY — Engine Oil: 4/4 same engine/filter family; Oil Capacity: 4/4 same engine/filter family; Oil Plug Torque: 4/4 same engine/filter family. WIX official application matched; NAPA Gold cross-reference derived from WIX/NAPA convention; STP product-level cross-reference validated."",""verification_status"":""incomplete"",""source_files"":""fulloilandfilter2022to2027;release_2022_2027_final_audit""}",incomplete,oil_type;oil_capacity,2023|audi|a5|turbo2
2eb0b4bf804b72fb941328b3,2023,Audi,A5 Quattro,Turbo 2,,,WL10396,,consolidated:full_oil_filter_workbook,"{""napa_gold_filter"":""10396"",""stp_filter"":""S11784 / S11784XL"",""source_status"":""ENGINE_FILTER_FAMILY_CONTINUITY — Engine Oil: 5/5 same engine/filter family; Oil Capacity: 5/5 same engine/filter family; Oil Plug Torque: 5/5 same engine/filter family. WIX official application matched; NAPA Gold cross-reference derived from WIX/NAPA convention; STP product-level cross-reference validated."",""verification_status"":""incomplete"",""source_files"":""fulloilandfilter2022to2027;release_2022_2027_final_audit""}",incomplete,oil_type;oil_capacity,2023|audi|a5quattro|turbo2
aa431ec9c03f424ccd814047,2023,Audi,A5 Sportback,Turbo 2,,,WL10396,,consolidated:full_oil_filter_workbook,"{""napa_gold_filter"":""10396"",""stp_filter"":""S11784 / S11784XL"",""source_status"":""ENGINE_FILTER_FAMILY_CONTINUITY — Engine Oil: 6/6 same engine/filter family; Oil Capacity: 6/6 same engine/filter family; Oil Plug Torque: 6/6 same engine/filter family. WIX official application matched; NAPA Gold cross-reference derived from WIX/NAPA convention; STP product-level cross-reference validated."",""verification_status"":""incomplete"",""source_files"":""fulloilandfilter2022to2027;release_2022_2027_final_audit""}",incomplete,oil_type;oil_capacity,2023|audi|a5sportback|turbo2
c5594f5fb0001aaca28e4f38,2023,Audi,A6,Hybrid 2,,,WL10396,,consolidated:full_oil_filter_workbook,"{""napa_gold_filter"":""10396"",""stp_filter"":""S11784 / S11784XL"",""source_status"":""UNVERIFIED_OIL_SERVICE_DATA — Engine Oil: no validated continuity source; Oil Capacity: no validated continuity source; Oil Plug Torque: no validated continuity source. WIX official application matched; NAPA Gold cross-reference derived from WIX/NAPA convention; STP product-level cross-reference validated."",""verification_status"":""unverified"",""source_files"":""fulloilandfilter2022to2027;release_2022_2027_final_audit""}",unverified,oil_type;oil_capacity,2023|audi|a6|hybrid2
6f9f0c3a80c42d1f97a5c5cd,2023,Audi,A6 Allroad,Turbo 3,,,WL10438,,consolidated:full_oil_filter_workbook,"{""napa_gold_filter"":""10438"",""stp_filter"":""S45005 / S45005XL"",""source_status"":""UNVERIFIED_OIL_SERVICE_DATA — Engine Oil: no validated continuity source; Oil Capacity: no validated continuity source; Oil Plug Torque: no validated continuity source. WIX official application matched; NAPA Gold cross-reference derived from WIX/NAPA convention; STP product-level cross-reference validated."",""verification_status"":""unverified"",""source_files"":""fulloilandfilter2022to2027;release_2022_2027_final_audit""}",unverified,oil_type;oil_capacity,2023|audi|a6allroad|turbo3
ea8cc1299f1e7470d76cdaf3,2023,Audi,A6 Quattro,Turbo 2,,,WL10396,,consolidated:full_oil_filter_workbook,"{""napa_gold_filter"":""10396"",""stp_filter"":""S11784 / S11784XL"",""source_status"":""ENGINE_FILTER_FAMILY_CONTINUITY — Engine Oil: 7/7 same engine/filter family; Oil Capacity: 7/7 same engine/filter family; Oil Plug Torque: 7/7 same engine/filter family. WIX official application matched; NAPA Gold cross-reference derived from WIX/NAPA convention; STP product-level cross-reference validated."",""verification_status"":""incomplete"",""source_files"":""fulloilandfilter2022to2027;release_2022_2027_final_audit""}",incomplete,oil_type;oil_capacity,2023|audi|a6quattro|turbo2
d17cc15ae0522357ca942430,2023,Audi,A6 Quattro,Turbo 3,,,WL10438,,consolidated:full_oil_filter_workbook,"{""napa_gold_filter"":""10438"",""stp_filter"":""S45005 / S45005XL"",""source_status"":""ENGINE_FILTER_FAMILY_CONTINUITY — Engine Oil: 1/1 same engine/filter family; Oil Capacity: 1/1 same engine/filter family; Oil Plug Torque: 1/1 same engine/filter family. WIX official application matched; NAPA Gold cross-reference derived from WIX/NAPA convention; STP product-level cross-reference validated."",""verification_status"":""incomplete"",""source_files"":""fulloilandfilter2022to2027;release_2022_2027_final_audit""}",incomplete,oil_type;oil_capacity,2023|audi|a6quattro|turbo3
6ce5e39924c202be7fc2348e,2023,Audi,A7,Turbo 3,,,WL10438,,consolidated:full_oil_filter_workbook,"{""napa_gold_filter"":""10438"",""stp_filter"":""S45005 / S45005XL"",""source_status"":""ENGINE_FILTER_FAMILY_CONTINUITY — Engine Oil: 2/2 same engine/filter family; Oil Capacity: 2/2 same engine/filter family; Oil Plug Torque: 2/2 same engine/filter family. WIX official application matched; NAPA Gold cross-reference derived from WIX/NAPA convention; STP product-level cross-reference validated."",""verification_status"":""incomplete"",""source_files"":""fulloilandfilter2022to2027;release_2022_2027_final_audit""}",incomplete,oil_type;oil_capacity,2023|audi|a7|turbo3
d1db6688b6b098a86840add2,2023,Audi,A7 Sportback e Plug-in Hybrid quattro,Turbo 2,,,WL10396,,consolidated:full_oil_filter_workbook,"{""napa_gold_filter"":""10396"",""stp_filter"":""S11784 / S11784XL"",""source_status"":""ENGINE_FILTER_FAMILY_CONTINUITY — Engine Oil: 8/8 same engine/filter family; Oil Capacity: 8/8 same engine/filter family; Oil Plug Torque: 8/8 same engine/filter family. WIX official application matched; NAPA Gold cross-reference derived from WIX/NAPA convention; STP product-level cross-reference validated."",""verification_status"":""incomplete"",""source_files"":""fulloilandfilter2022to2027;release_2022_2027_final_audit""}",incomplete,oil_type;oil_capacity,2023|audi|a7sportbackepluginhybridquattro|turbo2
c83573d1dc4e87aeb5998eb4,2023,Audi,A8,Turbo 3,,,WL10438,,consolidated:full_oil_filter_workbook,"{""napa_gold_filter"":""10438"",""stp_filter"":""S45005 / S45005XL"",""source_status"":""ENGINE_FILTER_FAMILY_CONTINUITY — Engine Oil: 3/3 same engine/filter family; Oil Capacity: 3/3 same engine/filter family; Oil Plug Torque: 3/3 same engine/filter family. WIX official application matched; NAPA Gold cross-reference derived from WIX/NAPA convention; STP product-level cross-reference validated."",""verification_status"":""incomplete"",""source_files"":""fulloilandfilter2022to2027;release_2022_2027_final_audit""}",incomplete,oil_type;oil_capacity,2023|audi|a8|turbo3
ff42d89d48f1e823916ff735,2023,Audi,A8,Turbo 4,,,WL10438,,consolidated:full_oil_filter_workbook,"{""napa_gold_filter"":""10438"",""stp_filter"":""S45005 / S45005XL"",""source_status"":""UNVERIFIED_OIL_SERVICE_DATA — Engine Oil: no validated continuity source; Oil Capacity: no validated continuity source; Oil Plug Torque: no validated continuity source. WIX official application matched; NAPA Gold cross-reference derived from WIX/NAPA convention; STP product-level cross-reference validated."",""verification_status"":""unverified"",""source_files"":""fulloilandfilter2022to2027;release_2022_2027_final_audit""}",unverified,oil_type;oil_capacity,2023|audi|a8|turbo4
7beb5df0679b840e3b6f320b,2023,Audi,Q2,1.4,,,51348,,consolidated:full_oil_filter_workbook,"{""napa_gold_filter"":""1348"",""stp_filter"":""PH2811"",""source_status"":""ENGINE_FILTER_FAMILY_CONTINUITY — Engine Oil: 1/1 same engine/filter family; Oil Capacity: 1/1 same engine/filter family; Oil Plug Torque: 1/1 same engine/filter family. WIX official application matched; NAPA Gold cross-reference derived from WIX/NAPA convention; STP product-level cross-reference validated."",""verification_status"":""incomplete"",""source_files"":""fulloilandfilter2022to2027;release_2022_2027_final_audit""}",incomplete,oil_type;oil_capacity,2023|audi|q2|14
7e3387b90713abeae254794a,2023,Audi,Q3,1.4,,,51348,,consolidated:full_oil_filter_workbook,"{""napa_gold_filter"":""1348"",""stp_filter"":""PH2811"",""source_status"":""ENGINE_FILTER_FAMILY_CONTINUITY — Engine Oil: 2/2 same engine/filter family; Oil Capacity: 2/2 same engine/filter family; Oil Plug Torque: 2/2 same engine/filter family. WIX official application matched; NAPA Gold cross-reference derived from WIX/NAPA convention; STP product-level cross-reference validated."",""verification_status"":""incomplete"",""source_files"":""fulloilandfilter2022to2027;release_2022_2027_final_audit""}",incomplete,oil_type;oil_capacity,2023|audi|q3|14
f983f34958e315e91822ab14,2023,Audi,Q3,Turbo 2,,,WL10396,,consolidated:full_oil_filter_workbook,"{""napa_gold_filter"":""10396"",""stp_filter"":""S11784 / S11784XL"",""source_status"":""ENGINE_FILTER_FAMILY_CONTINUITY — Engine Oil: 9/9 same engine/filter family; Oil Capacity: 9/9 same engine/filter family; Oil Plug Torque: 9/9 same engine/filter family. WIX official application matched; NAPA Gold cross-reference derived from WIX/NAPA convention; STP product-level cross-reference validated."",""verification_status"":""incomplete"",""source_files"":""fulloilandfilter2022to2027;release_2022_2027_final_audit""}",incomplete,oil_type;oil_capacity,2023|audi|q3|turbo2
64c06245b7bc5d091603469a,2023,Audi,Q3 Quattro,Turbo 2,,,WL10396,,consolidated:full_oil_filter_workbook,"{""napa_gold_filter"":""10396"",""stp_filter"":""S11784 / S11784XL"",""source_status"":""ENGINE_FILTER_FAMILY_CONTINUITY — Engine Oil: 10/10 same engine/filter family; Oil Capacity: 10/10 same engine/filter family; Oil Plug Torque: 10/10 same engine/filter family. WIX official application matched; NAPA Gold cross-reference derived from WIX/NAPA convention; STP product-level cross-reference validated."",""verification_status"":""incomplete"",""source_files"":""fulloilandfilter2022to2027;release_2022_2027_final_audit""}",incomplete,oil_type;oil_capacity,2023|audi|q3quattro|turbo2
609151c195ce1e29f7d672e9,2023,Audi,Q5,Turbo 2,,,WL10396,,consolidated:full_oil_filter_workbook,"{""napa_gold_filter"":""10396"",""stp_filter"":""S11784 / S11784XL"",""source_status"":""ENGINE_FILTER_FAMILY_CONTINUITY — Engine Oil: 11/11 same engine/filter family; Oil Capacity: 11/11 same engine/filter family; Oil Plug Torque: 11/11 same engine/filter family. WIX official application matched; NAPA Gold cross-reference derived from WIX/NAPA convention; STP product-level cross-reference validated."",""verification_status"":""incomplete"",""source_files"":""fulloilandfilter2022to2027;release_2022_2027_final_audit""}",incomplete,oil_type;oil_capacity,2023|audi|q5|turbo2
e1625b3e0c5703b63a38f2fc,2023,Audi,Q5 Phev,Turbo 2,,,WL10396,,consolidated:full_oil_filter_workbook,"{""napa_gold_filter"":""10396"",""stp_filter"":""S11784 / S11784XL"",""source_status"":""ENGINE_FILTER_FAMILY_CONTINUITY — Engine Oil: 12/12 same engine/filter family; Oil Capacity: 12/12 same engine/filter family; Oil Plug Torque: 12/12 same engine/filter family. WIX official application matched; NAPA Gold cross-reference derived from WIX/NAPA convention; STP product-level cross-reference validated."",""verification_status"":""incomplete"",""source_files"":""fulloilandfilter2022to2027;release_2022_2027_final_audit""}",incomplete,oil_type;oil_capacity,2023|audi|q5phev|turbo2
202a995ec67c3223028aaefb,2023,Audi,Q5 Sportback,Turbo 2,,,WL10396,,consolidated:full_oil_filter_workbook,"{""napa_gold_filter"":""10396"",""stp_filter"":""S11784 / S11784XL"",""source_status"":""ENGINE_FILTER_FAMILY_CONTINUITY — Engine Oil: 13/13 same engine/filter family; Oil Capacity: 13/13 same engine/filter family; Oil Plug Torque: 13/13 same engine/filter family. WIX official application matched; NAPA Gold cross-reference derived from WIX/NAPA convention; STP product-level cross-reference validated."",""verification_status"":""incomplete"",""source_files"":""fulloilandfilter2022to2027;release_2022_2027_final_audit""}",incomplete,oil_type;oil_capacity,2023|audi|q5sportback|turbo2
82281b60edad0c22c9506031,2023,Audi,Q7,Turbo 2,,,WL10396,,consolidated:full_oil_filter_workbook,"{""napa_gold_filter"":""10396"",""stp_filter"":""S11784 / S11784XL"",""source_status"":""ENGINE_FILTER_FAMILY_CONTINUITY — Engine Oil: 14/14 same engine/filter family; Oil Capacity: 14/14 same engine/filter family; Oil Plug Torque: 14/14 same engine/filter family. WIX official application matched; NAPA Gold cross-reference derived from WIX/NAPA convention; STP product-level cross-reference validated."",""verification_status"":""incomplete"",""source_files"":""fulloilandfilter2022to2027;release_2022_2027_final_audit""}",incomplete,oil_type;oil_capacity,2023|audi|q7|turbo2
b02d8738b459ab1d7f2b9b6d,2023,Audi,Q7,Turbo 3,,,WL10438,,consolidated:full_oil_filter_workbook,"{""napa_gold_filter"":""10438"",""stp_filter"":""S45005 / S45005XL"",""source_status"":""ENGINE_FILTER_FAMILY_CONTINUITY — Engine Oil: 4/4 same engine/filter family; Oil Capacity: 4/4 same engine/filter family; Oil Plug Torque: 4/4 same engine/filter family. WIX official application matched; NAPA Gold cross-reference derived from WIX/NAPA convention; STP product-level cross-reference validated."",""verification_status"":""incomplete"",""source_files"":""fulloilandfilter2022to2027;release_2022_2027_final_audit""}",incomplete,oil_type;oil_capacity,2023|audi|q7|turbo3
2c75211659b8715993d6f66a,2023,Audi,Q8,Turbo 3,,,WL10438,,consolidated:full_oil_filter_workbook,"{""napa_gold_filter"":""10438"",""stp_filter"":""S45005 / S45005XL"",""source_status"":""ENGINE_FILTER_FAMILY_CONTINUITY — Engine Oil: 5/5 same engine/filter family; Oil Capacity: 5/5 same engine/filter family; Oil Plug Torque: 5/5 same engine/filter family. WIX official application matched; NAPA Gold cross-reference derived from WIX/NAPA convention; STP product-level cross-reference validated."",""verification_status"":""incomplete"",""source_files"":""fulloilandfilter2022to2027;release_2022_2027_final_audit""}",incomplete,oil_type;oil_capacity,2023|audi|q8|turbo3
34bdade334e98107c9beeb12,2023,Audi,Rs Q3,Turbo 2.5,0W-30,,57187,,consolidated:full_oil_filter_workbook,"{""oil_plug_torque"":""18 ft. lbs."",""napa_gold_filter"":""7187"",""stp_filter"":""S9911"",""source_status"":""ENGINE_FILTER_FAMILY_CONTINUITY — Engine Oil: 2/2 same engine/filter family; Oil Capacity: 2/3 same engine/filter family; Oil Plug Torque: 2/2 same engine/filter family. WIX official application matched; NAPA Gold cross-reference derived from WIX/NAPA convention; STP product-level cross-reference validated."",""verification_status"":""incomplete"",""source_files"":""fulloilandfilter2022to2027;release_2022_2027_final_audit""}",incomplete,oil_capacity,2023|audi|rsq3|turbo25
e00ba701f8e4978577bc923b,2023,Audi,Rs Q8,Turbo 4,,,WL10438,,consolidated:full_oil_filter_workbook,"{""napa_gold_filter"":""10438"",""stp_filter"":""S45005 / S45005XL"",""source_status"":""ENGINE_FILTER_FAMILY_CONTINUITY — Engine Oil: 1/1 same engine/filter family; Oil Capacity: 1/1 same engine/filter family; Oil Plug Torque: 1/1 same engine/filter family. WIX official application matched; NAPA Gold cross-reference derived from WIX/NAPA convention; STP product-level cross-reference validated."",""verification_status"":""incomplete"",""source_files"":""fulloilandfilter2022to2027;release_2022_2027_final_audit""}",incomplete,oil_type;oil_capacity,2023|audi|rsq8|turbo4
e840f49bd932a333856337c3,2023,Audi,Rs6,Turbo 4,,,WL10438,,consolidated:full_oil_filter_workbook,"{""napa_gold_filter"":""10438"",""stp_filter"":""S45005 / S45005XL"",""source_status"":""ENGINE_FILTER_FAMILY_CONTINUITY — Engine Oil: 2/2 same engine/filter family; Oil Capacity: 2/2 same engine/filter family; Oil Plug Torque: 2/2 same engine/filter family. WIX official application matched; NAPA Gold cross-reference derived from WIX/NAPA convention; STP product-level cross-reference validated."",""verification_status"":""incomplete"",""source_files"":""fulloilandfilter2022to2027;release_2022_2027_final_audit""}",incomplete,oil_type;oil_capacity,2023|audi|rs6|turbo4
606e7ebcb925d3e203bc6fff,2023,Audi,Rs7,Turbo 4,,,WL10438,,consolidated:full_oil_filter_workbook,"{""napa_gold_filter"":""10438"",""stp_filter"":""S45005 / S45005XL"",""source_status"":""ENGINE_FILTER_FAMILY_CONTINUITY — Engine Oil: 3/3 same engine/filter family; Oil Capacity: 3/3 same engine/filter family; Oil Plug Torque: 3/3 same engine/filter family. WIX official application matched; NAPA Gold cross-reference derived from WIX/NAPA convention; STP product-level cross-reference validated."",""verification_status"":""incomplete"",""source_files"":""fulloilandfilter2022to2027;release_2022_2027_final_audit""}",incomplete,oil_type;oil_capacity,2023|audi|rs7|turbo4
292d1efaab81c2a52d0425f8,2023,Audi,S3,Turbo 2,,,WL10396,,consolidated:full_oil_filter_workbook,"{""napa_gold_filter"":""10396"",""stp_filter"":""S11784 / S11784XL"",""source_status"":""ENGINE_FILTER_FAMILY_CONTINUITY — Engine Oil: 15/15 same engine/filter family; Oil Capacity: 15/15 same engine/filter family; Oil Plug Torque: 15/15 same engine/filter family. WIX official application matched; NAPA Gold cross-reference derived from WIX/NAPA convention; STP product-level cross-reference validated."",""verification_status"":""incomplete"",""source_files"":""fulloilandfilter2022to2027;release_2022_2027_final_audit""}",incomplete,oil_type;oil_capacity,2023|audi|s3|turbo2
c20cc27731324d9da80fab25,2023,Audi,S4,Turbo 3,,,WL10438,,consolidated:full_oil_filter_workbook,"{""napa_gold_filter"":""10438"",""stp_filter"":""S45005 / S45005XL"",""source_status"":""ENGINE_FILTER_FAMILY_CONTINUITY — Engine Oil: 6/6 same engine/filter family; Oil Capacity: 6/6 same engine/filter family; Oil Plug Torque: 6/6 same engine/filter family. WIX official application matched; NAPA Gold cross-reference derived from WIX/NAPA convention; STP product-level cross-reference validated."",""verification_status"":""incomplete"",""source_files"":""fulloilandfilter2022to2027;release_2022_2027_final_audit""}",incomplete,oil_type;oil_capacity,2023|audi|s4|turbo3
12a5ba727beade1c587470b7,2023,Audi,S5,Turbo 3,,,WL10438,,consolidated:full_oil_filter_workbook,"{""napa_gold_filter"":""10438"",""stp_filter"":""S45005 / S45005XL"",""source_status"":""ENGINE_FILTER_FAMILY_CONTINUITY — Engine Oil: 7/7 same engine/filter family; Oil Capacity: 7/7 same engine/filter family; Oil Plug Torque: 7/7 same engine/filter family. WIX official application matched; NAPA Gold cross-reference derived from WIX/NAPA convention; STP product-level cross-reference validated."",""verification_status"":""incomplete"",""source_files"":""fulloilandfilter2022to2027;release_2022_2027_final_audit""}",incomplete,oil_type;oil_capacity,2023|audi|s5|turbo3
202ae46395756a91a16e1837,2023,Audi,S5 Sportback,3,,,WL10438,,consolidated:full_oil_filter_workbook,"{""napa_gold_filter"":""10438"",""stp_filter"":""S45005 / S45005XL"",""source_status"":""UNVERIFIED_OIL_SERVICE_DATA — Engine Oil: no validated continuity source; Oil Capacity: no validated continuity source; Oil Plug Torque: no validated continuity source. WIX official application matched; NAPA Gold cross-reference derived from WIX/NAPA convention; STP product-level cross-reference validated."",""verification_status"":""unverified"",""source_files"":""fulloilandfilter2022to2027;release_2022_2027_final_audit""}",unverified,oil_type;oil_capacity,2023|audi|s5sportback|3
2990d93d8217d36a2b4ba8fd,2023,Audi,S8,Turbo 4,,,WL10438,,consolidated:full_oil_filter_workbook,"{""napa_gold_filter"":""10438"",""stp_filter"":""S45005 / S45005XL"",""source_status"":""ENGINE_FILTER_FAMILY_CONTINUITY — Engine Oil: 4/4 same engine/filter family; Oil Capacity: 4/4 same engine/filter family; Oil Plug Torque: 4/4 same engine/filter family. WIX official application matched; NAPA Gold cross-reference derived from WIX/NAPA convention; STP product-level cross-reference validated."",""verification_status"":""incomplete"",""source_files"":""fulloilandfilter2022to2027;release_2022_2027_final_audit""}",incomplete,oil_type;oil_capacity,2023|audi|s8|turbo4
ff9e0d6dd60e2f8032a02074,2023,Audi,SQ5 Sportback,Turbo 3,,,WL10438,,consolidated:full_oil_filter_workbook,"{""napa_gold_filter"":""10438"",""stp_filter"":""S45005 / S45005XL"",""source_status"":""ENGINE_FILTER_FAMILY_CONTINUITY — Engine Oil: 8/8 same engine/filter family; Oil Capacity: 8/8 same engine/filter family; Oil Plug Torque: 8/8 same engine/filter family. WIX official application matched; NAPA Gold cross-reference derived from WIX/NAPA convention; STP product-level cross-reference validated."",""verification_status"":""incomplete"",""source_files"":""fulloilandfilter2022to2027;release_2022_2027_final_audit""}",incomplete,oil_type;oil_capacity,2023|audi|sq5sportback|turbo3
420d3eb8acda41894704fda7,2023,Audi,Sq5,Turbo 3,,,WL10438,,consolidated:full_oil_filter_workbook,"{""napa_gold_filter"":""10438"",""stp_filter"":""S45005 / S45005XL"",""source_status"":""ENGINE_FILTER_FAMILY_CONTINUITY — Engine Oil: 9/9 same engine/filter family; Oil Capacity: 9/9 same engine/filter family; Oil Plug Torque: 9/9 same engine/filter family. WIX official application matched; NAPA Gold cross-reference derived from WIX/NAPA convention; STP product-level cross-reference validated."",""verification_status"":""incomplete"",""source_files"":""fulloilandfilter2022to2027;release_2022_2027_final_audit""}",incomplete,oil_type;oil_capacity,2023|audi|sq5|turbo3
adc93a70da20288e50000b40,2023,Audi,Sq7,Turbo 4,,,WL10438,,consolidated:full_oil_filter_workbook,"{""napa_gold_filter"":""10438"",""stp_filter"":""S45005 / S45005XL"",""source_status"":""ENGINE_FILTER_FAMILY_CONTINUITY — Engine Oil: 5/5 same engine/filter family; Oil Capacity: 5/5 same engine/filter family; Oil Plug Torque: 5/5 same engine/filter family. WIX official application matched; NAPA Gold cross-reference derived from WIX/NAPA convention; STP product-level cross-reference validated."",""verification_status"":""incomplete"",""source_files"":""fulloilandfilter2022to2027;release_2022_2027_final_audit""}",incomplete,oil_type;oil_capacity,2023|audi|sq7|turbo4
7c9b48842f926da32336c47b,2023,Audi,Sq8,Turbo 4,,,WL10438,,consolidated:full_oil_filter_workbook,"{""napa_gold_filter"":""10438"",""stp_filter"":""S45005 / S45005XL"",""source_status"":""ENGINE_FILTER_FAMILY_CONTINUITY — Engine Oil: 6/6 same engine/filter family; Oil Capacity: 6/6 same engine/filter family; Oil Plug Torque: 6/6 same engine/filter family. WIX official application matched; NAPA Gold cross-reference derived from WIX/NAPA convention; STP product-level cross-reference validated."",""verification_status"":""incomplete"",""source_files"":""fulloilandfilter2022to2027;release_2022_2027_final_audit""}",incomplete,oil_type;oil_capacity,2023|audi|sq8|turbo4
27c257b971542d997671d5a7,2023,Audi,Tt Quattro,Turbo 2,,,WL10396,,consolidated:full_oil_filter_workbook,"{""napa_gold_filter"":""10396"",""stp_filter"":""S11784 / S11784XL"",""source_status"":""ENGINE_FILTER_FAMILY_CONTINUITY — Engine Oil: 16/16 same engine/filter family; Oil Capacity: 16/16 same engine/filter family; Oil Plug Torque: 16/16 same engine/filter family. WIX official application matched; NAPA Gold cross-reference derived from WIX/NAPA convention; STP product-level cross-reference validated."",""verification_status"":""incomplete"",""source_files"":""fulloilandfilter2022to2027;release_2022_2027_final_audit""}",incomplete,oil_type;oil_capacity,2023|audi|ttquattro|turbo2
c7b122eef58892a22d98f4e3,2023,Audi,Tts Coupe,Turbo 2,,,WL10396,,consolidated:full_oil_filter_workbook,"{""napa_gold_filter"":""10396"",""stp_filter"":""S11784 / S11784XL"",""source_status"":""ENGINE_FILTER_FAMILY_CONTINUITY — Engine Oil: 17/17 same engine/filter family; Oil Capacity: 17/17 same engine/filter family; Oil Plug Torque: 17/17 same engine/filter family. WIX official application matched; NAPA Gold cross-reference derived from WIX/NAPA convention; STP product-level cross-reference validated."",""verification_status"":""incomplete"",""source_files"":""fulloilandfilter2022to2027;release_2022_2027_final_audit""}",incomplete,oil_type;oil_capacity,2023|audi|ttscoupe|turbo2
2cce7090ef62f4117c620041,2023,BMW,118i,1.5,,,WL10518,,consolidated:full_oil_filter_workbook,"{""napa_gold_filter"":""10518"",""stp_filter"":""S45018"",""source_status"":""UNVERIFIED_OIL_SERVICE_DATA — Engine Oil: no validated continuity source; Oil Capacity: no validated continuity source; Oil Plug Torque: no validated continuity source. WIX official application matched; NAPA Gold cross-reference derived from WIX/NAPA convention; STP product-level cross-reference validated."",""verification_status"":""unverified"",""source_files"":""fulloilandfilter2022to2027;release_2022_2027_final_audit""}",unverified,oil_type;oil_capacity,2023|bmw|118i|15
fd58ef05218024b25352f76c,2023,BMW,128ti,Turbo 2,,,WL10518,,consolidated:full_oil_filter_workbook,"{""napa_gold_filter"":""10518"",""stp_filter"":""S45018"",""source_status"":""UNVERIFIED_OIL_SERVICE_DATA — Engine Oil: no validated continuity source; Oil Capacity: no validated continuity source; Oil Plug Torque: no validated continuity source. WIX official application matched; NAPA Gold cross-reference derived from WIX/NAPA convention; STP product-level cross-reference validated."",""verification_status"":""unverified"",""source_files"":""fulloilandfilter2022to2027;release_2022_2027_final_audit""}",unverified,oil_type;oil_capacity,2023|bmw|128ti|turbo2
7f37ab18681f3c4ee8770b35,2023,BMW,220I,Turbo 2,,,WL10518,,consolidated:full_oil_filter_workbook,"{""napa_gold_filter"":""10518"",""stp_filter"":""S45018"",""source_status"":""ENGINE_FILTER_FAMILY_CONTINUITY — Engine Oil: 1/1 same engine/filter family; Oil Capacity: 1/1 same engine/filter family; Oil Plug Torque: 1/1 same engine/filter family. WIX official application matched; NAPA Gold cross-reference derived from WIX/NAPA convention; STP product-level cross-reference validated."",""verification_status"":""incomplete"",""source_files"":""fulloilandfilter2022to2027;release_2022_2027_final_audit""}",incomplete,oil_type;oil_capacity,2023|bmw|220i|turbo2
9c8ff57488c4ea181d5af7bc,2023,BMW,220i GRAND COUPE,Turbo 2,,,WL10518,,consolidated:full_oil_filter_workbook,"{""napa_gold_filter"":""10518"",""stp_filter"":""S45018"",""source_status"":""ENGINE_FILTER_FAMILY_CONTINUITY — Engine Oil: 2/2 same engine/filter family; Oil Capacity: 2/2 same engine/filter family; Oil Plug Torque: 2/2 same engine/filter family. WIX official application matched; NAPA Gold cross-reference derived from WIX/NAPA convention; STP product-level cross-reference validated."",""verification_status"":""incomplete"",""source_files"":""fulloilandfilter2022to2027;release_2022_2027_final_audit""}",incomplete,oil_type;oil_capacity,2023|bmw|220igrandcoupe|turbo2
f9f274f41c9dc79e470e5590,2023,BMW,228i Gran Coupe,Turbo 2,,,WL10518,,consolidated:full_oil_filter_workbook,"{""napa_gold_filter"":""10518"",""stp_filter"":""S45018"",""source_status"":""ENGINE_FILTER_FAMILY_CONTINUITY — Engine Oil: 3/3 same engine/filter family; Oil Capacity: 3/3 same engine/filter family; Oil Plug Torque: 3/3 same engine/filter family. WIX official application matched; NAPA Gold cross-reference derived from WIX/NAPA convention; STP product-level cross-reference validated."",""verification_status"":""incomplete"",""source_files"":""fulloilandfilter2022to2027;release_2022_2027_final_audit""}",incomplete,oil_type;oil_capacity,2023|bmw|228igrancoupe|turbo2
20cefdfaa533b6adf293ffb9,2023,BMW,228i xDrive Gran Coupe,Turbo 2,,,WL10518,,consolidated:full_oil_filter_workbook,"{""napa_gold_filter"":""10518"",""stp_filter"":""S45018"",""source_status"":""ENGINE_FILTER_FAMILY_CONTINUITY — Engine Oil: 4/4 same engine/filter family; Oil Capacity: 4/4 same engine/filter family; Oil Plug Torque: 4/4 same engine/filter family. WIX official application matched; NAPA Gold cross-reference derived from WIX/NAPA convention; STP product-level cross-reference validated."",""verification_status"":""incomplete"",""source_files"":""fulloilandfilter2022to2027;release_2022_2027_final_audit""}",incomplete,oil_type;oil_capacity,2023|bmw|228ixdrivegrancoupe|turbo2
4054b03d2ba1a416a455ce57,2023,BMW,230i,Turbo 2,,,WL10358,,consolidated:full_oil_filter_workbook,"{""napa_gold_filter"":""10358"",""stp_filter"":""S45014 / S45014XL"",""source_status"":""UNVERIFIED_OIL_SERVICE_DATA — Engine Oil: no validated continuity source; Oil Capacity: no validated continuity source; Oil Plug Torque: no validated continuity source. WIX official application matched; NAPA Gold cross-reference derived from WIX/NAPA convention; STP product-level cross-reference validated."",""verification_status"":""unverified"",""source_files"":""fulloilandfilter2022to2027;release_2022_2027_final_audit""}",unverified,oil_type;oil_capacity,2023|bmw|230i|turbo2
a62cd7780a33902c0e36ca8d,2023,BMW,230i xDrive,Turbo 2,,,WL10358,,consolidated:full_oil_filter_workbook,"{""napa_gold_filter"":""10358"",""stp_filter"":""S45014 / S45014XL"",""source_status"":""ENGINE_FILTER_FAMILY_CONTINUITY — Engine Oil: 1/1 same engine/filter family; Oil Capacity: 1/1 same engine/filter family; Oil Plug Torque: 1/1 same engine/filter family. WIX official application matched; NAPA Gold cross-reference derived from WIX/NAPA convention; STP product-level cross-reference validated."",""verification_status"":""incomplete"",""source_files"":""fulloilandfilter2022to2027;release_2022_2027_final_audit""}",incomplete,oil_type;oil_capacity,2023|bmw|230ixdrive|turbo2
973918b3666f569619a061e8,2023,BMW,320I,Turbo 2,,,WL10358,,consolidated:full_oil_filter_workbook,"{""napa_gold_filter"":""10358"",""stp_filter"":""S45014 / S45014XL"",""source_status"":""ENGINE_FILTER_FAMILY_CONTINUITY — Engine Oil: 2/2 same engine/filter family; Oil Capacity: 2/2 same engine/filter family; Oil Plug Torque: 2/2 same engine/filter family. WIX official application matched; NAPA Gold cross-reference derived from WIX/NAPA convention; STP product-level cross-reference validated."",""verification_status"":""incomplete"",""source_files"":""fulloilandfilter2022to2027;release_2022_2027_final_audit""}",incomplete,oil_type;oil_capacity,2023|bmw|320i|turbo2
519df4dd03197b7dac680d18,2023,BMW,330i,Turbo 2,,,WL10358,,consolidated:full_oil_filter_workbook,"{""napa_gold_filter"":""10358"",""stp_filter"":""S45014 / S45014XL"",""source_status"":""ENGINE_FILTER_FAMILY_CONTINUITY — Engine Oil: 3/3 same engine/filter family; Oil Capacity: 3/3 same engine/filter family; Oil Plug Torque: 3/3 same engine/filter family. WIX official application matched; NAPA Gold cross-reference derived from WIX/NAPA convention; STP product-level cross-reference validated."",""verification_status"":""incomplete"",""source_files"":""fulloilandfilter2022to2027;release_2022_2027_final_audit""}",incomplete,oil_type;oil_capacity,2023|bmw|330i|turbo2
dfa795a383b86004509ff998,2023,BMW,330i xDrive,Turbo 2,,,WL10358,,consolidated:full_oil_filter_workbook,"{""napa_gold_filter"":""10358"",""stp_filter"":""S45014 / S45014XL"",""source_status"":""ENGINE_FILTER_FAMILY_CONTINUITY — Engine Oil: 4/4 same engine/filter family; Oil Capacity: 4/4 same engine/filter family; Oil Plug Torque: 4/4 same engine/filter family. WIX official application matched; NAPA Gold cross-reference derived from WIX/NAPA convention; STP product-level cross-reference validated."",""verification_status"":""incomplete"",""source_files"":""fulloilandfilter2022to2027;release_2022_2027_final_audit""}",incomplete,oil_type;oil_capacity,2023|bmw|330ixdrive|turbo2
4ce471f10ded469b95568c88,2023,BMW,430i,Turbo 2,,,WL10358,,consolidated:full_oil_filter_workbook,"{""napa_gold_filter"":""10358"",""stp_filter"":""S45014 / S45014XL"",""source_status"":""ENGINE_FILTER_FAMILY_CONTINUITY — Engine Oil: 5/5 same engine/filter family; Oil Capacity: 5/5 same engine/filter family; Oil Plug Torque: 5/5 same engine/filter family. WIX official application matched; NAPA Gold cross-reference derived from WIX/NAPA convention; STP product-level cross-reference validated."",""verification_status"":""incomplete"",""source_files"":""fulloilandfilter2022to2027;release_2022_2027_final_audit""}",incomplete,oil_type;oil_capacity,2023|bmw|430i|turbo2
98c246ef44eea32528b0225d,2023,BMW,430i Gran Coupe,Turbo 2,,,WL10358,,consolidated:full_oil_filter_workbook,"{""napa_gold_filter"":""10358"",""stp_filter"":""S45014 / S45014XL"",""source_status"":""ENGINE_FILTER_FAMILY_CONTINUITY — Engine Oil: 6/6 same engine/filter family; Oil Capacity: 6/6 same engine/filter family; Oil Plug Torque: 6/6 same engine/filter family. WIX official application matched; NAPA Gold cross-reference derived from WIX/NAPA convention; STP product-level cross-reference validated."",""verification_status"":""incomplete"",""source_files"":""fulloilandfilter2022to2027;release_2022_2027_final_audit""}",incomplete,oil_type;oil_capacity,2023|bmw|430igrancoupe|turbo2
5058b6302c9ceb967bea683c,2023,BMW,430i xDrive,Turbo 2,,,WL10358,,consolidated:full_oil_filter_workbook,"{""napa_gold_filter"":""10358"",""stp_filter"":""S45014 / S45014XL"",""source_status"":""ENGINE_FILTER_FAMILY_CONTINUITY — Engine Oil: 7/7 same engine/filter family; Oil Capacity: 7/7 same engine/filter family; Oil Plug Torque: 7/7 same engine/filter family. WIX official application matched; NAPA Gold cross-reference derived from WIX/NAPA convention; STP product-level cross-reference validated."",""verification_status"":""incomplete"",""source_files"":""fulloilandfilter2022to2027;release_2022_2027_final_audit""}",incomplete,oil_type;oil_capacity,2023|bmw|430ixdrive|turbo2
432b9158fa4a50de9da099c1,2023,BMW,430i xDrive Gran Coupe,Turbo 2,,,WL10358,,consolidated:full_oil_filter_workbook,"{""napa_gold_filter"":""10358"",""stp_filter"":""S45014 / S45014XL"",""source_status"":""ENGINE_FILTER_FAMILY_CONTINUITY — Engine Oil: 8/8 same engine/filter family; Oil Capacity: 8/8 same engine/filter family; Oil Plug Torque: 8/8 same engine/filter family. WIX official application matched; NAPA Gold cross-reference derived from WIX/NAPA convention; STP product-level cross-reference validated."",""verification_status"":""incomplete"",""source_files"":""fulloilandfilter2022to2027;release_2022_2027_final_audit""}",incomplete,oil_type;oil_capacity,2023|bmw|430ixdrivegrancoupe|turbo2
f1a568362651e3c81960fedb,2023,BMW,530I,Turbo 2,,,WL10358,,consolidated:full_oil_filter_workbook,"{""napa_gold_filter"":""10358"",""stp_filter"":""S45014 / S45014XL"",""source_status"":""ENGINE_FILTER_FAMILY_CONTINUITY — Engine Oil: 9/9 same engine/filter family; Oil Capacity: 9/9 same engine/filter family; Oil Plug Torque: 9/9 same engine/filter family. WIX official application matched; NAPA Gold cross-reference derived from WIX/NAPA convention; STP product-level cross-reference validated."",""verification_status"":""incomplete"",""source_files"":""fulloilandfilter2022to2027;release_2022_2027_final_audit""}",incomplete,oil_type;oil_capacity,2023|bmw|530i|turbo2
ad5855bda6a67b2cc7c12a80,2023,BMW,530e,Turbo 2,,,WL10358,,consolidated:full_oil_filter_workbook,"{""napa_gold_filter"":""10358"",""stp_filter"":""S45014 / S45014XL"",""source_status"":""ENGINE_FILTER_FAMILY_CONTINUITY — Engine Oil: 10/10 same engine/filter family; Oil Capacity: 10/10 same engine/filter family; Oil Plug Torque: 10/10 same engine/filter family. WIX official application matched; NAPA Gold cross-reference derived from WIX/NAPA convention; STP product-level cross-reference validated."",""verification_status"":""incomplete"",""source_files"":""fulloilandfilter2022to2027;release_2022_2027_final_audit""}",incomplete,oil_type;oil_capacity,2023|bmw|530e|turbo2
666edd87b810afeae06afc46,2023,BMW,530e xDrive,Turbo 2,,,WL10358,,consolidated:full_oil_filter_workbook,"{""napa_gold_filter"":""10358"",""stp_filter"":""S45014 / S45014XL"",""source_status"":""ENGINE_FILTER_FAMILY_CONTINUITY — Engine Oil: 11/11 same engine/filter family; Oil Capacity: 11/11 same engine/filter family; Oil Plug Torque: 11/11 same engine/filter family. WIX official application matched; NAPA Gold cross-reference derived from WIX/NAPA convention; STP product-level cross-reference validated."",""verification_status"":""incomplete"",""source_files"":""fulloilandfilter2022to2027;release_2022_2027_final_audit""}",incomplete,oil_type;oil_capacity,2023|bmw|530exdrive|turbo2
7fb7f31b25e8eb6c2f74d9b6,2023,BMW,530i xDrive,Turbo 2,,,WL10358,,consolidated:full_oil_filter_workbook,"{""napa_gold_filter"":""10358"",""stp_filter"":""S45014 / S45014XL"",""source_status"":""ENGINE_FILTER_FAMILY_CONTINUITY — Engine Oil: 12/12 same engine/filter family; Oil Capacity: 12/12 same engine/filter family; Oil Plug Torque: 12/12 same engine/filter family. WIX official application matched; NAPA Gold cross-reference derived from WIX/NAPA convention; STP product-level cross-reference validated."",""verification_status"":""incomplete"",""source_files"":""fulloilandfilter2022to2027;release_2022_2027_final_audit""}",incomplete,oil_type;oil_capacity,2023|bmw|530ixdrive|turbo2
1b4b72132aa345cd3f5f4609,2023,BMW,540I,Turbo 3,,,WL10342,,consolidated:full_oil_filter_workbook,"{""napa_gold_filter"":""10342"",""stp_filter"":""S90186 / S90186XL"",""source_status"":""UNVERIFIED_OIL_SERVICE_DATA — Engine Oil: no validated continuity source; Oil Capacity: no validated continuity source; Oil Plug Torque: no validated continuity source. WIX official application matched; NAPA Gold cross-reference derived from WIX/NAPA convention; STP product-level cross-reference validated."",""verification_status"":""unverified"",""source_files"":""fulloilandfilter2022to2027;release_2022_2027_final_audit""}",unverified,oil_type;oil_capacity,2023|bmw|540i|turbo3
f10f3386eddd26958841903c,2023,BMW,540i xDrive,Turbo 3,,,WL10342,,consolidated:full_oil_filter_workbook,"{""napa_gold_filter"":""10342"",""stp_filter"":""S90186 / S90186XL"",""source_status"":""ENGINE_FILTER_FAMILY_CONTINUITY — Engine Oil: 1/1 same engine/filter family; Oil Capacity: 1/1 same engine/filter family; Oil Plug Torque: 1/1 same engine/filter family. WIX official application matched; NAPA Gold cross-reference derived from WIX/NAPA convention; STP product-level cross-reference validated."",""verification_status"":""incomplete"",""source_files"":""fulloilandfilter2022to2027;release_2022_2027_final_audit""}",incomplete,oil_type;oil_capacity,2023|bmw|540ixdrive|turbo3
b91ae7d1d76ecd071f823562,2023,BMW,740I,Turbo 3,,,WL10342,,consolidated:full_oil_filter_workbook,"{""napa_gold_filter"":""10342"",""stp_filter"":""S90186 / S90186XL"",""source_status"":""ENGINE_FILTER_FAMILY_CONTINUITY — Engine Oil: 2/2 same engine/filter family; Oil Capacity: 2/2 same engine/filter family; Oil Plug Torque: 2/2 same engine/filter family. WIX official application matched; NAPA Gold cross-reference derived from WIX/NAPA convention; STP product-level cross-reference validated."",""verification_status"":""incomplete"",""source_files"":""fulloilandfilter2022to2027;release_2022_2027_final_audit""}",incomplete,oil_type;oil_capacity,2023|bmw|740i|turbo3
1750da6be04c6a098b33f457,2023,BMW,740i xDrive,Turbo 3,,,WL10342,,consolidated:full_oil_filter_workbook,"{""napa_gold_filter"":""10342"",""stp_filter"":""S90186 / S90186XL"",""source_status"":""ENGINE_FILTER_FAMILY_CONTINUITY — Engine Oil: 3/3 same engine/filter family; Oil Capacity: 3/3 same engine/filter family; Oil Plug Torque: 3/3 same engine/filter family. WIX official application matched; NAPA Gold cross-reference derived from WIX/NAPA convention; STP product-level cross-reference validated."",""verification_status"":""incomplete"",""source_files"":""fulloilandfilter2022to2027;release_2022_2027_final_audit""}",incomplete,oil_type;oil_capacity,2023|bmw|740ixdrive|turbo3
b2d1402c8e62adec6ada1aac,2023,BMW,745Le xDrive,Turbo 3,,,WL10342,,consolidated:full_oil_filter_workbook,"{""napa_gold_filter"":""10342"",""stp_filter"":""S90186 / S90186XL"",""source_status"":""ENGINE_FILTER_FAMILY_CONTINUITY — Engine Oil: 4/4 same engine/filter family; Oil Capacity: 4/4 same engine/filter family; Oil Plug Torque: 4/4 same engine/filter family. WIX official application matched; NAPA Gold cross-reference derived from WIX/NAPA convention; STP product-level cross-reference validated."",""verification_status"":""incomplete"",""source_files"":""fulloilandfilter2022to2027;release_2022_2027_final_audit""}",incomplete,oil_type;oil_capacity,2023|bmw|745lexdrive|turbo3
63e79054a72033418624893e,2023,BMW,750i XDRIVE,4.4,,,57189,,consolidated:full_oil_filter_workbook,"{""napa_gold_filter"":""7189"",""stp_filter"":""S11007 / S11007XL"",""source_status"":""UNVERIFIED_OIL_SERVICE_DATA — Engine Oil: no validated continuity source; Oil Capacity: no validated continuity source; Oil Plug Torque: no validated continuity source. WIX official application matched; NAPA Gold cross-reference derived from WIX/NAPA convention; STP product-level cross-reference validated."",""verification_status"":""unverified"",""source_files"":""fulloilandfilter2022to2027;release_2022_2027_final_audit""}",unverified,oil_type;oil_capacity,2023|bmw|750ixdrive|44
e06ce43020001533e55378f0,2023,BMW,840i,Turbo 3,,,WL10342,,consolidated:full_oil_filter_workbook,"{""napa_gold_filter"":""10342"",""stp_filter"":""S90186 / S90186XL"",""source_status"":""ENGINE_FILTER_FAMILY_CONTINUITY — Engine Oil: 5/5 same engine/filter family; Oil Capacity: 5/5 same engine/filter family; Oil Plug Torque: 5/5 same engine/filter family. WIX official application matched; NAPA Gold cross-reference derived from WIX/NAPA convention; STP product-level cross-reference validated."",""verification_status"":""incomplete"",""source_files"":""fulloilandfilter2022to2027;release_2022_2027_final_audit""}",incomplete,oil_type;oil_capacity,2023|bmw|840i|turbo3
fef224e87bb2e7bcff20de1a,2023,BMW,840i Gran Coupe,Turbo 3,,,WL10342,,consolidated:full_oil_filter_workbook,"{""napa_gold_filter"":""10342"",""stp_filter"":""S90186 / S90186XL"",""source_status"":""ENGINE_FILTER_FAMILY_CONTINUITY — Engine Oil: 6/6 same engine/filter family; Oil Capacity: 6/6 same engine/filter family; Oil Plug Torque: 6/6 same engine/filter family. WIX official application matched; NAPA Gold cross-reference derived from WIX/NAPA convention; STP product-level cross-reference validated."",""verification_status"":""incomplete"",""source_files"":""fulloilandfilter2022to2027;release_2022_2027_final_audit""}",incomplete,oil_type;oil_capacity,2023|bmw|840igrancoupe|turbo3
b8adbb9f42962e0577859f85,2023,BMW,840i Gran Coupe xDrive,Turbo 3,,,WL10342,,consolidated:full_oil_filter_workbook,"{""napa_gold_filter"":""10342"",""stp_filter"":""S90186 / S90186XL"",""source_status"":""ENGINE_FILTER_FAMILY_CONTINUITY — Engine Oil: 7/7 same engine/filter family; Oil Capacity: 7/7 same engine/filter family; Oil Plug Torque: 7/7 same engine/filter family. WIX official application matched; NAPA Gold cross-reference derived from WIX/NAPA convention; STP product-level cross-reference validated."",""verification_status"":""incomplete"",""source_files"":""fulloilandfilter2022to2027;release_2022_2027_final_audit""}",incomplete,oil_type;oil_capacity,2023|bmw|840igrancoupexdrive|turbo3
a338a90dd9609c055d819f71,2023,BMW,840i xDrive,Turbo 3,,,WL10342,,consolidated:full_oil_filter_workbook,"{""napa_gold_filter"":""10342"",""stp_filter"":""S90186 / S90186XL"",""source_status"":""ENGINE_FILTER_FAMILY_CONTINUITY — Engine Oil: 8/8 same engine/filter family; Oil Capacity: 8/8 same engine/filter family; Oil Plug Torque: 8/8 same engine/filter family. WIX official application matched; NAPA Gold cross-reference derived from WIX/NAPA convention; STP product-level cross-reference validated."",""verification_status"":""incomplete"",""source_files"":""fulloilandfilter2022to2027;release_2022_2027_final_audit""}",incomplete,oil_type;oil_capacity,2023|bmw|840ixdrive|turbo3
227082c0325c85c4e5ddc6af,2023,BMW,M135i xDRIVE,Turbo 2,,,WL10518,,consolidated:full_oil_filter_workbook,"{""napa_gold_filter"":""10518"",""stp_filter"":""S45018"",""source_status"":""ENGINE_FILTER_FAMILY_CONTINUITY — Engine Oil: 5/5 same engine/filter family; Oil Capacity: 5/5 same engine/filter family; Oil Plug Torque: 5/5 same engine/filter family. WIX official application matched; NAPA Gold cross-reference derived from WIX/NAPA convention; STP product-level cross-reference validated."",""verification_status"":""incomplete"",""source_files"":""fulloilandfilter2022to2027;release_2022_2027_final_audit""}",incomplete,oil_type;oil_capacity,2023|bmw|m135ixdrive|turbo2
1784f45af8c1c6ecaf046d87,2023,BMW,M2,Turbo 3,,,WL10656,,consolidated:full_oil_filter_workbook,"{""napa_gold_filter"":""10656"",""source_status"":""UNVERIFIED_OIL_SERVICE_DATA — Engine Oil: no validated continuity source; Oil Capacity: no validated continuity source; Oil Plug Torque: no validated continuity source. WIX official application matched; NAPA Gold cross-reference derived from WIX/NAPA convention; STP cross-reference not verified."",""verification_status"":""unverified"",""source_files"":""fulloilandfilter2022to2027;release_2022_2027_final_audit""}",unverified,oil_type;oil_capacity;stp_filter,2023|bmw|m2|turbo3
384da091fc5316da0cfc933f,2023,BMW,M235i xDrive Gran Coupe,Turbo 2,,,WL10518,,consolidated:full_oil_filter_workbook,"{""napa_gold_filter"":""10518"",""stp_filter"":""S45018"",""source_status"":""ENGINE_FILTER_FAMILY_CONTINUITY — Engine Oil: 6/6 same engine/filter family; Oil Capacity: 6/6 same engine/filter family; Oil Plug Torque: 6/6 same engine/filter family. WIX official application matched; NAPA Gold cross-reference derived from WIX/NAPA convention; STP product-level cross-reference validated."",""verification_status"":""incomplete"",""source_files"":""fulloilandfilter2022to2027;release_2022_2027_final_audit""}",incomplete,oil_type;oil_capacity,2023|bmw|m235ixdrivegrancoupe|turbo2
c5e81d8c9eec7455b430be1b,2023,BMW,M240i,Turbo 3,,,WL10342,,consolidated:full_oil_filter_workbook,"{""napa_gold_filter"":""10342"",""stp_filter"":""S90186 / S90186XL"",""source_status"":""ENGINE_FILTER_FAMILY_CONTINUITY — Engine Oil: 9/9 same engine/filter family; Oil Capacity: 9/9 same engine/filter family; Oil Plug Torque: 9/9 same engine/filter family. WIX official application matched; NAPA Gold cross-reference derived from WIX/NAPA convention; STP product-level cross-reference validated."",""verification_status"":""incomplete"",""source_files"":""fulloilandfilter2022to2027;release_2022_2027_final_audit""}",incomplete,oil_type;oil_capacity,2023|bmw|m240i|turbo3
1b78b3094473422949395d01,2023,BMW,M3,Turbo 3,,,WL10656,,consolidated:full_oil_filter_workbook,"{""napa_gold_filter"":""10656"",""source_status"":""ENGINE_FILTER_FAMILY_CONTINUITY — Engine Oil: 1/1 same engine/filter family; Oil Capacity: 1/1 same engine/filter family; Oil Plug Torque: 1/1 same engine/filter family. WIX official application matched; NAPA Gold cross-reference derived from WIX/NAPA convention; STP cross-reference not verified."",""verification_status"":""incomplete"",""source_files"":""fulloilandfilter2022to2027;release_2022_2027_final_audit""}",incomplete,oil_type;oil_capacity;stp_filter,2023|bmw|m3|turbo3
48c72599c3409704d2e9c7ec,2023,BMW,M4,Turbo 3,,,WL10656,,consolidated:full_oil_filter_workbook,"{""napa_gold_filter"":""10656"",""source_status"":""ENGINE_FILTER_FAMILY_CONTINUITY — Engine Oil: 2/2 same engine/filter family; Oil Capacity: 2/2 same engine/filter family; Oil Plug Torque: 2/2 same engine/filter family. WIX official application matched; NAPA Gold cross-reference derived from WIX/NAPA convention; STP cross-reference not verified."",""verification_status"":""incomplete"",""source_files"":""fulloilandfilter2022to2027;release_2022_2027_final_audit""}",incomplete,oil_type;oil_capacity;stp_filter,2023|bmw|m4|turbo3
ca0e78f2711807f0af366f74,2023,BMW,M440i Gran Coupe,Turbo 3,,,WL10342,,consolidated:full_oil_filter_workbook,"{""napa_gold_filter"":""10342"",""stp_filter"":""S90186 / S90186XL"",""source_status"":""ENGINE_FILTER_FAMILY_CONTINUITY — Engine Oil: 10/10 same engine/filter family; Oil Capacity: 10/10 same engine/filter family; Oil Plug Torque: 10/10 same engine/filter family. WIX official application matched; NAPA Gold cross-reference derived from WIX/NAPA convention; STP product-level cross-reference validated."",""verification_status"":""incomplete"",""source_files"":""fulloilandfilter2022to2027;release_2022_2027_final_audit""}",incomplete,oil_type;oil_capacity,2023|bmw|m440igrancoupe|turbo3
1e970a892602551f26cddba4,2023,BMW,X1,1.5,,,WL10518,,consolidated:full_oil_filter_workbook,"{""napa_gold_filter"":""10518"",""stp_filter"":""S45018"",""source_status"":""ENGINE_FILTER_FAMILY_CONTINUITY — Engine Oil: 1/1 same engine/filter family; Oil Capacity: 1/1 same engine/filter family; Oil Plug Torque: 1/1 same engine/filter family. WIX official application matched; NAPA Gold cross-reference derived from WIX/NAPA convention; STP product-level cross-reference validated."",""verification_status"":""incomplete"",""source_files"":""fulloilandfilter2022to2027;release_2022_2027_final_audit""}",incomplete,oil_type;oil_capacity,2023|bmw|x1|15
f251be2c018fe5ef19e87e83,2023,BMW,X1,Turbo 2,,,WL7522,,consolidated:full_oil_filter_workbook,"{""napa_gold_filter"":""7522"",""stp_filter"":""S11885"",""source_status"":""UNVERIFIED_OIL_SERVICE_DATA — Engine Oil: no validated continuity source; Oil Capacity: no validated continuity source; Oil Plug Torque: no validated continuity source. WIX official application matched; NAPA Gold cross-reference derived from WIX/NAPA convention; STP product-level cross-reference validated."",""verification_status"":""unverified"",""source_files"":""fulloilandfilter2022to2027;release_2022_2027_final_audit""}",unverified,oil_type;oil_capacity,2023|bmw|x1|turbo2
28c7b133e2eece85181af528,2023,BMW,X2,1.5,,,WL10518,,consolidated:full_oil_filter_workbook,"{""napa_gold_filter"":""10518"",""stp_filter"":""S45018"",""source_status"":""ENGINE_FILTER_FAMILY_CONTINUITY — Engine Oil: 2/2 same engine/filter family; Oil Capacity: 2/2 same engine/filter family; Oil Plug Torque: 2/2 same engine/filter family. WIX official application matched; NAPA Gold cross-reference derived from WIX/NAPA convention; STP product-level cross-reference validated."",""verification_status"":""incomplete"",""source_files"":""fulloilandfilter2022to2027;release_2022_2027_final_audit""}",incomplete,oil_type;oil_capacity,2023|bmw|x2|15
ecf4a6d2af91b12bfd65e228,2023,BMW,X2,2,,,WL10518,,consolidated:full_oil_filter_workbook,"{""napa_gold_filter"":""10518"",""stp_filter"":""S45018"",""source_status"":""UNVERIFIED_OIL_SERVICE_DATA — Engine Oil: no validated continuity source; Oil Capacity: no validated continuity source; Oil Plug Torque: no validated continuity source. WIX official application matched; NAPA Gold cross-reference derived from WIX/NAPA convention; STP product-level cross-reference validated."",""verification_status"":""unverified"",""source_files"":""fulloilandfilter2022to2027;release_2022_2027_final_audit""}",unverified,oil_type;oil_capacity,2023|bmw|x2|2
0166fcebfce5bcc216c9696f,2023,BMW,X2 M35i,Turbo 2,,,WL10518,,consolidated:full_oil_filter_workbook,"{""napa_gold_filter"":""10518"",""stp_filter"":""S45018"",""source_status"":""ENGINE_FILTER_FAMILY_CONTINUITY — Engine Oil: 7/7 same engine/filter family; Oil Capacity: 7/7 same engine/filter family; Oil Plug Torque: 7/7 same engine/filter family. WIX official application matched; NAPA Gold cross-reference derived from WIX/NAPA convention; STP product-level cross-reference validated."",""verification_status"":""incomplete"",""source_files"":""fulloilandfilter2022to2027;release_2022_2027_final_audit""}",incomplete,oil_type;oil_capacity,2023|bmw|x2m35i|turbo2
bfed866e74d1e5e7578cb49a,2023,BMW,X2 sDrive28i,Turbo 2,,,WL10518,,consolidated:full_oil_filter_workbook,"{""napa_gold_filter"":""10518"",""stp_filter"":""S45018"",""source_status"":""ENGINE_FILTER_FAMILY_CONTINUITY — Engine Oil: 8/8 same engine/filter family; Oil Capacity: 8/8 same engine/filter family; Oil Plug Torque: 8/8 same engine/filter family. WIX official application matched; NAPA Gold cross-reference derived from WIX/NAPA convention; STP product-level cross-reference validated."",""verification_status"":""incomplete"",""source_files"":""fulloilandfilter2022to2027;release_2022_2027_final_audit""}",incomplete,oil_type;oil_capacity,2023|bmw|x2sdrive28i|turbo2
478f250186ca5b2cdcfe4993,2023,BMW,X2 xDrive28i,Turbo 2,,,WL10518,,consolidated:full_oil_filter_workbook,"{""napa_gold_filter"":""10518"",""stp_filter"":""S45018"",""source_status"":""ENGINE_FILTER_FAMILY_CONTINUITY — Engine Oil: 9/9 same engine/filter family; Oil Capacity: 9/9 same engine/filter family; Oil Plug Torque: 9/9 same engine/filter family. WIX official application matched; NAPA Gold cross-reference derived from WIX/NAPA convention; STP product-level cross-reference validated."",""verification_status"":""incomplete"",""source_files"":""fulloilandfilter2022to2027;release_2022_2027_final_audit""}",incomplete,oil_type;oil_capacity,2023|bmw|x2xdrive28i|turbo2
1f47cf7e7d84331ed12e3f61,2023,BMW,X3,Turbo 2,,,WL10358,,consolidated:full_oil_filter_workbook,"{""napa_gold_filter"":""10358"",""stp_filter"":""S45014 / S45014XL"",""source_status"":""ENGINE_FILTER_FAMILY_CONTINUITY — Engine Oil: 13/13 same engine/filter family; Oil Capacity: 13/13 same engine/filter family; Oil Plug Torque: 13/13 same engine/filter family. WIX official application matched; NAPA Gold cross-reference derived from WIX/NAPA convention; STP product-level cross-reference validated."",""verification_status"":""incomplete"",""source_files"":""fulloilandfilter2022to2027;release_2022_2027_final_audit""}",incomplete,oil_type;oil_capacity,2023|bmw|x3|turbo2
a06db409f69d5c87db387d08,2023,BMW,X3,Turbo 3,,,WL10342,,consolidated:full_oil_filter_workbook,"{""napa_gold_filter"":""10342"",""stp_filter"":""S90186 / S90186XL"",""source_status"":""ENGINE_FILTER_FAMILY_CONTINUITY — Engine Oil: 11/11 same engine/filter family; Oil Capacity: 11/11 same engine/filter family; Oil Plug Torque: 11/11 same engine/filter family. WIX official application matched; NAPA Gold cross-reference derived from WIX/NAPA convention; STP product-level cross-reference validated."",""verification_status"":""incomplete"",""source_files"":""fulloilandfilter2022to2027;release_2022_2027_final_audit""}",incomplete,oil_type;oil_capacity,2023|bmw|x3|turbo3
3dc812aaf09309d1be1199c1,2023,BMW,X3 M,Turbo 3,,,WL10342,,consolidated:full_oil_filter_workbook,"{""napa_gold_filter"":""10342"",""stp_filter"":""S90186 / S90186XL"",""source_status"":""ENGINE_FILTER_FAMILY_CONTINUITY — Engine Oil: 12/12 same engine/filter family; Oil Capacity: 12/12 same engine/filter family; Oil Plug Torque: 12/12 same engine/filter family. WIX official application matched; NAPA Gold cross-reference derived from WIX/NAPA convention; STP product-level cross-reference validated."",""verification_status"":""incomplete"",""source_files"":""fulloilandfilter2022to2027;release_2022_2027_final_audit""}",incomplete,oil_type;oil_capacity,2023|bmw|x3m|turbo3
41844c222f65e2b645af904a,2023,BMW,X3 sDrive30i,Turbo 2,,,WL10358,,consolidated:full_oil_filter_workbook,"{""napa_gold_filter"":""10358"",""stp_filter"":""S45014 / S45014XL"",""source_status"":""ENGINE_FILTER_FAMILY_CONTINUITY — Engine Oil: 14/14 same engine/filter family; Oil Capacity: 14/14 same engine/filter family; Oil Plug Torque: 14/14 same engine/filter family. WIX official application matched; NAPA Gold cross-reference derived from WIX/NAPA convention; STP product-level cross-reference validated."",""verification_status"":""incomplete"",""source_files"":""fulloilandfilter2022to2027;release_2022_2027_final_audit""}",incomplete,oil_type;oil_capacity,2023|bmw|x3sdrive30i|turbo2
827de8939c8e9ee02f242885,2023,BMW,X3 xDrive30i,Turbo 2,,,WL10358,,consolidated:full_oil_filter_workbook,"{""napa_gold_filter"":""10358"",""stp_filter"":""S45014 / S45014XL"",""source_status"":""ENGINE_FILTER_FAMILY_CONTINUITY — Engine Oil: 15/15 same engine/filter family; Oil Capacity: 15/15 same engine/filter family; Oil Plug Torque: 15/15 same engine/filter family. WIX official application matched; NAPA Gold cross-reference derived from WIX/NAPA convention; STP product-level cross-reference validated."",""verification_status"":""incomplete"",""source_files"":""fulloilandfilter2022to2027;release_2022_2027_final_audit""}",incomplete,oil_type;oil_capacity,2023|bmw|x3xdrive30i|turbo2
54d10669142024d7cd5bd979,2023,BMW,X4,Turbo 2,,,WL10358,,consolidated:full_oil_filter_workbook,"{""napa_gold_filter"":""10358"",""stp_filter"":""S45014 / S45014XL"",""source_status"":""ENGINE_FILTER_FAMILY_CONTINUITY — Engine Oil: 16/16 same engine/filter family; Oil Capacity: 16/16 same engine/filter family; Oil Plug Torque: 16/16 same engine/filter family. WIX official application matched; NAPA Gold cross-reference derived from WIX/NAPA convention; STP product-level cross-reference validated."",""verification_status"":""incomplete"",""source_files"":""fulloilandfilter2022to2027;release_2022_2027_final_audit""}",incomplete,oil_type;oil_capacity,2023|bmw|x4|turbo2
d1d715265c3f245bb8eec440,2023,BMW,X4,Turbo 3,,,WL10342,,consolidated:full_oil_filter_workbook,"{""napa_gold_filter"":""10342"",""stp_filter"":""S90186 / S90186XL"",""source_status"":""ENGINE_FILTER_FAMILY_CONTINUITY — Engine Oil: 13/13 same engine/filter family; Oil Capacity: 13/13 same engine/filter family; Oil Plug Torque: 13/13 same engine/filter family. WIX official application matched; NAPA Gold cross-reference derived from WIX/NAPA convention; STP product-level cross-reference validated."",""verification_status"":""incomplete"",""source_files"":""fulloilandfilter2022to2027;release_2022_2027_final_audit""}",incomplete,oil_type;oil_capacity,2023|bmw|x4|turbo3
c7d16a49b37645d1de32a668,2023,BMW,X4 M,Turbo 3,,,WL10656,,consolidated:full_oil_filter_workbook,"{""napa_gold_filter"":""10656"",""source_status"":""ENGINE_FILTER_FAMILY_CONTINUITY — Engine Oil: 5/5 same engine/filter family; Oil Capacity: 5/5 same engine/filter family; Oil Plug Torque: 5/5 same engine/filter family. WIX official application matched; NAPA Gold cross-reference derived from WIX/NAPA convention; STP cross-reference not verified."",""verification_status"":""incomplete"",""source_files"":""fulloilandfilter2022to2027;release_2022_2027_final_audit""}",incomplete,oil_type;oil_capacity;stp_filter,2023|bmw|x4m|turbo3
e60a03bfa156151a91660303,2023,BMW,X4 xDrive30i,Turbo 2,,,WL10358,,consolidated:full_oil_filter_workbook,"{""napa_gold_filter"":""10358"",""stp_filter"":""S45014 / S45014XL"",""source_status"":""ENGINE_FILTER_FAMILY_CONTINUITY — Engine Oil: 17/17 same engine/filter family; Oil Capacity: 17/17 same engine/filter family; Oil Plug Torque: 17/17 same engine/filter family. WIX official application matched; NAPA Gold cross-reference derived from WIX/NAPA convention; STP product-level cross-reference validated."",""verification_status"":""incomplete"",""source_files"":""fulloilandfilter2022to2027;release_2022_2027_final_audit""}",incomplete,oil_type;oil_capacity,2023|bmw|x4xdrive30i|turbo2
f5c73f9cc32ed0b7faf4125c,2023,BMW,X5,Turbo 3,,,WL10342,,consolidated:full_oil_filter_workbook,"{""napa_gold_filter"":""10342"",""stp_filter"":""S90186 / S90186XL"",""source_status"":""ENGINE_FILTER_FAMILY_CONTINUITY — Engine Oil: 14/14 same engine/filter family; Oil Capacity: 14/14 same engine/filter family; Oil Plug Torque: 14/14 same engine/filter family. WIX official application matched; NAPA Gold cross-reference derived from WIX/NAPA convention; STP product-level cross-reference validated."",""verification_status"":""incomplete"",""source_files"":""fulloilandfilter2022to2027;release_2022_2027_final_audit""}",incomplete,oil_type;oil_capacity,2023|bmw|x5|turbo3
77b277494dae6cd6b2ca1ee5,2023,BMW,Z4,Turbo 2,,,WL10358,,consolidated:full_oil_filter_workbook,"{""napa_gold_filter"":""10358"",""stp_filter"":""S45014 / S45014XL"",""source_status"":""ENGINE_FILTER_FAMILY_CONTINUITY — Engine Oil: 18/18 same engine/filter family; Oil Capacity: 18/18 same engine/filter family; Oil Plug Torque: 18/18 same engine/filter family. WIX official application matched; NAPA Gold cross-reference derived from WIX/NAPA convention; STP product-level cross-reference validated."",""verification_status"":""incomplete"",""source_files"":""fulloilandfilter2022to2027;release_2022_2027_final_audit""}",incomplete,oil_type;oil_capacity,2023|bmw|z4|turbo2
99750caa6c2cbe98fa5d47ac,2023,BMW,Z4,Turbo 3,,,WL10342,,consolidated:full_oil_filter_workbook,"{""napa_gold_filter"":""10342"",""stp_filter"":""S90186 / S90186XL"",""source_status"":""ENGINE_FILTER_FAMILY_CONTINUITY — Engine Oil: 15/15 same engine/filter family; Oil Capacity: 15/15 same engine/filter family; Oil Plug Torque: 15/15 same engine/filter family. WIX official application matched; NAPA Gold cross-reference derived from WIX/NAPA convention; STP product-level cross-reference validated."",""verification_status"":""incomplete"",""source_files"":""fulloilandfilter2022to2027;release_2022_2027_final_audit""}",incomplete,oil_type;oil_capacity,2023|bmw|z4|turbo3
4fd14734c92937eb05835fdf,2023,Buick,Envision,Turbo 2,,,WL10351,,consolidated:full_oil_filter_workbook,"{""napa_gold_filter"":""10351"",""stp_filter"":""S45008"",""source_status"":""UNVERIFIED_OIL_SERVICE_DATA — Engine Oil: no validated continuity source; Oil Capacity: no validated continuity source; Oil Plug Torque: no validated continuity source. WIX official application matched; NAPA Gold cross-reference derived from WIX/NAPA convention; STP product-level cross-reference validated."",""verification_status"":""unverified"",""source_files"":""fulloilandfilter2022to2027;release_2022_2027_final_audit""}",unverified,oil_type;oil_capacity,2023|buick|envision|turbo2
d00083674cbc135806bbd737,2023,Cadillac,Ct4,Turbo 2,,,WL10351,,consolidated:full_oil_filter_workbook,"{""napa_gold_filter"":""10351"",""stp_filter"":""S45008"",""source_status"":""UNVERIFIED_OIL_SERVICE_DATA — Engine Oil: no validated continuity source; Oil Capacity: no validated continuity source; Oil Plug Torque: no validated continuity source. WIX official application matched; NAPA Gold cross-reference derived from WIX/NAPA convention; STP product-level cross-reference validated."",""verification_status"":""unverified"",""source_files"":""fulloilandfilter2022to2027;release_2022_2027_final_audit""}",unverified,oil_type;oil_capacity,2023|cadillac|ct4|turbo2
23a8acb5b3e437676d0f38a7,2023,Cadillac,Ct5,6.2,,,WL10290,,consolidated:full_oil_filter_workbook,"{""napa_gold_filter"":""10290"",""stp_filter"":""S12060 / S12060XL"",""source_status"":""UNVERIFIED_OIL_SERVICE_DATA — Engine Oil: no validated continuity source; Oil Capacity: no validated continuity source; Oil Plug Torque: no validated continuity source. WIX official application matched; NAPA Gold cross-reference derived from WIX/NAPA convention; STP product-level cross-reference validated."",""verification_status"":""unverified"",""source_files"":""fulloilandfilter2022to2027;release_2022_2027_final_audit""}",unverified,oil_type;oil_capacity,2023|cadillac|ct5|62
701c6fc2a9661e0862ee1d6e,2023,Cadillac,Ct5,Turbo 2,,,WL10351,,consolidated:full_oil_filter_workbook,"{""napa_gold_filter"":""10351"",""stp_filter"":""S45008"",""source_status"":""ENGINE_FILTER_FAMILY_CONTINUITY — Engine Oil: 1/1 same engine/filter family; Oil Capacity: 1/1 same engine/filter family; Oil Plug Torque: 1/1 same engine/filter family. WIX official application matched; NAPA Gold cross-reference derived from WIX/NAPA convention; STP product-level cross-reference validated."",""verification_status"":""incomplete"",""source_files"":""fulloilandfilter2022to2027;release_2022_2027_final_audit""}",incomplete,oil_type;oil_capacity,2023|cadillac|ct5|turbo2
7c94082d31eb257a6ce2eb3b,2023,Cadillac,Ct5,Turbo 3,,,WL10255,,consolidated:full_oil_filter_workbook,"{""napa_gold_filter"":""10255"",""stp_filter"":""S45013"",""source_status"":""UNVERIFIED_OIL_SERVICE_DATA — Engine Oil: no validated continuity source; Oil Capacity: no validated continuity source; Oil Plug Torque: no validated continuity source. WIX official application matched; NAPA Gold cross-reference derived from WIX/NAPA convention; STP product-level cross-reference validated."",""verification_status"":""unverified"",""source_files"":""fulloilandfilter2022to2027;release_2022_2027_final_audit""}",unverified,oil_type;oil_capacity,2023|cadillac|ct5|turbo3
00ffc89956903e94a358bd4a,2023,Cadillac,Escalade,Diesel 3,,,WL10351,,consolidated:full_oil_filter_workbook,"{""napa_gold_filter"":""10351"",""stp_filter"":""S45008"",""source_status"":""UNVERIFIED_OIL_SERVICE_DATA — Engine Oil: no validated continuity source; Oil Capacity: no validated continuity source; Oil Plug Torque: no validated continuity source. WIX official application matched; NAPA Gold cross-reference derived from WIX/NAPA convention; STP product-level cross-reference validated."",""verification_status"":""unverified"",""source_files"":""fulloilandfilter2022to2027;release_2022_2027_final_audit""}",unverified,oil_type;oil_capacity,2023|cadillac|escalade|diesel3
d6ce886096b21a0be7a14298,2023,Cadillac,Escalade Esv,Diesel 3,,,WL10351,,consolidated:full_oil_filter_workbook,"{""napa_gold_filter"":""10351"",""stp_filter"":""S45008"",""source_status"":""ENGINE_FILTER_FAMILY_CONTINUITY — Engine Oil: 1/1 same engine/filter family; Oil Capacity: 1/1 same engine/filter family; Oil Plug Torque: 1/1 same engine/filter family. WIX official application matched; NAPA Gold cross-reference derived from WIX/NAPA convention; STP product-level cross-reference validated."",""verification_status"":""incomplete"",""source_files"":""fulloilandfilter2022to2027;release_2022_2027_final_audit""}",incomplete,oil_type;oil_capacity,2023|cadillac|escaladeesv|diesel3
02523dde955b86931154c0ce,2023,Cadillac,Xt4,Turbo 2,,,WL10351,,consolidated:full_oil_filter_workbook,"{""napa_gold_filter"":""10351"",""stp_filter"":""S45008"",""source_status"":""ENGINE_FILTER_FAMILY_CONTINUITY — Engine Oil: 2/2 same engine/filter family; Oil Capacity: 2/2 same engine/filter family; Oil Plug Torque: 2/2 same engine/filter family. WIX official application matched; NAPA Gold cross-reference derived from WIX/NAPA convention; STP product-level cross-reference validated."",""verification_status"":""incomplete"",""source_files"":""fulloilandfilter2022to2027;release_2022_2027_final_audit""}",incomplete,oil_type;oil_capacity,2023|cadillac|xt4|turbo2
518ccab33a5e82160f3d79de,2023,Cadillac,Xt5,Turbo 2,,,WL10351,,consolidated:full_oil_filter_workbook,"{""napa_gold_filter"":""10351"",""stp_filter"":""S45008"",""source_status"":""ENGINE_FILTER_FAMILY_CONTINUITY — Engine Oil: 3/3 same engine/filter family; Oil Capacity: 3/3 same engine/filter family; Oil Plug Torque: 3/3 same engine/filter family. WIX official application matched; NAPA Gold cross-reference derived from WIX/NAPA convention; STP product-level cross-reference validated."",""verification_status"":""incomplete"",""source_files"":""fulloilandfilter2022to2027;release_2022_2027_final_audit""}",incomplete,oil_type;oil_capacity,2023|cadillac|xt5|turbo2
ccf950af6d2286b0a4a4ed7d,2023,Cadillac,Xt6,Turbo 2,,,WL10351,,consolidated:full_oil_filter_workbook,"{""napa_gold_filter"":""10351"",""stp_filter"":""S45008"",""source_status"":""ENGINE_FILTER_FAMILY_CONTINUITY — Engine Oil: 4/4 same engine/filter family; Oil Capacity: 4/4 same engine/filter family; Oil Plug Torque: 4/4 same engine/filter family. WIX official application matched; NAPA Gold cross-reference derived from WIX/NAPA convention; STP product-level cross-reference validated."",""verification_status"":""incomplete"",""source_files"":""fulloilandfilter2022to2027;release_2022_2027_final_audit""}",incomplete,oil_type;oil_capacity,2023|cadillac|xt6|turbo2
f9ca369ebb1b8c579ce9bca8,2023,Chevrolet,Aveo,1.5,,,WL10001,,consolidated:full_oil_filter_workbook,"{""napa_gold_filter"":""10001"",""stp_filter"":""S11462"",""source_status"":""UNVERIFIED_OIL_SERVICE_DATA — Engine Oil: no validated continuity source; Oil Capacity: no validated continuity source; Oil Plug Torque: no validated continuity source. WIX official application matched; NAPA Gold cross-reference derived from WIX/NAPA convention; STP product-level cross-reference validated."",""verification_status"":""unverified"",""source_files"":""fulloilandfilter2022to2027;release_2022_2027_final_audit""}",unverified,oil_type;oil_capacity,2023|chevrolet|aveo|15
0a4dcf11a230684628537913,2023,Chevrolet,Blazer,Turbo 2,,,WL10351,,consolidated:full_oil_filter_workbook,"{""napa_gold_filter"":""10351"",""stp_filter"":""S45008"",""source_status"":""UNVERIFIED_OIL_SERVICE_DATA — Engine Oil: no validated continuity source; Oil Capacity: no validated continuity source; Oil Plug Torque: no validated continuity source. WIX official application matched; NAPA Gold cross-reference derived from WIX/NAPA convention; STP product-level cross-reference validated."",""verification_status"":""unverified"",""source_files"":""fulloilandfilter2022to2027;release_2022_2027_final_audit""}",unverified,oil_type;oil_capacity,2023|chevrolet|blazer|turbo2
8747cb34cbe8796d08f5ae95,2023,Chevrolet,C-1500 Cheyenne,5.3,,,WL10255,,consolidated:full_oil_filter_workbook,"{""napa_gold_filter"":""10255"",""stp_filter"":""S45013"",""source_status"":""UNVERIFIED_OIL_SERVICE_DATA — Engine Oil: no validated continuity source; Oil Capacity: no validated continuity source; Oil Plug Torque: no validated continuity source. WIX official application matched; NAPA Gold cross-reference derived from WIX/NAPA convention; STP product-level cross-reference validated."",""verification_status"":""unverified"",""source_files"":""fulloilandfilter2022to2027;release_2022_2027_final_audit""}",unverified,oil_type;oil_capacity,2023|chevrolet|c1500cheyenne|53
76fd578708a7ab8195389ce1,2023,Chevrolet,Camaro,Turbo 2,,,WL10290,,consolidated:full_oil_filter_workbook,"{""napa_gold_filter"":""10290"",""stp_filter"":""S12060 / S12060XL"",""source_status"":""UNVERIFIED_OIL_SERVICE_DATA — Engine Oil: no validated continuity source; Oil Capacity: no validated continuity source; Oil Plug Torque: no validated continuity source. WIX official application matched; NAPA Gold cross-reference derived from WIX/NAPA convention; STP product-level cross-reference validated."",""verification_status"":""unverified"",""source_files"":""fulloilandfilter2022to2027;release_2022_2027_final_audit""}",unverified,oil_type;oil_capacity,2023|chevrolet|camaro|turbo2
94e6cf7578f32bc274c5c45f,2023,Chevrolet,Captiva,Turbo 1.5,,,57060,,consolidated:full_oil_filter_workbook,"{""napa_gold_filter"":""7060"",""stp_filter"":""S3506"",""source_status"":""UNVERIFIED_OIL_SERVICE_DATA — Engine Oil: no validated continuity source; Oil Capacity: no validated continuity source; Oil Plug Torque: no validated continuity source. WIX official application matched; NAPA Gold cross-reference derived from WIX/NAPA convention; STP product-level cross-reference validated."",""verification_status"":""unverified"",""source_files"":""fulloilandfilter2022to2027;release_2022_2027_final_audit""}",unverified,oil_type;oil_capacity,2023|chevrolet|captiva|turbo15
557df92c48f5b7df4a8732ed,2023,Chevrolet,Cavalier,Turbo 1.3,,,WL10001,,consolidated:full_oil_filter_workbook,"{""napa_gold_filter"":""10001"",""stp_filter"":""S11462"",""source_status"":""UNVERIFIED_OIL_SERVICE_DATA — Engine Oil: no validated continuity source; Oil Capacity: no validated continuity source; Oil Plug Torque: no validated continuity source. WIX official application matched; NAPA Gold cross-reference derived from WIX/NAPA convention; STP product-level cross-reference validated."",""verification_status"":""unverified"",""source_files"":""fulloilandfilter2022to2027;release_2022_2027_final_audit""}",unverified,oil_type;oil_capacity,2023|chevrolet|cavalier|turbo13
6c4b473104d73c985e95bb10,2023,Chevrolet,Colorado,Turbo 2.7,,,WL10351,,consolidated:full_oil_filter_workbook,"{""napa_gold_filter"":""10351"",""stp_filter"":""S45008"",""source_status"":""UNVERIFIED_OIL_SERVICE_DATA — Engine Oil: no validated continuity source; Oil Capacity: no validated continuity source; Oil Plug Torque: no validated continuity source. WIX official application matched; NAPA Gold cross-reference derived from WIX/NAPA convention; STP product-level cross-reference validated."",""verification_status"":""unverified"",""source_files"":""fulloilandfilter2022to2027;release_2022_2027_final_audit""}",unverified,oil_type;oil_capacity,2023|chevrolet|colorado|turbo27
03b4595d630966f30cb2e658,2023,Chevrolet,Express 2500,4.3,,,WL10255,,consolidated:full_oil_filter_workbook,"{""napa_gold_filter"":""10255"",""stp_filter"":""S45013"",""source_status"":""UNVERIFIED_OIL_SERVICE_DATA — Engine Oil: no validated continuity source; Oil Capacity: no validated continuity source; Oil Plug Torque: no validated continuity source. WIX official application matched; NAPA Gold cross-reference derived from WIX/NAPA convention; STP product-level cross-reference validated."",""verification_status"":""unverified"",""source_files"":""fulloilandfilter2022to2027;release_2022_2027_final_audit""}",unverified,oil_type;oil_capacity,2023|chevrolet|express2500|43
6a2859e76375673023e93a25,2023,Chevrolet,Express 2500,6.6,,,WL10255,,consolidated:full_oil_filter_workbook,"{""napa_gold_filter"":""10255"",""stp_filter"":""S45013"",""source_status"":""UNVERIFIED_OIL_SERVICE_DATA — Engine Oil: no validated continuity source; Oil Capacity: no validated continuity source; Oil Plug Torque: no validated continuity source. WIX official application matched; NAPA Gold cross-reference derived from WIX/NAPA convention; STP product-level cross-reference validated."",""verification_status"":""unverified"",""source_files"":""fulloilandfilter2022to2027;release_2022_2027_final_audit""}",unverified,oil_type;oil_capacity,2023|chevrolet|express2500|66
489fbf4de0ad6f9ab3d8a152,2023,Chevrolet,Express 3500,4.3,,,WL10255,,consolidated:full_oil_filter_workbook,"{""napa_gold_filter"":""10255"",""stp_filter"":""S45013"",""source_status"":""ENGINE_FILTER_FAMILY_CONTINUITY — Engine Oil: 1/1 same engine/filter family; Oil Capacity: 1/1 same engine/filter family; Oil Plug Torque: 1/1 same engine/filter family. WIX official application matched; NAPA Gold cross-reference derived from WIX/NAPA convention; STP product-level cross-reference validated."",""verification_status"":""incomplete"",""source_files"":""fulloilandfilter2022to2027;release_2022_2027_final_audit""}",incomplete,oil_type;oil_capacity,2023|chevrolet|express3500|43
83660f0018acec9c0ad1ad38,2023,Chevrolet,Express 3500,6.6,,,WL10255,,consolidated:full_oil_filter_workbook,"{""napa_gold_filter"":""10255"",""stp_filter"":""S45013"",""source_status"":""ENGINE_FILTER_FAMILY_CONTINUITY — Engine Oil: 1/1 same engine/filter family; Oil Capacity: 1/1 same engine/filter family; Oil Plug Torque: 1/1 same engine/filter family. WIX official application matched; NAPA Gold cross-reference derived from WIX/NAPA convention; STP product-level cross-reference validated."",""verification_status"":""incomplete"",""source_files"":""fulloilandfilter2022to2027;release_2022_2027_final_audit""}",incomplete,oil_type;oil_capacity,2023|chevrolet|express3500|66
5df17ab624da609125fcd942,2023,Chevrolet,Express 4500,6.6,,,WL10255,,consolidated:full_oil_filter_workbook,"{""napa_gold_filter"":""10255"",""stp_filter"":""S45013"",""source_status"":""ENGINE_FILTER_FAMILY_CONTINUITY — Engine Oil: 2/2 same engine/filter family; Oil Capacity: 2/2 same engine/filter family; Oil Plug Torque: 2/2 same engine/filter family. WIX official application matched; NAPA Gold cross-reference derived from WIX/NAPA convention; STP product-level cross-reference validated."",""verification_status"":""incomplete"",""source_files"":""fulloilandfilter2022to2027;release_2022_2027_final_audit""}",incomplete,oil_type;oil_capacity,2023|chevrolet|express4500|66
b77a2f71f4691e726cce44cf,2023,Chevrolet,Lcf 3500,6.6,,,WL10255,,consolidated:full_oil_filter_workbook,"{""napa_gold_filter"":""10255"",""stp_filter"":""S45013"",""source_status"":""ENGINE_FILTER_FAMILY_CONTINUITY — Engine Oil: 3/3 same engine/filter family; Oil Capacity: 3/3 same engine/filter family; Oil Plug Torque: 3/3 same engine/filter family. WIX official application matched; NAPA Gold cross-reference derived from WIX/NAPA convention; STP product-level cross-reference validated."",""verification_status"":""incomplete"",""source_files"":""fulloilandfilter2022to2027;release_2022_2027_final_audit""}",incomplete,oil_type;oil_capacity,2023|chevrolet|lcf3500|66
e2773b9aa8d9af94925d6b49,2023,Chevrolet,Lcf 4500,6.6,,,WL10255,,consolidated:full_oil_filter_workbook,"{""napa_gold_filter"":""10255"",""stp_filter"":""S45013"",""source_status"":""ENGINE_FILTER_FAMILY_CONTINUITY — Engine Oil: 4/4 same engine/filter family; Oil Capacity: 4/4 same engine/filter family; Oil Plug Torque: 4/4 same engine/filter family. WIX official application matched; NAPA Gold cross-reference derived from WIX/NAPA convention; STP product-level cross-reference validated."",""verification_status"":""incomplete"",""source_files"":""fulloilandfilter2022to2027;release_2022_2027_final_audit""}",incomplete,oil_type;oil_capacity,2023|chevrolet|lcf4500|66
b1f8e2163e8e0a45d7d65bec,2023,Chevrolet,Lcf 5500Hd,Diesel 5.2,,,WL10316,,consolidated:full_oil_filter_workbook,"{""napa_gold_filter"":""10316"",""source_status"":""UNVERIFIED_OIL_SERVICE_DATA — Engine Oil: no validated continuity source; Oil Capacity: no validated continuity source; Oil Plug Torque: no validated continuity source. WIX official application matched; NAPA Gold cross-reference derived from WIX/NAPA convention; STP cross-reference not verified."",""verification_status"":""unverified"",""source_files"":""fulloilandfilter2022to2027;release_2022_2027_final_audit""}",unverified,oil_type;oil_capacity;stp_filter,2023|chevrolet|lcf5500hd|diesel52
3f4eed2e05e828bf66748c23,2023,Chevrolet,Lcf 5500Xd,Diesel 5.2,,,WL10316,,consolidated:full_oil_filter_workbook,"{""napa_gold_filter"":""10316"",""source_status"":""ENGINE_FILTER_FAMILY_CONTINUITY — Engine Oil: 1/1 same engine/filter family; Oil Capacity: 1/1 same engine/filter family; Oil Plug Torque: 1/1 same engine/filter family. WIX official application matched; NAPA Gold cross-reference derived from WIX/NAPA convention; STP cross-reference not verified."",""verification_status"":""incomplete"",""source_files"":""fulloilandfilter2022to2027;release_2022_2027_final_audit""}",incomplete,oil_type;oil_capacity;stp_filter,2023|chevrolet|lcf5500xd|diesel52
d66d0710bb061a578aa19974,2023,Chevrolet,Silverado 1500,5.3,,,WL10255,,consolidated:full_oil_filter_workbook,"{""napa_gold_filter"":""10255"",""stp_filter"":""S45013"",""source_status"":""ENGINE_FILTER_FAMILY_CONTINUITY — Engine Oil: 1/1 same engine/filter family; Oil Capacity: 1/1 same engine/filter family; Oil Plug Torque: 1/1 same engine/filter family. WIX official application matched; NAPA Gold cross-reference derived from WIX/NAPA convention; STP product-level cross-reference validated."",""verification_status"":""incomplete"",""source_files"":""fulloilandfilter2022to2027;release_2022_2027_final_audit""}",incomplete,oil_type;oil_capacity,2023|chevrolet|silverado1500|53
2d3702761b2c3f0180a5f869,2023,Chevrolet,Silverado 1500,6.2,,,WL10255,,consolidated:full_oil_filter_workbook,"{""napa_gold_filter"":""10255"",""stp_filter"":""S45013"",""source_status"":""UNVERIFIED_OIL_SERVICE_DATA — Engine Oil: no validated continuity source; Oil Capacity: no validated continuity source; Oil Plug Torque: no validated continuity source. WIX official application matched; NAPA Gold cross-reference derived from WIX/NAPA convention; STP product-level cross-reference validated."",""verification_status"":""unverified"",""source_files"":""fulloilandfilter2022to2027;release_2022_2027_final_audit""}",unverified,oil_type;oil_capacity,2023|chevrolet|silverado1500|62
73a5f7377fa3c6d1e28a4603,2023,Chevrolet,Silverado 1500,Diesel 3,,,WL10351,,consolidated:full_oil_filter_workbook,"{""napa_gold_filter"":""10351"",""stp_filter"":""S45008"",""source_status"":""UNVERIFIED_OIL_SERVICE_DATA — Engine Oil: no validated continuity source; Oil Capacity: no validated continuity source; Oil Plug Torque: no validated continuity source. WIX official application matched; NAPA Gold cross-reference derived from WIX/NAPA convention; STP product-level cross-reference validated."",""verification_status"":""unverified"",""source_files"":""fulloilandfilter2022to2027;release_2022_2027_final_audit""}",unverified,oil_type;oil_capacity,2023|chevrolet|silverado1500|diesel3
326f791825c162a3edc59c15,2023,Chevrolet,Silverado 1500,Turbo 2.7,,,WL10351,,consolidated:full_oil_filter_workbook,"{""napa_gold_filter"":""10351"",""stp_filter"":""S45008"",""source_status"":""ENGINE_FILTER_FAMILY_CONTINUITY — Engine Oil: 1/1 same engine/filter family; Oil Capacity: 1/1 same engine/filter family; Oil Plug Torque: 1/1 same engine/filter family. WIX official application matched; NAPA Gold cross-reference derived from WIX/NAPA convention; STP product-level cross-reference validated."",""verification_status"":""incomplete"",""source_files"":""fulloilandfilter2022to2027;release_2022_2027_final_audit""}",incomplete,oil_type;oil_capacity,2023|chevrolet|silverado1500|turbo27
cba7d0ea38eddbce27e9bcf4,2023,Chevrolet,Silverado 2500Hd,6.6,,,WL10255,,consolidated:full_oil_filter_workbook,"{""napa_gold_filter"":""10255"",""stp_filter"":""S45013"",""source_status"":""ENGINE_FILTER_FAMILY_CONTINUITY — Engine Oil: 5/5 same engine/filter family; Oil Capacity: 5/5 same engine/filter family; Oil Plug Torque: 5/5 same engine/filter family. WIX official application matched; NAPA Gold cross-reference derived from WIX/NAPA convention; STP product-level cross-reference validated."",""verification_status"":""incomplete"",""source_files"":""fulloilandfilter2022to2027;release_2022_2027_final_audit""}",incomplete,oil_type;oil_capacity,2023|chevrolet|silverado2500hd|66
0aff9cf1a554874095355472,2023,Chevrolet,Silverado 2500Hd,Diesel 6.6,,,WL10255,,consolidated:full_oil_filter_workbook,"{""napa_gold_filter"":""10255"",""stp_filter"":""S45013"",""source_status"":""UNVERIFIED_OIL_SERVICE_DATA — Engine Oil: no validated continuity source; Oil Capacity: no validated continuity source; Oil Plug Torque: no validated continuity source. WIX official application matched; NAPA Gold cross-reference derived from WIX/NAPA convention; STP product-level cross-reference validated."",""verification_status"":""unverified"",""source_files"":""fulloilandfilter2022to2027;release_2022_2027_final_audit""}",unverified,oil_type;oil_capacity,2023|chevrolet|silverado2500hd|diesel66
2131cb688304d167237888f5,2023,Chevrolet,Silverado 3500Hd,6.6,,,WL10255,,consolidated:full_oil_filter_workbook,"{""napa_gold_filter"":""10255"",""stp_filter"":""S45013"",""source_status"":""ENGINE_FILTER_FAMILY_CONTINUITY — Engine Oil: 6/6 same engine/filter family; Oil Capacity: 6/6 same engine/filter family; Oil Plug Torque: 6/6 same engine/filter family. WIX official application matched; NAPA Gold cross-reference derived from WIX/NAPA convention; STP product-level cross-reference validated."",""verification_status"":""incomplete"",""source_files"":""fulloilandfilter2022to2027;release_2022_2027_final_audit""}",incomplete,oil_type;oil_capacity,2023|chevrolet|silverado3500hd|66
1ae04895ca4be6862533d345,2023,Chevrolet,Silverado 3500Hd,Diesel 6.6,,,WL10255,,consolidated:full_oil_filter_workbook,"{""napa_gold_filter"":""10255"",""stp_filter"":""S45013"",""source_status"":""ENGINE_FILTER_FAMILY_CONTINUITY — Engine Oil: 1/1 same engine/filter family; Oil Capacity: 1/1 same engine/filter family; Oil Plug Torque: 1/1 same engine/filter family. WIX official application matched; NAPA Gold cross-reference derived from WIX/NAPA convention; STP product-level cross-reference validated."",""verification_status"":""incomplete"",""source_files"":""fulloilandfilter2022to2027;release_2022_2027_final_audit""}",incomplete,oil_type;oil_capacity,2023|chevrolet|silverado3500hd|diesel66
987bdf35e8a3b3fd5374d321,2023,Chevrolet,Silverado 4500 HD,Diesel 6.6,,,WL10255,,consolidated:full_oil_filter_workbook,"{""napa_gold_filter"":""10255"",""stp_filter"":""S45013"",""source_status"":""ENGINE_FILTER_FAMILY_CONTINUITY — Engine Oil: 2/2 same engine/filter family; Oil Capacity: 2/2 same engine/filter family; Oil Plug Torque: 2/2 same engine/filter family. WIX official application matched; NAPA Gold cross-reference derived from WIX/NAPA convention; STP product-level cross-reference validated."",""verification_status"":""incomplete"",""source_files"":""fulloilandfilter2022to2027;release_2022_2027_final_audit""}",incomplete,oil_type;oil_capacity,2023|chevrolet|silverado4500hd|diesel66
5fb5ed0e0f446d3b207a34b4,2023,Chevrolet,Silverado 5500 HD,Diesel 6.6,,,WL10255,,consolidated:full_oil_filter_workbook,"{""napa_gold_filter"":""10255"",""stp_filter"":""S45013"",""source_status"":""ENGINE_FILTER_FAMILY_CONTINUITY — Engine Oil: 3/3 same engine/filter family; Oil Capacity: 3/3 same engine/filter family; Oil Plug Torque: 3/3 same engine/filter family. WIX official application matched; NAPA Gold cross-reference derived from WIX/NAPA convention; STP product-level cross-reference validated."",""verification_status"":""incomplete"",""source_files"":""fulloilandfilter2022to2027;release_2022_2027_final_audit""}",incomplete,oil_type;oil_capacity,2023|chevrolet|silverado5500hd|diesel66
12ccb32c05fbb850e7f89a3b,2023,Chevrolet,Silverado 6500 HD,Diesel 6.6,,,WL10255,,consolidated:full_oil_filter_workbook,"{""napa_gold_filter"":""10255"",""stp_filter"":""S45013"",""source_status"":""ENGINE_FILTER_FAMILY_CONTINUITY — Engine Oil: 4/4 same engine/filter family; Oil Capacity: 4/4 same engine/filter family; Oil Plug Torque: 4/4 same engine/filter family. WIX official application matched; NAPA Gold cross-reference derived from WIX/NAPA convention; STP product-level cross-reference validated."",""verification_status"":""incomplete"",""source_files"":""fulloilandfilter2022to2027;release_2022_2027_final_audit""}",incomplete,oil_type;oil_capacity,2023|chevrolet|silverado6500hd|diesel66
0fde484ca2a6a94169b7e90f,2023,Chevrolet,Suburban (All),5.3,,,WL10255,,consolidated:full_oil_filter_workbook,"{""napa_gold_filter"":""10255"",""stp_filter"":""S45013"",""source_status"":""ENGINE_FILTER_FAMILY_CONTINUITY — Engine Oil: 2/2 same engine/filter family; Oil Capacity: 2/2 same engine/filter family; Oil Plug Torque: 2/2 same engine/filter family. WIX official application matched; NAPA Gold cross-reference derived from WIX/NAPA convention; STP product-level cross-reference validated."",""verification_status"":""incomplete"",""source_files"":""fulloilandfilter2022to2027;release_2022_2027_final_audit""}",incomplete,oil_type;oil_capacity,2023|chevrolet|suburbanall|53
acc487cf05662cfa6d3bfe91,2023,Chevrolet,Suburban (All),6.2,,,WL10255,,consolidated:full_oil_filter_workbook,"{""napa_gold_filter"":""10255"",""stp_filter"":""S45013"",""source_status"":""ENGINE_FILTER_FAMILY_CONTINUITY — Engine Oil: 1/1 same engine/filter family; Oil Capacity: 1/1 same engine/filter family; Oil Plug Torque: 1/1 same engine/filter family. WIX official application matched; NAPA Gold cross-reference derived from WIX/NAPA convention; STP product-level cross-reference validated."",""verification_status"":""incomplete"",""source_files"":""fulloilandfilter2022to2027;release_2022_2027_final_audit""}",incomplete,oil_type;oil_capacity,2023|chevrolet|suburbanall|62
321b0af7230bb6e0cd8e4249,2023,Chevrolet,Suburban (All),Diesel 3,,,WL10351,,consolidated:full_oil_filter_workbook,"{""napa_gold_filter"":""10351"",""stp_filter"":""S45008"",""source_status"":""ENGINE_FILTER_FAMILY_CONTINUITY — Engine Oil: 1/1 same engine/filter family; Oil Capacity: 1/1 same engine/filter family; Oil Plug Torque: 1/1 same engine/filter family. WIX official application matched; NAPA Gold cross-reference derived from WIX/NAPA convention; STP product-level cross-reference validated."",""verification_status"":""incomplete"",""source_files"":""fulloilandfilter2022to2027;release_2022_2027_final_audit""}",incomplete,oil_type;oil_capacity,2023|chevrolet|suburbanall|diesel3
087944bb6475ff6c99dc3be0,2023,Chevrolet,Tahoe,5.3,,,WL10255,,consolidated:full_oil_filter_workbook,"{""napa_gold_filter"":""10255"",""stp_filter"":""S45013"",""source_status"":""ENGINE_FILTER_FAMILY_CONTINUITY — Engine Oil: 3/3 same engine/filter family; Oil Capacity: 3/3 same engine/filter family; Oil Plug Torque: 3/3 same engine/filter family. WIX official application matched; NAPA Gold cross-reference derived from WIX/NAPA convention; STP product-level cross-reference validated."",""verification_status"":""incomplete"",""source_files"":""fulloilandfilter2022to2027;release_2022_2027_final_audit""}",incomplete,oil_type;oil_capacity,2023|chevrolet|tahoe|53
1c8d16f3b8a9a36c0d20038d,2023,Chevrolet,Tahoe,6.2,,,WL10255,,consolidated:full_oil_filter_workbook,"{""napa_gold_filter"":""10255"",""stp_filter"":""S45013"",""source_status"":""ENGINE_FILTER_FAMILY_CONTINUITY — Engine Oil: 2/2 same engine/filter family; Oil Capacity: 2/2 same engine/filter family; Oil Plug Torque: 2/2 same engine/filter family. WIX official application matched; NAPA Gold cross-reference derived from WIX/NAPA convention; STP product-level cross-reference validated."",""verification_status"":""incomplete"",""source_files"":""fulloilandfilter2022to2027;release_2022_2027_final_audit""}",incomplete,oil_type;oil_capacity,2023|chevrolet|tahoe|62
7f7e18c559c854f8b8e9278e,2023,Chevrolet,Tahoe,Diesel 3,,,WL10351,,consolidated:full_oil_filter_workbook,"{""napa_gold_filter"":""10351"",""stp_filter"":""S45008"",""source_status"":""ENGINE_FILTER_FAMILY_CONTINUITY — Engine Oil: 2/2 same engine/filter family; Oil Capacity: 2/2 same engine/filter family; Oil Plug Torque: 2/2 same engine/filter family. WIX official application matched; NAPA Gold cross-reference derived from WIX/NAPA convention; STP product-level cross-reference validated."",""verification_status"":""incomplete"",""source_files"":""fulloilandfilter2022to2027;release_2022_2027_final_audit""}",incomplete,oil_type;oil_capacity,2023|chevrolet|tahoe|diesel3
e14114c3f764ce127cbe7251,2023,Chevrolet,Trailblazer,Turbo 1.2,,,WL10290,,consolidated:full_oil_filter_workbook,"{""napa_gold_filter"":""10290"",""stp_filter"":""S12060 / S12060XL"",""source_status"":""UNVERIFIED_OIL_SERVICE_DATA — Engine Oil: no validated continuity source; Oil Capacity: no validated continuity source; Oil Plug Torque: no validated continuity source. WIX official application matched; NAPA Gold cross-reference derived from WIX/NAPA convention; STP product-level cross-reference validated."",""verification_status"":""unverified"",""source_files"":""fulloilandfilter2022to2027;release_2022_2027_final_audit""}",unverified,oil_type;oil_capacity,2023|chevrolet|trailblazer|turbo12
c74f98f01d0b4911d59dba37,2023,Chevrolet,Trailblazer,Turbo 1.3,,,WL10351,,consolidated:full_oil_filter_workbook,"{""napa_gold_filter"":""10351"",""stp_filter"":""S45008"",""source_status"":""UNVERIFIED_OIL_SERVICE_DATA — Engine Oil: no validated continuity source; Oil Capacity: no validated continuity source; Oil Plug Torque: no validated continuity source. WIX official application matched; NAPA Gold cross-reference derived from WIX/NAPA convention; STP product-level cross-reference validated."",""verification_status"":""unverified"",""source_files"":""fulloilandfilter2022to2027;release_2022_2027_final_audit""}",unverified,oil_type;oil_capacity,2023|chevrolet|trailblazer|turbo13
e8976ac9e71c86b7abfa1cab,2023,Chevrolet,Traverse,3.6,,,WL10255,,consolidated:full_oil_filter_workbook,"{""napa_gold_filter"":""10255"",""stp_filter"":""S45013"",""source_status"":""UNVERIFIED_OIL_SERVICE_DATA — Engine Oil: no validated continuity source; Oil Capacity: no validated continuity source; Oil Plug Torque: no validated continuity source. WIX official application matched; NAPA Gold cross-reference derived from WIX/NAPA convention; STP product-level cross-reference validated."",""verification_status"":""unverified"",""source_files"":""fulloilandfilter2022to2027;release_2022_2027_final_audit""}",unverified,oil_type;oil_capacity,2023|chevrolet|traverse|36
e27373cbe246c8c129dcd776,2023,Chevrolet Trucks,Aveo,1.5,,,WL10001,,consolidated:full_oil_filter_workbook,"{""napa_gold_filter"":""10001"",""stp_filter"":""S11462"",""source_status"":""UNVERIFIED_OIL_SERVICE_DATA — Engine Oil: no validated continuity source; Oil Capacity: no validated continuity source; Oil Plug Torque: no validated continuity source. WIX official application matched; NAPA Gold cross-reference derived from WIX/NAPA convention; STP product-level cross-reference validated."",""verification_status"":""unverified"",""source_files"":""fulloilandfilter2022to2027;release_2022_2027_final_audit""}",unverified,oil_type;oil_capacity,2023|chevrolettrucks|aveo|15
b9c2b9b65af1d6b9759532e3,2023,Chevrolet Trucks,Blazer,Turbo 2,,,WL10351,,consolidated:full_oil_filter_workbook,"{""napa_gold_filter"":""10351"",""stp_filter"":""S45008"",""source_status"":""UNVERIFIED_OIL_SERVICE_DATA — Engine Oil: no validated continuity source; Oil Capacity: no validated continuity source; Oil Plug Torque: no validated continuity source. WIX official application matched; NAPA Gold cross-reference derived from WIX/NAPA convention; STP product-level cross-reference validated."",""verification_status"":""unverified"",""source_files"":""fulloilandfilter2022to2027;release_2022_2027_final_audit""}",unverified,oil_type;oil_capacity,2023|chevrolettrucks|blazer|turbo2
bdb9d81dd526ba456af5c957,2023,Chevrolet Trucks,Camaro,6.2,,,WL10290,,consolidated:full_oil_filter_workbook,"{""napa_gold_filter"":""10290"",""stp_filter"":""S12060 / S12060XL"",""source_status"":""UNVERIFIED_OIL_SERVICE_DATA — Engine Oil: no validated continuity source; Oil Capacity: no validated continuity source; Oil Plug Torque: no validated continuity source. WIX official application matched; NAPA Gold cross-reference derived from WIX/NAPA convention; STP product-level cross-reference validated."",""verification_status"":""unverified"",""source_files"":""fulloilandfilter2022to2027;release_2022_2027_final_audit""}",unverified,oil_type;oil_capacity,2023|chevrolettrucks|camaro|62
14d831e5f20f9bebab1088fb,2023,Chevrolet Trucks,Camaro,Turbo 2,,,WL10290,,consolidated:full_oil_filter_workbook,"{""napa_gold_filter"":""10290"",""stp_filter"":""S12060 / S12060XL"",""source_status"":""UNVERIFIED_OIL_SERVICE_DATA — Engine Oil: no validated continuity source; Oil Capacity: no validated continuity source; Oil Plug Torque: no validated continuity source. WIX official application matched; NAPA Gold cross-reference derived from WIX/NAPA convention; STP product-level cross-reference validated."",""verification_status"":""unverified"",""source_files"":""fulloilandfilter2022to2027;release_2022_2027_final_audit""}",unverified,oil_type;oil_capacity,2023|chevrolettrucks|camaro|turbo2
a367e03a529506bce4fe6482,2023,Chevrolet Trucks,Captiva,Turbo 1.5,,,57060,,consolidated:full_oil_filter_workbook,"{""napa_gold_filter"":""7060"",""stp_filter"":""S3506"",""source_status"":""UNVERIFIED_OIL_SERVICE_DATA — Engine Oil: no validated continuity source; Oil Capacity: no validated continuity source; Oil Plug Torque: no validated continuity source. WIX official application matched; NAPA Gold cross-reference derived from WIX/NAPA convention; STP product-level cross-reference validated."",""verification_status"":""unverified"",""source_files"":""fulloilandfilter2022to2027;release_2022_2027_final_audit""}",unverified,oil_type;oil_capacity,2023|chevrolettrucks|captiva|turbo15
59c79248a4dd0c5c3034cb42,2023,Chevrolet Trucks,Cavalier,Turbo 1.3,,,WL10001,,consolidated:full_oil_filter_workbook,"{""napa_gold_filter"":""10001"",""stp_filter"":""S11462"",""source_status"":""UNVERIFIED_OIL_SERVICE_DATA — Engine Oil: no validated continuity source; Oil Capacity: no validated continuity source; Oil Plug Torque: no validated continuity source. WIX official application matched; NAPA Gold cross-reference derived from WIX/NAPA convention; STP product-level cross-reference validated."",""verification_status"":""unverified"",""source_files"":""fulloilandfilter2022to2027;release_2022_2027_final_audit""}",unverified,oil_type;oil_capacity,2023|chevrolettrucks|cavalier|turbo13
df54dfe9eacd3e02454665dd,2023,Chevrolet Trucks,Corvette,6.2,,,WL10290,,consolidated:full_oil_filter_workbook,"{""napa_gold_filter"":""10290"",""stp_filter"":""S12060 / S12060XL"",""source_status"":""ENGINE_FILTER_FAMILY_CONTINUITY — Engine Oil: 1/1 same engine/filter family; Oil Capacity: 1/1 same engine/filter family; Oil Plug Torque: 1/1 same engine/filter family. WIX official application matched; NAPA Gold cross-reference derived from WIX/NAPA convention; STP product-level cross-reference validated."",""verification_status"":""incomplete"",""source_files"":""fulloilandfilter2022to2027;release_2022_2027_final_audit""}",incomplete,oil_type;oil_capacity,2023|chevrolettrucks|corvette|62
ec9b7af431a00b965195b2df,2023,Chevrolet Trucks,Lcf 5500Hd,Diesel 5.2,,,WL10316,,consolidated:full_oil_filter_workbook,"{""napa_gold_filter"":""10316"",""source_status"":""UNVERIFIED_OIL_SERVICE_DATA — Engine Oil: no validated continuity source; Oil Capacity: no validated continuity source; Oil Plug Torque: no validated continuity source. WIX official application matched; NAPA Gold cross-reference derived from WIX/NAPA convention; STP cross-reference not verified."",""verification_status"":""unverified"",""source_files"":""fulloilandfilter2022to2027;release_2022_2027_final_audit""}",unverified,oil_type;oil_capacity;stp_filter,2023|chevrolettrucks|lcf5500hd|diesel52
8210a615bb7d6617f648d9ed,2023,Chevrolet Trucks,Lcf 5500Xd,Diesel 5.2,,,WL10316,,consolidated:full_oil_filter_workbook,"{""napa_gold_filter"":""10316"",""source_status"":""ENGINE_FILTER_FAMILY_CONTINUITY — Engine Oil: 1/1 same engine/filter family; Oil Capacity: 1/1 same engine/filter family; Oil Plug Torque: 1/1 same engine/filter family. WIX official application matched; NAPA Gold cross-reference derived from WIX/NAPA convention; STP cross-reference not verified."",""verification_status"":""incomplete"",""source_files"":""fulloilandfilter2022to2027;release_2022_2027_final_audit""}",incomplete,oil_type;oil_capacity;stp_filter,2023|chevrolettrucks|lcf5500xd|diesel52
c8d19f6ae321c78468acccd5,2023,Chevrolet Trucks,Silverado 1500,Diesel 3,,,WL10351,,consolidated:full_oil_filter_workbook,"{""napa_gold_filter"":""10351"",""stp_filter"":""S45008"",""source_status"":""UNVERIFIED_OIL_SERVICE_DATA — Engine Oil: no validated continuity source; Oil Capacity: no validated continuity source; Oil Plug Torque: no validated continuity source. WIX official application matched; NAPA Gold cross-reference derived from WIX/NAPA convention; STP product-level cross-reference validated."",""verification_status"":""unverified"",""source_files"":""fulloilandfilter2022to2027;release_2022_2027_final_audit""}",unverified,oil_type;oil_capacity,2023|chevrolettrucks|silverado1500|diesel3
6e041632585607db1ab5b9fb,2023,Chevrolet Trucks,Suburban (All),Diesel 3,,,WL10351,,consolidated:full_oil_filter_workbook,"{""napa_gold_filter"":""10351"",""stp_filter"":""S45008"",""source_status"":""ENGINE_FILTER_FAMILY_CONTINUITY — Engine Oil: 1/1 same engine/filter family; Oil Capacity: 1/1 same engine/filter family; Oil Plug Torque: 1/1 same engine/filter family. WIX official application matched; NAPA Gold cross-reference derived from WIX/NAPA convention; STP product-level cross-reference validated."",""verification_status"":""incomplete"",""source_files"":""fulloilandfilter2022to2027;release_2022_2027_final_audit""}",incomplete,oil_type;oil_capacity,2023|chevrolettrucks|suburbanall|diesel3
740be4709ad26f52121617ed,2023,Chevrolet Trucks,Tahoe,Diesel 3,,,WL10351,,consolidated:full_oil_filter_workbook,"{""napa_gold_filter"":""10351"",""stp_filter"":""S45008"",""source_status"":""ENGINE_FILTER_FAMILY_CONTINUITY — Engine Oil: 2/2 same engine/filter family; Oil Capacity: 2/2 same engine/filter family; Oil Plug Torque: 2/2 same engine/filter family. WIX official application matched; NAPA Gold cross-reference derived from WIX/NAPA convention; STP product-level cross-reference validated."",""verification_status"":""incomplete"",""source_files"":""fulloilandfilter2022to2027;release_2022_2027_final_audit""}",incomplete,oil_type;oil_capacity,2023|chevrolettrucks|tahoe|diesel3
997aa5bc15f30d499be27d50,2023,Chrysler,300C,6.4,,,51372,,consolidated:full_oil_filter_workbook,"{""napa_gold_filter"":""1372"",""source_status"":""UNVERIFIED_OIL_SERVICE_DATA — Engine Oil: no validated continuity source; Oil Capacity: no validated continuity source; Oil Plug Torque: no validated continuity source. WIX official application matched; NAPA Gold cross-reference derived from WIX/NAPA convention; STP cross-reference not verified."",""verification_status"":""unverified"",""source_files"":""fulloilandfilter2022to2027;release_2022_2027_final_audit""}",unverified,oil_type;oil_capacity;stp_filter,2023|chrysler|300c|64
47c263c1f320a25c4be38ffb,2023,Chrysler,Pacifica,Hybrid 3.6,,,WL10010,,consolidated:full_oil_filter_workbook,"{""napa_gold_filter"":""10010"",""stp_filter"":""S11665 / S11665XL"",""source_status"":""UNVERIFIED_OIL_SERVICE_DATA — Engine Oil: no validated continuity source; Oil Capacity: no validated continuity source; Oil Plug Torque: no validated continuity source. WIX official application matched; NAPA Gold cross-reference derived from WIX/NAPA convention; STP product-level cross-reference validated."",""verification_status"":""unverified"",""source_files"":""fulloilandfilter2022to2027;release_2022_2027_final_audit""}",unverified,oil_type;oil_capacity,2023|chrysler|pacifica|hybrid36
90d6869522041657caed5c88,2023,Dodge,Hornet,2,,,57060,,consolidated:full_oil_filter_workbook,"{""napa_gold_filter"":""7060"",""stp_filter"":""S3506"",""source_status"":""UNVERIFIED_OIL_SERVICE_DATA — Engine Oil: no validated continuity source; Oil Capacity: no validated continuity source; Oil Plug Torque: no validated continuity source. WIX official application matched; NAPA Gold cross-reference derived from WIX/NAPA convention; STP product-level cross-reference validated."",""verification_status"":""unverified"",""source_files"":""fulloilandfilter2022to2027;release_2022_2027_final_audit""}",unverified,oil_type;oil_capacity,2023|dodge|hornet|2
209f07735aaea02a9893e4ad,2023,Dodge,Hornet,Hybrid 1.3,,,57060,,consolidated:full_oil_filter_workbook,"{""napa_gold_filter"":""7060"",""stp_filter"":""S3506"",""source_status"":""UNVERIFIED_OIL_SERVICE_DATA — Engine Oil: no validated continuity source; Oil Capacity: no validated continuity source; Oil Plug Torque: no validated continuity source. WIX official application matched; NAPA Gold cross-reference derived from WIX/NAPA convention; STP product-level cross-reference validated."",""verification_status"":""unverified"",""source_files"":""fulloilandfilter2022to2027;release_2022_2027_final_audit""}",unverified,oil_type;oil_capacity,2023|dodge|hornet|hybrid13
069e922d0817b7c48acb4c91,2023,Dodge,Journey,Turbo 1.5,,,57060,,consolidated:full_oil_filter_workbook,"{""napa_gold_filter"":""7060"",""stp_filter"":""S3506"",""source_status"":""UNVERIFIED_OIL_SERVICE_DATA — Engine Oil: no validated continuity source; Oil Capacity: no validated continuity source; Oil Plug Torque: no validated continuity source. WIX official application matched; NAPA Gold cross-reference derived from WIX/NAPA convention; STP product-level cross-reference validated."",""verification_status"":""unverified"",""source_files"":""fulloilandfilter2022to2027;release_2022_2027_final_audit""}",unverified,oil_type;oil_capacity,2023|dodge|journey|turbo15
cb2f076645fbc1cfc840da0b,2023,Dodge Trucks,Challenger,6.2,,,57899,,consolidated:full_oil_filter_workbook,"{""napa_gold_filter"":""7899"",""source_status"":""UNVERIFIED_OIL_SERVICE_DATA — Engine Oil: no validated continuity source; Oil Capacity: no validated continuity source; Oil Plug Torque: no validated continuity source. WIX official application matched; NAPA Gold cross-reference derived from WIX/NAPA convention; STP cross-reference not verified."",""verification_status"":""unverified"",""source_files"":""fulloilandfilter2022to2027;release_2022_2027_final_audit""}",unverified,oil_type;oil_capacity;stp_filter,2023|dodgetrucks|challenger|62
7fc8d8a88ff419219bce4d5f,2023,Dodge Trucks,Charger,6.2,,,57899,,consolidated:full_oil_filter_workbook,"{""napa_gold_filter"":""7899"",""source_status"":""ENGINE_FILTER_FAMILY_CONTINUITY — Engine Oil: 1/1 same engine/filter family; Oil Capacity: 1/1 same engine/filter family; Oil Plug Torque: 1/1 same engine/filter family. WIX official application matched; NAPA Gold cross-reference derived from WIX/NAPA convention; STP cross-reference not verified."",""verification_status"":""incomplete"",""source_files"":""fulloilandfilter2022to2027;release_2022_2027_final_audit""}",incomplete,oil_type;oil_capacity;stp_filter,2023|dodgetrucks|charger|62
b3eb4ee2f9f800ed48b2c450,2023,Dodge Trucks,Hornet,2,,,57060,,consolidated:full_oil_filter_workbook,"{""napa_gold_filter"":""7060"",""stp_filter"":""S3506"",""source_status"":""UNVERIFIED_OIL_SERVICE_DATA — Engine Oil: no validated continuity source; Oil Capacity: no validated continuity source; Oil Plug Torque: no validated continuity source. WIX official application matched; NAPA Gold cross-reference derived from WIX/NAPA convention; STP product-level cross-reference validated."",""verification_status"":""unverified"",""source_files"":""fulloilandfilter2022to2027;release_2022_2027_final_audit""}",unverified,oil_type;oil_capacity,2023|dodgetrucks|hornet|2
a2f69aae53f96a282a1dea34,2023,Dodge Trucks,Hornet,Hybrid 1.3,,,57060,,consolidated:full_oil_filter_workbook,"{""napa_gold_filter"":""7060"",""stp_filter"":""S3506"",""source_status"":""UNVERIFIED_OIL_SERVICE_DATA — Engine Oil: no validated continuity source; Oil Capacity: no validated continuity source; Oil Plug Torque: no validated continuity source. WIX official application matched; NAPA Gold cross-reference derived from WIX/NAPA convention; STP product-level cross-reference validated."",""verification_status"":""unverified"",""source_files"":""fulloilandfilter2022to2027;release_2022_2027_final_audit""}",unverified,oil_type;oil_capacity,2023|dodgetrucks|hornet|hybrid13
113379a998efe6f5f2173587,2023,Dodge Trucks,Journey,Turbo 1.5,,,57060,,consolidated:full_oil_filter_workbook,"{""napa_gold_filter"":""7060"",""stp_filter"":""S3506"",""source_status"":""UNVERIFIED_OIL_SERVICE_DATA — Engine Oil: no validated continuity source; Oil Capacity: no validated continuity source; Oil Plug Torque: no validated continuity source. WIX official application matched; NAPA Gold cross-reference derived from WIX/NAPA convention; STP product-level cross-reference validated."",""verification_status"":""unverified"",""source_files"":""fulloilandfilter2022to2027;release_2022_2027_final_audit""}",unverified,oil_type;oil_capacity,2023|dodgetrucks|journey|turbo15
2a4f6a63b1fc102d5619cc8e,2023,Ford,Bronco,Turbo 3,,,WL10050,,consolidated:full_oil_filter_workbook,"{""napa_gold_filter"":""10050"",""stp_filter"":""S11955 / S11955XL"",""source_status"":""UNVERIFIED_OIL_SERVICE_DATA — Engine Oil: no validated continuity source; Oil Capacity: no validated continuity source; Oil Plug Torque: no validated continuity source. WIX official application matched; NAPA Gold cross-reference derived from WIX/NAPA convention; STP product-level cross-reference validated."",""verification_status"":""unverified"",""source_files"":""fulloilandfilter2022to2027;release_2022_2027_final_audit""}",unverified,oil_type;oil_capacity,2023|ford|bronco|turbo3
8422956be9bc154ff407fb3e,2023,Ford,Bronco Sport,Turbo 1.5,,,51348,,consolidated:full_oil_filter_workbook,"{""napa_gold_filter"":""1348"",""stp_filter"":""PH2811"",""source_status"":""UNVERIFIED_OIL_SERVICE_DATA — Engine Oil: no validated continuity source; Oil Capacity: no validated continuity source; Oil Plug Torque: no validated continuity source. WIX official application matched; NAPA Gold cross-reference derived from WIX/NAPA convention; STP product-level cross-reference validated."",""verification_status"":""unverified"",""source_files"":""fulloilandfilter2022to2027;release_2022_2027_final_audit""}",unverified,oil_type;oil_capacity,2023|ford|broncosport|turbo15
bff17fb8edcad9ff73253ef0,2023,Ford,Bronco Sport,Turbo 2,,,51348,,consolidated:full_oil_filter_workbook,"{""napa_gold_filter"":""1348"",""stp_filter"":""PH2811"",""source_status"":""UNVERIFIED_OIL_SERVICE_DATA — Engine Oil: no validated continuity source; Oil Capacity: no validated continuity source; Oil Plug Torque: no validated continuity source. WIX official application matched; NAPA Gold cross-reference derived from WIX/NAPA convention; STP product-level cross-reference validated."",""verification_status"":""unverified"",""source_files"":""fulloilandfilter2022to2027;release_2022_2027_final_audit""}",unverified,oil_type;oil_capacity,2023|ford|broncosport|turbo2
d1d94f95d8c0be8b741986af,2023,Ford,E-350 Super Duty,7.3,,,51372,,consolidated:full_oil_filter_workbook,"{""napa_gold_filter"":""1372"",""source_status"":""UNVERIFIED_OIL_SERVICE_DATA — Engine Oil: no validated continuity source; Oil Capacity: no validated continuity source; Oil Plug Torque: no validated continuity source. WIX official application matched; NAPA Gold cross-reference derived from WIX/NAPA convention; STP cross-reference not verified."",""verification_status"":""unverified"",""source_files"":""fulloilandfilter2022to2027;release_2022_2027_final_audit""}",unverified,oil_type;oil_capacity;stp_filter,2023|ford|e350superduty|73
84a8d75f9fbd6290f443c121,2023,Ford,E-450 Super Duty,7.3,,,51372,,consolidated:full_oil_filter_workbook,"{""napa_gold_filter"":""1372"",""source_status"":""ENGINE_FILTER_FAMILY_CONTINUITY — Engine Oil: 1/1 same engine/filter family; Oil Capacity: 1/1 same engine/filter family; Oil Plug Torque: 1/1 same engine/filter family. WIX official application matched; NAPA Gold cross-reference derived from WIX/NAPA convention; STP cross-reference not verified."",""verification_status"":""incomplete"",""source_files"":""fulloilandfilter2022to2027;release_2022_2027_final_audit""}",incomplete,oil_type;oil_capacity;stp_filter,2023|ford|e450superduty|73
9ad190aac56cb15f5dbcaee7,2023,Ford,Edge,Turbo 2,,,51348,,consolidated:full_oil_filter_workbook,"{""napa_gold_filter"":""1348"",""stp_filter"":""PH2811"",""source_status"":""ENGINE_FILTER_FAMILY_CONTINUITY — Engine Oil: 1/1 same engine/filter family; Oil Capacity: 1/1 same engine/filter family; Oil Plug Torque: 1/1 same engine/filter family. WIX official application matched; NAPA Gold cross-reference derived from WIX/NAPA convention; STP product-level cross-reference validated."",""verification_status"":""incomplete"",""source_files"":""fulloilandfilter2022to2027;release_2022_2027_final_audit""}",incomplete,oil_type;oil_capacity,2023|ford|edge|turbo2
8b2f8ad7e322496fffb2abba,2023,Ford,Escape,Hybrid 2.5,,,51348,,consolidated:full_oil_filter_workbook,"{""napa_gold_filter"":""1348"",""stp_filter"":""PH2811"",""source_status"":""UNVERIFIED_OIL_SERVICE_DATA — Engine Oil: no validated continuity source; Oil Capacity: no validated continuity source; Oil Plug Torque: no validated continuity source. WIX official application matched; NAPA Gold cross-reference derived from WIX/NAPA convention; STP product-level cross-reference validated."",""verification_status"":""unverified"",""source_files"":""fulloilandfilter2022to2027;release_2022_2027_final_audit""}",unverified,oil_type;oil_capacity,2023|ford|escape|hybrid25
a72fd7ffbad74e622369a13e,2023,Ford,Escape,Turbo 1.5,,,51348,,consolidated:full_oil_filter_workbook,"{""napa_gold_filter"":""1348"",""stp_filter"":""PH2811"",""source_status"":""ENGINE_FILTER_FAMILY_CONTINUITY — Engine Oil: 1/1 same engine/filter family; Oil Capacity: 1/1 same engine/filter family; Oil Plug Torque: 1/1 same engine/filter family. WIX official application matched; NAPA Gold cross-reference derived from WIX/NAPA convention; STP product-level cross-reference validated."",""verification_status"":""incomplete"",""source_files"":""fulloilandfilter2022to2027;release_2022_2027_final_audit""}",incomplete,oil_type;oil_capacity,2023|ford|escape|turbo15
0963595de5fe94761279f625,2023,Ford,Escape,Turbo 2,,,51348,,consolidated:full_oil_filter_workbook,"{""napa_gold_filter"":""1348"",""stp_filter"":""PH2811"",""source_status"":""ENGINE_FILTER_FAMILY_CONTINUITY — Engine Oil: 2/2 same engine/filter family; Oil Capacity: 2/2 same engine/filter family; Oil Plug Torque: 2/2 same engine/filter family. WIX official application matched; NAPA Gold cross-reference derived from WIX/NAPA convention; STP product-level cross-reference validated."",""verification_status"":""incomplete"",""source_files"":""fulloilandfilter2022to2027;release_2022_2027_final_audit""}",incomplete,oil_type;oil_capacity,2023|ford|escape|turbo2
162cf7790a93f27734cf3f86,2023,Ford,Expedition,Turbo 3.5,,,57502,,consolidated:full_oil_filter_workbook,"{""napa_gold_filter"":""7502"",""source_status"":""UNVERIFIED_OIL_SERVICE_DATA — Engine Oil: no validated continuity source; Oil Capacity: no validated continuity source; Oil Plug Torque: no validated continuity source. WIX official application matched; NAPA Gold cross-reference derived from WIX/NAPA convention; STP cross-reference not verified."",""verification_status"":""unverified"",""source_files"":""fulloilandfilter2022to2027;release_2022_2027_final_audit""}",unverified,oil_type;oil_capacity;stp_filter,2023|ford|expedition|turbo35
884a7fdc2b2cb78b2bce984f,2023,Ford,Explorer,3.3,,,57502,,consolidated:full_oil_filter_workbook,"{""napa_gold_filter"":""7502"",""source_status"":""UNVERIFIED_OIL_SERVICE_DATA — Engine Oil: no validated continuity source; Oil Capacity: no validated continuity source; Oil Plug Torque: no validated continuity source. WIX official application matched; NAPA Gold cross-reference derived from WIX/NAPA convention; STP cross-reference not verified."",""verification_status"":""unverified"",""source_files"":""fulloilandfilter2022to2027;release_2022_2027_final_audit""}",unverified,oil_type;oil_capacity;stp_filter,2023|ford|explorer|33
bd8eefce077726571b0b75a6,2023,Ford,Explorer,Hybrid 3.3,,,57502,,consolidated:full_oil_filter_workbook,"{""napa_gold_filter"":""7502"",""source_status"":""UNVERIFIED_OIL_SERVICE_DATA — Engine Oil: no validated continuity source; Oil Capacity: no validated continuity source; Oil Plug Torque: no validated continuity source. WIX official application matched; NAPA Gold cross-reference derived from WIX/NAPA convention; STP cross-reference not verified."",""verification_status"":""unverified"",""source_files"":""fulloilandfilter2022to2027;release_2022_2027_final_audit""}",unverified,oil_type;oil_capacity;stp_filter,2023|ford|explorer|hybrid33
f9f125138c7a0d699ef27609,2023,Ford,Explorer,Turbo 3,,,WL10050,,consolidated:full_oil_filter_workbook,"{""napa_gold_filter"":""10050"",""stp_filter"":""S11955 / S11955XL"",""source_status"":""ENGINE_FILTER_FAMILY_CONTINUITY — Engine Oil: 1/1 same engine/filter family; Oil Capacity: 1/1 same engine/filter family; Oil Plug Torque: 1/1 same engine/filter family. WIX official application matched; NAPA Gold cross-reference derived from WIX/NAPA convention; STP product-level cross-reference validated."",""verification_status"":""incomplete"",""source_files"":""fulloilandfilter2022to2027;release_2022_2027_final_audit""}",incomplete,oil_type;oil_capacity,2023|ford|explorer|turbo3
683ff12473afce1f51e3ac91,2023,Ford,Maverick,Hybrid 2.5,,,51348,,consolidated:full_oil_filter_workbook,"{""napa_gold_filter"":""1348"",""stp_filter"":""PH2811"",""source_status"":""ENGINE_FILTER_FAMILY_CONTINUITY — Engine Oil: 1/1 same engine/filter family; Oil Capacity: 1/1 same engine/filter family; Oil Plug Torque: 1/1 same engine/filter family. WIX official application matched; NAPA Gold cross-reference derived from WIX/NAPA convention; STP product-level cross-reference validated."",""verification_status"":""incomplete"",""source_files"":""fulloilandfilter2022to2027;release_2022_2027_final_audit""}",incomplete,oil_type;oil_capacity,2023|ford|maverick|hybrid25
dd7c4207df94dc978edd531d,2023,Ford,Maverick,Turbo 2,,,51348,,consolidated:full_oil_filter_workbook,"{""napa_gold_filter"":""1348"",""stp_filter"":""PH2811"",""source_status"":""ENGINE_FILTER_FAMILY_CONTINUITY — Engine Oil: 3/3 same engine/filter family; Oil Capacity: 3/3 same engine/filter family; Oil Plug Torque: 3/3 same engine/filter family. WIX official application matched; NAPA Gold cross-reference derived from WIX/NAPA convention; STP product-level cross-reference validated."",""verification_status"":""incomplete"",""source_files"":""fulloilandfilter2022to2027;release_2022_2027_final_audit""}",incomplete,oil_type;oil_capacity,2023|ford|maverick|turbo2
c732b650e5bb37d923e3f849,2023,Ford,Pickup F-Series Super Duty (Up To 550 Series),6.8,,,51372,,consolidated:full_oil_filter_workbook,"{""napa_gold_filter"":""1372"",""source_status"":""UNVERIFIED_OIL_SERVICE_DATA — Engine Oil: no validated continuity source; Oil Capacity: no validated continuity source; Oil Plug Torque: no validated continuity source. WIX official application matched; NAPA Gold cross-reference derived from WIX/NAPA convention; STP cross-reference not verified."",""verification_status"":""unverified"",""source_files"":""fulloilandfilter2022to2027;release_2022_2027_final_audit""}",unverified,oil_type;oil_capacity;stp_filter,2023|ford|pickupfseriessuperdutyupto550series|68
6fadfaf5cde0e2d453c552a3,2023,Ford,Pickup F-Series Super Duty (Up To 550 Series),7.3,,,51372,,consolidated:full_oil_filter_workbook,"{""napa_gold_filter"":""1372"",""source_status"":""ENGINE_FILTER_FAMILY_CONTINUITY — Engine Oil: 2/2 same engine/filter family; Oil Capacity: 2/2 same engine/filter family; Oil Plug Torque: 2/2 same engine/filter family. WIX official application matched; NAPA Gold cross-reference derived from WIX/NAPA convention; STP cross-reference not verified."",""verification_status"":""incomplete"",""source_files"":""fulloilandfilter2022to2027;release_2022_2027_final_audit""}",incomplete,oil_type;oil_capacity;stp_filter,2023|ford|pickupfseriessuperdutyupto550series|73
a114f38efc3fc9132423636d,2023,Ford,Pickup F-Series Super Duty (Up To 550 Series),Diesel 6.7,,,57151,,consolidated:full_oil_filter_workbook,"{""napa_gold_filter"":""7151"",""stp_filter"":""S10890 / S10890XL"",""source_status"":""UNVERIFIED_OIL_SERVICE_DATA — Engine Oil: no validated continuity source; Oil Capacity: no validated continuity source; Oil Plug Torque: no validated continuity source. WIX official application matched; NAPA Gold cross-reference derived from WIX/NAPA convention; STP product-level cross-reference validated."",""verification_status"":""unverified"",""source_files"":""fulloilandfilter2022to2027;release_2022_2027_final_audit""}",unverified,oil_type;oil_capacity,2023|ford|pickupfseriessuperdutyupto550series|diesel67
6594c743f415b478575206ab,2023,Ford,Pickup F150 All,3.3,,,57502,,consolidated:full_oil_filter_workbook,"{""napa_gold_filter"":""7502"",""source_status"":""ENGINE_FILTER_FAMILY_CONTINUITY — Engine Oil: 1/1 same engine/filter family; Oil Capacity: 1/1 same engine/filter family; Oil Plug Torque: 1/1 same engine/filter family. WIX official application matched; NAPA Gold cross-reference derived from WIX/NAPA convention; STP cross-reference not verified."",""verification_status"":""incomplete"",""source_files"":""fulloilandfilter2022to2027;release_2022_2027_final_audit""}",incomplete,oil_type;oil_capacity;stp_filter,2023|ford|pickupf150all|33
4b173cb35a3a26ecb2ae8649,2023,Ford,Pickup F150 All,5.2,,,57502,,consolidated:full_oil_filter_workbook,"{""napa_gold_filter"":""7502"",""source_status"":""UNVERIFIED_OIL_SERVICE_DATA — Engine Oil: no validated continuity source; Oil Capacity: no validated continuity source; Oil Plug Torque: no validated continuity source. WIX official application matched; NAPA Gold cross-reference derived from WIX/NAPA convention; STP cross-reference not verified."",""verification_status"":""unverified"",""source_files"":""fulloilandfilter2022to2027;release_2022_2027_final_audit""}",unverified,oil_type;oil_capacity;stp_filter,2023|ford|pickupf150all|52
94cac2486ca92e9637e0f45f,2023,Ford,Pickup F150 All,Hybrid 3.5,,,57502,,consolidated:full_oil_filter_workbook,"{""napa_gold_filter"":""7502"",""source_status"":""UNVERIFIED_OIL_SERVICE_DATA — Engine Oil: no validated continuity source; Oil Capacity: no validated continuity source; Oil Plug Torque: no validated continuity source. WIX official application matched; NAPA Gold cross-reference derived from WIX/NAPA convention; STP cross-reference not verified."",""verification_status"":""unverified"",""source_files"":""fulloilandfilter2022to2027;release_2022_2027_final_audit""}",unverified,oil_type;oil_capacity;stp_filter,2023|ford|pickupf150all|hybrid35
9b3b9541a1b649c32cbbe530,2023,Ford,Pickup F150 All,Turbo 3.5,,,57502,,consolidated:full_oil_filter_workbook,"{""napa_gold_filter"":""7502"",""source_status"":""ENGINE_FILTER_FAMILY_CONTINUITY — Engine Oil: 1/1 same engine/filter family; Oil Capacity: 1/1 same engine/filter family; Oil Plug Torque: 1/1 same engine/filter family. WIX official application matched; NAPA Gold cross-reference derived from WIX/NAPA convention; STP cross-reference not verified."",""verification_status"":""incomplete"",""source_files"":""fulloilandfilter2022to2027;release_2022_2027_final_audit""}",incomplete,oil_type;oil_capacity;stp_filter,2023|ford|pickupf150all|turbo35
4cc04d10fe00cf008a3d362a,2023,Ford,Police Interceptor Utility,3.3,,,57502,,consolidated:full_oil_filter_workbook,"{""napa_gold_filter"":""7502"",""source_status"":""ENGINE_FILTER_FAMILY_CONTINUITY — Engine Oil: 2/2 same engine/filter family; Oil Capacity: 2/2 same engine/filter family; Oil Plug Torque: 2/2 same engine/filter family. WIX official application matched; NAPA Gold cross-reference derived from WIX/NAPA convention; STP cross-reference not verified."",""verification_status"":""incomplete"",""source_files"":""fulloilandfilter2022to2027;release_2022_2027_final_audit""}",incomplete,oil_type;oil_capacity;stp_filter,2023|ford|policeinterceptorutility|33
2bed99060a70c3f88fbe6eea,2023,Ford,Police Interceptor Utility,Turbo 3,,,WL10050,,consolidated:full_oil_filter_workbook,"{""napa_gold_filter"":""10050"",""stp_filter"":""S11955 / S11955XL"",""source_status"":""ENGINE_FILTER_FAMILY_CONTINUITY — Engine Oil: 2/2 same engine/filter family; Oil Capacity: 2/2 same engine/filter family; Oil Plug Torque: 2/2 same engine/filter family. WIX official application matched; NAPA Gold cross-reference derived from WIX/NAPA convention; STP product-level cross-reference validated."",""verification_status"":""incomplete"",""source_files"":""fulloilandfilter2022to2027;release_2022_2027_final_audit""}",incomplete,oil_type;oil_capacity,2023|ford|policeinterceptorutility|turbo3
960bf39c3594b50b4c393e13,2023,Ford,Transit Connect,Turbo 2,,,51348,,consolidated:full_oil_filter_workbook,"{""napa_gold_filter"":""1348"",""stp_filter"":""PH2811"",""source_status"":""ENGINE_FILTER_FAMILY_CONTINUITY — Engine Oil: 4/4 same engine/filter family; Oil Capacity: 4/4 same engine/filter family; Oil Plug Torque: 4/4 same engine/filter family. WIX official application matched; NAPA Gold cross-reference derived from WIX/NAPA convention; STP product-level cross-reference validated."",""verification_status"":""incomplete"",""source_files"":""fulloilandfilter2022to2027;release_2022_2027_final_audit""}",incomplete,oil_type;oil_capacity,2023|ford|transitconnect|turbo2
0c3d2b7db439daeb5d09f23e,2023,Ford,Transit-150,3.5,,,57502,,consolidated:full_oil_filter_workbook,"{""napa_gold_filter"":""7502"",""source_status"":""UNVERIFIED_OIL_SERVICE_DATA — Engine Oil: no validated continuity source; Oil Capacity: no validated continuity source; Oil Plug Torque: no validated continuity source. WIX official application matched; NAPA Gold cross-reference derived from WIX/NAPA convention; STP cross-reference not verified."",""verification_status"":""unverified"",""source_files"":""fulloilandfilter2022to2027;release_2022_2027_final_audit""}",unverified,oil_type;oil_capacity;stp_filter,2023|ford|transit150|35
f5e207a9db30a9121ea248ea,2023,Ford,Transit-150,Turbo 3.5,,,57502,,consolidated:full_oil_filter_workbook,"{""napa_gold_filter"":""7502"",""source_status"":""ENGINE_FILTER_FAMILY_CONTINUITY — Engine Oil: 2/2 same engine/filter family; Oil Capacity: 2/2 same engine/filter family; Oil Plug Torque: 2/2 same engine/filter family. WIX official application matched; NAPA Gold cross-reference derived from WIX/NAPA convention; STP cross-reference not verified."",""verification_status"":""incomplete"",""source_files"":""fulloilandfilter2022to2027;release_2022_2027_final_audit""}",incomplete,oil_type;oil_capacity;stp_filter,2023|ford|transit150|turbo35
3ddb78d62b62d30c53070682,2023,Ford,Transit-250,3.5,,,57502,,consolidated:full_oil_filter_workbook,"{""napa_gold_filter"":""7502"",""source_status"":""ENGINE_FILTER_FAMILY_CONTINUITY — Engine Oil: 1/1 same engine/filter family; Oil Capacity: 1/1 same engine/filter family; Oil Plug Torque: 1/1 same engine/filter family. WIX official application matched; NAPA Gold cross-reference derived from WIX/NAPA convention; STP cross-reference not verified."",""verification_status"":""incomplete"",""source_files"":""fulloilandfilter2022to2027;release_2022_2027_final_audit""}",incomplete,oil_type;oil_capacity;stp_filter,2023|ford|transit250|35
dcebdf98b50edf49cdf4404f,2023,Ford,Transit-250,Diesel 2,,,57502,,consolidated:full_oil_filter_workbook,"{""napa_gold_filter"":""7502"",""source_status"":""UNVERIFIED_OIL_SERVICE_DATA — Engine Oil: no validated continuity source; Oil Capacity: no validated continuity source; Oil Plug Torque: no validated continuity source. WIX official application matched; NAPA Gold cross-reference derived from WIX/NAPA convention; STP cross-reference not verified."",""verification_status"":""unverified"",""source_files"":""fulloilandfilter2022to2027;release_2022_2027_final_audit""}",unverified,oil_type;oil_capacity;stp_filter,2023|ford|transit250|diesel2
6f214975c83e63fd29fb13bd,2023,Ford,Transit-250,Turbo 3.5,,,57502,,consolidated:full_oil_filter_workbook,"{""napa_gold_filter"":""7502"",""source_status"":""ENGINE_FILTER_FAMILY_CONTINUITY — Engine Oil: 3/3 same engine/filter family; Oil Capacity: 3/3 same engine/filter family; Oil Plug Torque: 3/3 same engine/filter family. WIX official application matched; NAPA Gold cross-reference derived from WIX/NAPA convention; STP cross-reference not verified."",""verification_status"":""incomplete"",""source_files"":""fulloilandfilter2022to2027;release_2022_2027_final_audit""}",incomplete,oil_type;oil_capacity;stp_filter,2023|ford|transit250|turbo35
f7919591f8894ba242f355c4,2023,Ford,Transit-350,3.5,,,57502,,consolidated:full_oil_filter_workbook,"{""napa_gold_filter"":""7502"",""source_status"":""ENGINE_FILTER_FAMILY_CONTINUITY — Engine Oil: 2/2 same engine/filter family; Oil Capacity: 2/2 same engine/filter family; Oil Plug Torque: 2/2 same engine/filter family. WIX official application matched; NAPA Gold cross-reference derived from WIX/NAPA convention; STP cross-reference not verified."",""verification_status"":""incomplete"",""source_files"":""fulloilandfilter2022to2027;release_2022_2027_final_audit""}",incomplete,oil_type;oil_capacity;stp_filter,2023|ford|transit350|35
974dad88c21e1ff5cad9f96c,2023,Ford,Transit-350,Diesel 2,,,57502,,consolidated:full_oil_filter_workbook,"{""napa_gold_filter"":""7502"",""source_status"":""ENGINE_FILTER_FAMILY_CONTINUITY — Engine Oil: 1/1 same engine/filter family; Oil Capacity: 1/1 same engine/filter family; Oil Plug Torque: 1/1 same engine/filter family. WIX official application matched; NAPA Gold cross-reference derived from WIX/NAPA convention; STP cross-reference not verified."",""verification_status"":""incomplete"",""source_files"":""fulloilandfilter2022to2027;release_2022_2027_final_audit""}",incomplete,oil_type;oil_capacity;stp_filter,2023|ford|transit350|diesel2
7ea076a34d2645379220f546,2023,Ford,Transit-350,Turbo 3.5,,,57502,,consolidated:full_oil_filter_workbook,"{""napa_gold_filter"":""7502"",""source_status"":""ENGINE_FILTER_FAMILY_CONTINUITY — Engine Oil: 4/4 same engine/filter family; Oil Capacity: 4/4 same engine/filter family; Oil Plug Torque: 4/4 same engine/filter family. WIX official application matched; NAPA Gold cross-reference derived from WIX/NAPA convention; STP cross-reference not verified."",""verification_status"":""incomplete"",""source_files"":""fulloilandfilter2022to2027;release_2022_2027_final_audit""}",incomplete,oil_type;oil_capacity;stp_filter,2023|ford|transit350|turbo35
da0d519b7a84de869f63d032,2023,Ford,Transit-350 Hd,3.5,,,57502,,consolidated:full_oil_filter_workbook,"{""napa_gold_filter"":""7502"",""source_status"":""ENGINE_FILTER_FAMILY_CONTINUITY — Engine Oil: 3/3 same engine/filter family; Oil Capacity: 3/3 same engine/filter family; Oil Plug Torque: 3/3 same engine/filter family. WIX official application matched; NAPA Gold cross-reference derived from WIX/NAPA convention; STP cross-reference not verified."",""verification_status"":""incomplete"",""source_files"":""fulloilandfilter2022to2027;release_2022_2027_final_audit""}",incomplete,oil_type;oil_capacity;stp_filter,2023|ford|transit350hd|35
1397cd95613eb5d8654fcecd,2023,Ford,Transit-350 Hd,Turbo 3.5,,,57502,,consolidated:full_oil_filter_workbook,"{""napa_gold_filter"":""7502"",""source_status"":""ENGINE_FILTER_FAMILY_CONTINUITY — Engine Oil: 5/5 same engine/filter family; Oil Capacity: 5/5 same engine/filter family; Oil Plug Torque: 5/5 same engine/filter family. WIX official application matched; NAPA Gold cross-reference derived from WIX/NAPA convention; STP cross-reference not verified."",""verification_status"":""incomplete"",""source_files"":""fulloilandfilter2022to2027;release_2022_2027_final_audit""}",incomplete,oil_type;oil_capacity;stp_filter,2023|ford|transit350hd|turbo35
fb6c18904850879d051939b9,2023,Ford Trucks,Bronco,Turbo 3,,,WL10050,,consolidated:full_oil_filter_workbook,"{""napa_gold_filter"":""10050"",""stp_filter"":""S11955 / S11955XL"",""source_status"":""UNVERIFIED_OIL_SERVICE_DATA — Engine Oil: no validated continuity source; Oil Capacity: no validated continuity source; Oil Plug Torque: no validated continuity source. WIX official application matched; NAPA Gold cross-reference derived from WIX/NAPA convention; STP product-level cross-reference validated."",""verification_status"":""unverified"",""source_files"":""fulloilandfilter2022to2027;release_2022_2027_final_audit""}",unverified,oil_type;oil_capacity,2023|fordtrucks|bronco|turbo3
fed6763a73e04bacea14e0c1,2023,Ford Trucks,Bronco Sport,Turbo 2,,,51348,,consolidated:full_oil_filter_workbook,"{""napa_gold_filter"":""1348"",""stp_filter"":""PH2811"",""source_status"":""UNVERIFIED_OIL_SERVICE_DATA — Engine Oil: no validated continuity source; Oil Capacity: no validated continuity source; Oil Plug Torque: no validated continuity source. WIX official application matched; NAPA Gold cross-reference derived from WIX/NAPA convention; STP product-level cross-reference validated."",""verification_status"":""unverified"",""source_files"":""fulloilandfilter2022to2027;release_2022_2027_final_audit""}",unverified,oil_type;oil_capacity,2023|fordtrucks|broncosport|turbo2
f510dee89782b4e8a70116a3,2023,Ford Trucks,Edge,Turbo 2,,,51348,,consolidated:full_oil_filter_workbook,"{""napa_gold_filter"":""1348"",""stp_filter"":""PH2811"",""source_status"":""ENGINE_FILTER_FAMILY_CONTINUITY — Engine Oil: 1/1 same engine/filter family; Oil Capacity: 1/1 same engine/filter family; Oil Plug Torque: 1/1 same engine/filter family. WIX official application matched; NAPA Gold cross-reference derived from WIX/NAPA convention; STP product-level cross-reference validated."",""verification_status"":""incomplete"",""source_files"":""fulloilandfilter2022to2027;release_2022_2027_final_audit""}",incomplete,oil_type;oil_capacity,2023|fordtrucks|edge|turbo2
5c8ab1b54c56014a5cb26ad5,2023,Ford Trucks,Escape,Hybrid 2.5,,,51348,,consolidated:full_oil_filter_workbook,"{""napa_gold_filter"":""1348"",""stp_filter"":""PH2811"",""source_status"":""UNVERIFIED_OIL_SERVICE_DATA — Engine Oil: no validated continuity source; Oil Capacity: no validated continuity source; Oil Plug Torque: no validated continuity source. WIX official application matched; NAPA Gold cross-reference derived from WIX/NAPA convention; STP product-level cross-reference validated."",""verification_status"":""unverified"",""source_files"":""fulloilandfilter2022to2027;release_2022_2027_final_audit""}",unverified,oil_type;oil_capacity,2023|fordtrucks|escape|hybrid25
5f3b25f3d294784bf88a6f5a,2023,Ford Trucks,Escape,Turbo 2,,,51348,,consolidated:full_oil_filter_workbook,"{""napa_gold_filter"":""1348"",""stp_filter"":""PH2811"",""source_status"":""ENGINE_FILTER_FAMILY_CONTINUITY — Engine Oil: 2/2 same engine/filter family; Oil Capacity: 2/2 same engine/filter family; Oil Plug Torque: 2/2 same engine/filter family. WIX official application matched; NAPA Gold cross-reference derived from WIX/NAPA convention; STP product-level cross-reference validated."",""verification_status"":""incomplete"",""source_files"":""fulloilandfilter2022to2027;release_2022_2027_final_audit""}",incomplete,oil_type;oil_capacity,2023|fordtrucks|escape|turbo2
d07ec7f53202de6b5e6fcbb9,2023,Ford Trucks,Explorer,Hybrid 3.3,,,57502,,consolidated:full_oil_filter_workbook,"{""napa_gold_filter"":""7502"",""source_status"":""UNVERIFIED_OIL_SERVICE_DATA — Engine Oil: no validated continuity source; Oil Capacity: no validated continuity source; Oil Plug Torque: no validated continuity source. WIX official application matched; NAPA Gold cross-reference derived from WIX/NAPA convention; STP cross-reference not verified."",""verification_status"":""unverified"",""source_files"":""fulloilandfilter2022to2027;release_2022_2027_final_audit""}",unverified,oil_type;oil_capacity;stp_filter,2023|fordtrucks|explorer|hybrid33
1e3e5a88a4e294df9b05afa0,2023,Ford Trucks,Explorer,Turbo 3,,,WL10050,,consolidated:full_oil_filter_workbook,"{""napa_gold_filter"":""10050"",""stp_filter"":""S11955 / S11955XL"",""source_status"":""ENGINE_FILTER_FAMILY_CONTINUITY — Engine Oil: 1/1 same engine/filter family; Oil Capacity: 1/1 same engine/filter family; Oil Plug Torque: 1/1 same engine/filter family. WIX official application matched; NAPA Gold cross-reference derived from WIX/NAPA convention; STP product-level cross-reference validated."",""verification_status"":""incomplete"",""source_files"":""fulloilandfilter2022to2027;release_2022_2027_final_audit""}",incomplete,oil_type;oil_capacity,2023|fordtrucks|explorer|turbo3
b46c44eb8c36bbda8f8b2e66,2023,Ford Trucks,Maverick,Hybrid 2.5,,,51348,,consolidated:full_oil_filter_workbook,"{""napa_gold_filter"":""1348"",""stp_filter"":""PH2811"",""source_status"":""ENGINE_FILTER_FAMILY_CONTINUITY — Engine Oil: 1/1 same engine/filter family; Oil Capacity: 1/1 same engine/filter family; Oil Plug Torque: 1/1 same engine/filter family. WIX official application matched; NAPA Gold cross-reference derived from WIX/NAPA convention; STP product-level cross-reference validated."",""verification_status"":""incomplete"",""source_files"":""fulloilandfilter2022to2027;release_2022_2027_final_audit""}",incomplete,oil_type;oil_capacity,2023|fordtrucks|maverick|hybrid25
0c56d2cc3c6f2498e0c83b40,2023,Ford Trucks,Maverick,Turbo 2,,,51348,,consolidated:full_oil_filter_workbook,"{""napa_gold_filter"":""1348"",""stp_filter"":""PH2811"",""source_status"":""ENGINE_FILTER_FAMILY_CONTINUITY — Engine Oil: 3/3 same engine/filter family; Oil Capacity: 3/3 same engine/filter family; Oil Plug Torque: 3/3 same engine/filter family. WIX official application matched; NAPA Gold cross-reference derived from WIX/NAPA convention; STP product-level cross-reference validated."",""verification_status"":""incomplete"",""source_files"":""fulloilandfilter2022to2027;release_2022_2027_final_audit""}",incomplete,oil_type;oil_capacity,2023|fordtrucks|maverick|turbo2
614d1b94bb48df86e1193ffc,2023,Ford Trucks,Pickup F-Series Super Duty (Up To 550 Series),6.8,,,51372,,consolidated:full_oil_filter_workbook,"{""napa_gold_filter"":""1372"",""source_status"":""UNVERIFIED_OIL_SERVICE_DATA — Engine Oil: no validated continuity source; Oil Capacity: no validated continuity source; Oil Plug Torque: no validated continuity source. WIX official application matched; NAPA Gold cross-reference derived from WIX/NAPA convention; STP cross-reference not verified."",""verification_status"":""unverified"",""source_files"":""fulloilandfilter2022to2027;release_2022_2027_final_audit""}",unverified,oil_type;oil_capacity;stp_filter,2023|fordtrucks|pickupfseriessuperdutyupto550series|68
347d65786c4bc731696caaaf,2023,Ford Trucks,Pickup F-Series Super Duty (Up To 550 Series),Diesel 6.7,,,57151,,consolidated:full_oil_filter_workbook,"{""napa_gold_filter"":""7151"",""stp_filter"":""S10890 / S10890XL"",""source_status"":""UNVERIFIED_OIL_SERVICE_DATA — Engine Oil: no validated continuity source; Oil Capacity: no validated continuity source; Oil Plug Torque: no validated continuity source. WIX official application matched; NAPA Gold cross-reference derived from WIX/NAPA convention; STP product-level cross-reference validated."",""verification_status"":""unverified"",""source_files"":""fulloilandfilter2022to2027;release_2022_2027_final_audit""}",unverified,oil_type;oil_capacity,2023|fordtrucks|pickupfseriessuperdutyupto550series|diesel67
b22ed42e29083619e449416a,2023,Ford Trucks,Pickup F150 All,5.2,,,57502,,consolidated:full_oil_filter_workbook,"{""napa_gold_filter"":""7502"",""source_status"":""UNVERIFIED_OIL_SERVICE_DATA — Engine Oil: no validated continuity source; Oil Capacity: no validated continuity source; Oil Plug Torque: no validated continuity source. WIX official application matched; NAPA Gold cross-reference derived from WIX/NAPA convention; STP cross-reference not verified."",""verification_status"":""unverified"",""source_files"":""fulloilandfilter2022to2027;release_2022_2027_final_audit""}",unverified,oil_type;oil_capacity;stp_filter,2023|fordtrucks|pickupf150all|52
af74c7b6c69629a58fb1c3b9,2023,Ford Trucks,Pickup F150 All,Hybrid 3.5,,,57502,,consolidated:full_oil_filter_workbook,"{""napa_gold_filter"":""7502"",""source_status"":""UNVERIFIED_OIL_SERVICE_DATA — Engine Oil: no validated continuity source; Oil Capacity: no validated continuity source; Oil Plug Torque: no validated continuity source. WIX official application matched; NAPA Gold cross-reference derived from WIX/NAPA convention; STP cross-reference not verified."",""verification_status"":""unverified"",""source_files"":""fulloilandfilter2022to2027;release_2022_2027_final_audit""}",unverified,oil_type;oil_capacity;stp_filter,2023|fordtrucks|pickupf150all|hybrid35
ebfc88123f6723f93b141932,2023,Ford Trucks,Police Interceptor Utility,Turbo 3,,,WL10050,,consolidated:full_oil_filter_workbook,"{""napa_gold_filter"":""10050"",""stp_filter"":""S11955 / S11955XL"",""source_status"":""ENGINE_FILTER_FAMILY_CONTINUITY — Engine Oil: 2/2 same engine/filter family; Oil Capacity: 2/2 same engine/filter family; Oil Plug Torque: 2/2 same engine/filter family. WIX official application matched; NAPA Gold cross-reference derived from WIX/NAPA convention; STP product-level cross-reference validated."",""verification_status"":""incomplete"",""source_files"":""fulloilandfilter2022to2027;release_2022_2027_final_audit""}",incomplete,oil_type;oil_capacity,2023|fordtrucks|policeinterceptorutility|turbo3
9f40e1ba35de706734be2f14,2023,Ford Trucks,Transit Connect,Turbo 2,,,51348,,consolidated:full_oil_filter_workbook,"{""napa_gold_filter"":""1348"",""stp_filter"":""PH2811"",""source_status"":""ENGINE_FILTER_FAMILY_CONTINUITY — Engine Oil: 4/4 same engine/filter family; Oil Capacity: 4/4 same engine/filter family; Oil Plug Torque: 4/4 same engine/filter family. WIX official application matched; NAPA Gold cross-reference derived from WIX/NAPA convention; STP product-level cross-reference validated."",""verification_status"":""incomplete"",""source_files"":""fulloilandfilter2022to2027;release_2022_2027_final_audit""}",incomplete,oil_type;oil_capacity,2023|fordtrucks|transitconnect|turbo2
85a6adaf9cfdab32df6a1f77,2023,Ford Trucks,Transit-250,Diesel 2,,,57502,,consolidated:full_oil_filter_workbook,"{""napa_gold_filter"":""7502"",""source_status"":""UNVERIFIED_OIL_SERVICE_DATA — Engine Oil: no validated continuity source; Oil Capacity: no validated continuity source; Oil Plug Torque: no validated continuity source. WIX official application matched; NAPA Gold cross-reference derived from WIX/NAPA convention; STP cross-reference not verified."",""verification_status"":""unverified"",""source_files"":""fulloilandfilter2022to2027;release_2022_2027_final_audit""}",unverified,oil_type;oil_capacity;stp_filter,2023|fordtrucks|transit250|diesel2
9deb80aabe5d2b2bbf7fa65e,2023,Ford Trucks,Transit-350,Diesel 2,,,57502,,consolidated:full_oil_filter_workbook,"{""napa_gold_filter"":""7502"",""source_status"":""ENGINE_FILTER_FAMILY_CONTINUITY — Engine Oil: 1/1 same engine/filter family; Oil Capacity: 1/1 same engine/filter family; Oil Plug Torque: 1/1 same engine/filter family. WIX official application matched; NAPA Gold cross-reference derived from WIX/NAPA convention; STP cross-reference not verified."",""verification_status"":""incomplete"",""source_files"":""fulloilandfilter2022to2027;release_2022_2027_final_audit""}",incomplete,oil_type;oil_capacity;stp_filter,2023|fordtrucks|transit350|diesel2
8b98d51f8cd5d3f6839aeace,2023,GMC Trucks,Acadia,Turbo 2,,,WL10351,,consolidated:full_oil_filter_workbook,"{""napa_gold_filter"":""10351"",""stp_filter"":""S45008"",""source_status"":""UNVERIFIED_OIL_SERVICE_DATA — Engine Oil: no validated continuity source; Oil Capacity: no validated continuity source; Oil Plug Torque: no validated continuity source. WIX official application matched; NAPA Gold cross-reference derived from WIX/NAPA convention; STP product-level cross-reference validated."",""verification_status"":""unverified"",""source_files"":""fulloilandfilter2022to2027;release_2022_2027_final_audit""}",unverified,oil_type;oil_capacity,2023|gmctrucks|acadia|turbo2
d3d7208cdeb932bf76a73a28,2023,GMC Trucks,Sierra 1500,Diesel 3,,,WL10351,,consolidated:full_oil_filter_workbook,"{""napa_gold_filter"":""10351"",""stp_filter"":""S45008"",""source_status"":""UNVERIFIED_OIL_SERVICE_DATA — Engine Oil: no validated continuity source; Oil Capacity: no validated continuity source; Oil Plug Torque: no validated continuity source. WIX official application matched; NAPA Gold cross-reference derived from WIX/NAPA convention; STP product-level cross-reference validated."",""verification_status"":""unverified"",""source_files"":""fulloilandfilter2022to2027;release_2022_2027_final_audit""}",unverified,oil_type;oil_capacity,2023|gmctrucks|sierra1500|diesel3
64933d07e62edecd4c4b14a5,2023,GMC Trucks,Yukon,Diesel 3,,,WL10351,,consolidated:full_oil_filter_workbook,"{""napa_gold_filter"":""10351"",""stp_filter"":""S45008"",""source_status"":""ENGINE_FILTER_FAMILY_CONTINUITY — Engine Oil: 1/1 same engine/filter family; Oil Capacity: 1/1 same engine/filter family; Oil Plug Torque: 1/1 same engine/filter family. WIX official application matched; NAPA Gold cross-reference derived from WIX/NAPA convention; STP product-level cross-reference validated."",""verification_status"":""incomplete"",""source_files"":""fulloilandfilter2022to2027;release_2022_2027_final_audit""}",incomplete,oil_type;oil_capacity,2023|gmctrucks|yukon|diesel3
2f3821fbaebc91af96a70ef4,2023,GMC Trucks,Yukon Xl,Diesel 3,,,WL10351,,consolidated:full_oil_filter_workbook,"{""napa_gold_filter"":""10351"",""stp_filter"":""S45008"",""source_status"":""ENGINE_FILTER_FAMILY_CONTINUITY — Engine Oil: 2/2 same engine/filter family; Oil Capacity: 2/2 same engine/filter family; Oil Plug Torque: 2/2 same engine/filter family. WIX official application matched; NAPA Gold cross-reference derived from WIX/NAPA convention; STP product-level cross-reference validated."",""verification_status"":""incomplete"",""source_files"":""fulloilandfilter2022to2027;release_2022_2027_final_audit""}",incomplete,oil_type;oil_capacity,2023|gmctrucks|yukonxl|diesel3
b2988024100015b5e6556f04,2023,Genesis,G70,Turbo 2,,,51334,,consolidated:full_oil_filter_workbook,"{""napa_gold_filter"":""1334"",""stp_filter"":""PH7010"",""source_status"":""UNVERIFIED_OIL_SERVICE_DATA — Engine Oil: no validated continuity source; Oil Capacity: no validated continuity source; Oil Plug Torque: no validated continuity source. WIX official application matched; NAPA Gold cross-reference derived from WIX/NAPA convention; STP product-level cross-reference validated."",""verification_status"":""unverified"",""source_files"":""fulloilandfilter2022to2027;release_2022_2027_final_audit""}",unverified,oil_type;oil_capacity,2023|genesis|g70|turbo2
b48a7d451412e2bbfc118a53,2023,Honda,Accord,Hybrid 2,,,57356,,consolidated:full_oil_filter_workbook,"{""napa_gold_filter"":""7356"",""source_status"":""UNVERIFIED_OIL_SERVICE_DATA — Engine Oil: no validated continuity source; Oil Capacity: no validated continuity source; Oil Plug Torque: no validated continuity source. WIX official application matched; NAPA Gold cross-reference derived from WIX/NAPA convention; STP cross-reference not verified."",""verification_status"":""unverified"",""source_files"":""fulloilandfilter2022to2027;release_2022_2027_final_audit""}",unverified,oil_type;oil_capacity;stp_filter,2023|honda|accord|hybrid2
ff19ff366da55f96594f0812,2023,Honda,Accord,Turbo 2,,,57356,,consolidated:full_oil_filter_workbook,"{""napa_gold_filter"":""7356"",""source_status"":""UNVERIFIED_OIL_SERVICE_DATA — Engine Oil: no validated continuity source; Oil Capacity: no validated continuity source; Oil Plug Torque: no validated continuity source. WIX official application matched; NAPA Gold cross-reference derived from WIX/NAPA convention; STP cross-reference not verified."",""verification_status"":""unverified"",""source_files"":""fulloilandfilter2022to2027;release_2022_2027_final_audit""}",unverified,oil_type;oil_capacity;stp_filter,2023|honda|accord|turbo2
9d23fb65ecc132476b58a0c4,2023,Honda,Civic,Turbo 2,,,57356,,consolidated:full_oil_filter_workbook,"{""napa_gold_filter"":""7356"",""source_status"":""ENGINE_FILTER_FAMILY_CONTINUITY — Engine Oil: 1/1 same engine/filter family; Oil Capacity: 1/1 same engine/filter family; Oil Plug Torque: 1/1 same engine/filter family. WIX official application matched; NAPA Gold cross-reference derived from WIX/NAPA convention; STP cross-reference not verified."",""verification_status"":""incomplete"",""source_files"":""fulloilandfilter2022to2027;release_2022_2027_final_audit""}",incomplete,oil_type;oil_capacity;stp_filter,2023|honda|civic|turbo2
c837e9032318176bc916a48a,2023,Honda,Cr-V,Hybrid 2,,,57356,,consolidated:full_oil_filter_workbook,"{""napa_gold_filter"":""7356"",""source_status"":""ENGINE_FILTER_FAMILY_CONTINUITY — Engine Oil: 1/1 same engine/filter family; Oil Capacity: 1/1 same engine/filter family; Oil Plug Torque: 1/1 same engine/filter family. WIX official application matched; NAPA Gold cross-reference derived from WIX/NAPA convention; STP cross-reference not verified."",""verification_status"":""incomplete"",""source_files"":""fulloilandfilter2022to2027;release_2022_2027_final_audit""}",incomplete,oil_type;oil_capacity;stp_filter,2023|honda|crv|hybrid2
141d1e426069f435d54945fc,2023,Hyundai,Elantra,Hybrid 1.6,,,51334,,consolidated:full_oil_filter_workbook,"{""napa_gold_filter"":""1334"",""stp_filter"":""PH7010"",""source_status"":""UNVERIFIED_OIL_SERVICE_DATA — Engine Oil: no validated continuity source; Oil Capacity: no validated continuity source; Oil Plug Torque: no validated continuity source. WIX official application matched; NAPA Gold cross-reference derived from WIX/NAPA convention; STP product-level cross-reference validated."",""verification_status"":""unverified"",""source_files"":""fulloilandfilter2022to2027;release_2022_2027_final_audit""}",unverified,oil_type;oil_capacity,2023|hyundai|elantra|hybrid16
7aeb5707beba533a81719881,2023,Hyundai,Elantra N,Turbo 2,,,51334,,consolidated:full_oil_filter_workbook,"{""napa_gold_filter"":""1334"",""stp_filter"":""PH7010"",""source_status"":""UNVERIFIED_OIL_SERVICE_DATA — Engine Oil: no validated continuity source; Oil Capacity: no validated continuity source; Oil Plug Torque: no validated continuity source. WIX official application matched; NAPA Gold cross-reference derived from WIX/NAPA convention; STP product-level cross-reference validated."",""verification_status"":""unverified"",""source_files"":""fulloilandfilter2022to2027;release_2022_2027_final_audit""}",unverified,oil_type;oil_capacity,2023|hyundai|elantran|turbo2
aa76ab408b49a1a684d51d60,2023,Hyundai,Ioniq,Hybrid 1.6,,,51334,,consolidated:full_oil_filter_workbook,"{""napa_gold_filter"":""1334"",""stp_filter"":""PH7010"",""source_status"":""ENGINE_FILTER_FAMILY_CONTINUITY — Engine Oil: 1/1 same engine/filter family; Oil Capacity: 1/1 same engine/filter family; Oil Plug Torque: 1/1 same engine/filter family. WIX official application matched; NAPA Gold cross-reference derived from WIX/NAPA convention; STP product-level cross-reference validated."",""verification_status"":""incomplete"",""source_files"":""fulloilandfilter2022to2027;release_2022_2027_final_audit""}",incomplete,oil_type;oil_capacity,2023|hyundai|ioniq|hybrid16
8b0cabc697dc3c0e6d123ed1,2023,Hyundai,Kona N,Turbo 2,,,51334,,consolidated:full_oil_filter_workbook,"{""napa_gold_filter"":""1334"",""stp_filter"":""PH7010"",""source_status"":""ENGINE_FILTER_FAMILY_CONTINUITY — Engine Oil: 1/1 same engine/filter family; Oil Capacity: 1/1 same engine/filter family; Oil Plug Torque: 1/1 same engine/filter family. WIX official application matched; NAPA Gold cross-reference derived from WIX/NAPA convention; STP product-level cross-reference validated."",""verification_status"":""incomplete"",""source_files"":""fulloilandfilter2022to2027;release_2022_2027_final_audit""}",incomplete,oil_type;oil_capacity,2023|hyundai|konan|turbo2
28d987c129a6a72669fa364f,2023,Hyundai,Sonata,Hybrid 2,,,WL10521,,consolidated:full_oil_filter_workbook,"{""napa_gold_filter"":""10521"",""stp_filter"":""S45028 / S45028XL"",""source_status"":""UNVERIFIED_OIL_SERVICE_DATA — Engine Oil: no validated continuity source; Oil Capacity: no validated continuity source; Oil Plug Torque: no validated continuity source. WIX official application matched; NAPA Gold cross-reference derived from WIX/NAPA convention; STP product-level cross-reference validated."",""verification_status"":""unverified"",""source_files"":""fulloilandfilter2022to2027;release_2022_2027_final_audit""}",unverified,oil_type;oil_capacity,2023|hyundai|sonata|hybrid2
97936364ca28044332d79215,2023,Infiniti,Q50,Turbo 3,,,51358,,consolidated:full_oil_filter_workbook,"{""napa_gold_filter"":""1358"",""stp_filter"":""PH2865 / PH7028"",""source_status"":""UNVERIFIED_OIL_SERVICE_DATA — Engine Oil: no validated continuity source; Oil Capacity: no validated continuity source; Oil Plug Torque: no validated continuity source. WIX official application matched; NAPA Gold cross-reference derived from WIX/NAPA convention; STP product-level cross-reference validated."",""verification_status"":""unverified"",""source_files"":""fulloilandfilter2022to2027;release_2022_2027_final_audit""}",unverified,oil_type;oil_capacity,2023|infiniti|q50|turbo3
1529669805437fe7f4d035a9,2023,Infiniti,Qx50,Turbo 2,,,51358,,consolidated:full_oil_filter_workbook,"{""napa_gold_filter"":""1358"",""stp_filter"":""PH2865 / PH7028"",""source_status"":""UNVERIFIED_OIL_SERVICE_DATA — Engine Oil: no validated continuity source; Oil Capacity: no validated continuity source; Oil Plug Torque: no validated continuity source. WIX official application matched; NAPA Gold cross-reference derived from WIX/NAPA convention; STP product-level cross-reference validated."",""verification_status"":""unverified"",""source_files"":""fulloilandfilter2022to2027;release_2022_2027_final_audit""}",unverified,oil_type;oil_capacity,2023|infiniti|qx50|turbo2
419a0a3f6af38a75f19b00fb,2023,Infiniti,Qx55,Turbo 2,,,51358,,consolidated:full_oil_filter_workbook,"{""napa_gold_filter"":""1358"",""stp_filter"":""PH2865 / PH7028"",""source_status"":""ENGINE_FILTER_FAMILY_CONTINUITY — Engine Oil: 1/1 same engine/filter family; Oil Capacity: 1/1 same engine/filter family; Oil Plug Torque: 1/1 same engine/filter family. WIX official application matched; NAPA Gold cross-reference derived from WIX/NAPA convention; STP product-level cross-reference validated."",""verification_status"":""incomplete"",""source_files"":""fulloilandfilter2022to2027;release_2022_2027_final_audit""}",incomplete,oil_type;oil_capacity,2023|infiniti|qx55|turbo2
c30c331ccd84929b9e73c154,2023,Jaguar,E-Pace,Turbo 2,,,WL10419,,consolidated:full_oil_filter_workbook,"{""napa_gold_filter"":""10419"",""stp_filter"":""S45004"",""source_status"":""UNVERIFIED_OIL_SERVICE_DATA — Engine Oil: no validated continuity source; Oil Capacity: no validated continuity source; Oil Plug Torque: no validated continuity source. WIX official application matched; NAPA Gold cross-reference derived from WIX/NAPA convention; STP product-level cross-reference validated."",""verification_status"":""unverified"",""source_files"":""fulloilandfilter2022to2027;release_2022_2027_final_audit""}",unverified,oil_type;oil_capacity,2023|jaguar|epace|turbo2
82d21b2fc90adbc48e8493ae,2023,Jaguar,F-Pace,Turbo 2,,,WL10419,,consolidated:full_oil_filter_workbook,"{""napa_gold_filter"":""10419"",""stp_filter"":""S45004"",""source_status"":""ENGINE_FILTER_FAMILY_CONTINUITY — Engine Oil: 1/1 same engine/filter family; Oil Capacity: 1/1 same engine/filter family; Oil Plug Torque: 1/1 same engine/filter family. WIX official application matched; NAPA Gold cross-reference derived from WIX/NAPA convention; STP product-level cross-reference validated."",""verification_status"":""incomplete"",""source_files"":""fulloilandfilter2022to2027;release_2022_2027_final_audit""}",incomplete,oil_type;oil_capacity,2023|jaguar|fpace|turbo2
9132dd3f90924da8f6778b81,2023,Jaguar,F-Pace,Turbo 3,,,WL10513,,consolidated:full_oil_filter_workbook,"{""napa_gold_filter"":""10513"",""source_status"":""UNVERIFIED_OIL_SERVICE_DATA — Engine Oil: no validated continuity source; Oil Capacity: no validated continuity source; Oil Plug Torque: no validated continuity source. WIX official application matched; NAPA Gold cross-reference derived from WIX/NAPA convention; STP cross-reference not verified."",""verification_status"":""unverified"",""source_files"":""fulloilandfilter2022to2027;release_2022_2027_final_audit""}",unverified,oil_type;oil_capacity;stp_filter,2023|jaguar|fpace|turbo3
edd16c74743a2bd1ad114a20,2023,Jaguar,Xf,Turbo 2,,,WL10419,,consolidated:full_oil_filter_workbook,"{""napa_gold_filter"":""10419"",""stp_filter"":""S45004"",""source_status"":""ENGINE_FILTER_FAMILY_CONTINUITY — Engine Oil: 2/2 same engine/filter family; Oil Capacity: 2/2 same engine/filter family; Oil Plug Torque: 2/2 same engine/filter family. WIX official application matched; NAPA Gold cross-reference derived from WIX/NAPA convention; STP product-level cross-reference validated."",""verification_status"":""incomplete"",""source_files"":""fulloilandfilter2022to2027;release_2022_2027_final_audit""}",incomplete,oil_type;oil_capacity,2023|jaguar|xf|turbo2
4fe922ebef7749019512d7a9,2023,Jeep,Cherokee,Turbo 2,,,57060,,consolidated:full_oil_filter_workbook,"{""napa_gold_filter"":""7060"",""stp_filter"":""S3506"",""source_status"":""UNVERIFIED_OIL_SERVICE_DATA — Engine Oil: no validated continuity source; Oil Capacity: no validated continuity source; Oil Plug Torque: no validated continuity source. WIX official application matched; NAPA Gold cross-reference derived from WIX/NAPA convention; STP product-level cross-reference validated."",""verification_status"":""unverified"",""source_files"":""fulloilandfilter2022to2027;release_2022_2027_final_audit""}",unverified,oil_type;oil_capacity,2023|jeep|cherokee|turbo2
d521566bbeaf34007f73318a,2023,Jeep,Compass,Turbo 2,,,57060,,consolidated:full_oil_filter_workbook,"{""napa_gold_filter"":""7060"",""stp_filter"":""S3506"",""source_status"":""ENGINE_FILTER_FAMILY_CONTINUITY — Engine Oil: 1/1 same engine/filter family; Oil Capacity: 1/1 same engine/filter family; Oil Plug Torque: 1/1 same engine/filter family. WIX official application matched; NAPA Gold cross-reference derived from WIX/NAPA convention; STP product-level cross-reference validated."",""verification_status"":""incomplete"",""source_files"":""fulloilandfilter2022to2027;release_2022_2027_final_audit""}",incomplete,oil_type;oil_capacity,2023|jeep|compass|turbo2
017d1155390f1ff110b17baf,2023,Jeep,Gladiator,Diesel 3,,,WL10614,,consolidated:full_oil_filter_workbook,"{""napa_gold_filter"":""10614"",""stp_filter"":""S45027"",""source_status"":""UNVERIFIED_OIL_SERVICE_DATA — Engine Oil: no validated continuity source; Oil Capacity: no validated continuity source; Oil Plug Torque: no validated continuity source. WIX official application matched; NAPA Gold cross-reference derived from WIX/NAPA convention; STP product-level cross-reference validated."",""verification_status"":""unverified"",""source_files"":""fulloilandfilter2022to2027;release_2022_2027_final_audit""}",unverified,oil_type;oil_capacity,2023|jeep|gladiator|diesel3
7ed2f4effdc6aaa140f0f6d5,2023,Jeep,Grand Cherokee,Turbo 2,,,57060,,consolidated:full_oil_filter_workbook,"{""napa_gold_filter"":""7060"",""stp_filter"":""S3506"",""source_status"":""ENGINE_FILTER_FAMILY_CONTINUITY — Engine Oil: 2/2 same engine/filter family; Oil Capacity: 2/2 same engine/filter family; Oil Plug Torque: 2/2 same engine/filter family. WIX official application matched; NAPA Gold cross-reference derived from WIX/NAPA convention; STP product-level cross-reference validated."",""verification_status"":""incomplete"",""source_files"":""fulloilandfilter2022to2027;release_2022_2027_final_audit""}",incomplete,oil_type;oil_capacity,2023|jeep|grandcherokee|turbo2
8f277978cb02814cfcb07f4b,2023,Jeep,Grand Wagoneer,Turbo 3,,,57045,,consolidated:full_oil_filter_workbook,"{""napa_gold_filter"":""7045"",""stp_filter"":""S10590 / S10590XL"",""source_status"":""UNVERIFIED_OIL_SERVICE_DATA — Engine Oil: no validated continuity source; Oil Capacity: no validated continuity source; Oil Plug Torque: no validated continuity source. WIX official application matched; NAPA Gold cross-reference derived from WIX/NAPA convention; STP product-level cross-reference validated."",""verification_status"":""unverified"",""source_files"":""fulloilandfilter2022to2027;release_2022_2027_final_audit""}",unverified,oil_type;oil_capacity,2023|jeep|grandwagoneer|turbo3
f689cfab50ac8aae9e5b15dc,2023,Jeep,Grand Wagoneer L,Turbo 3,,,57045,,consolidated:full_oil_filter_workbook,"{""napa_gold_filter"":""7045"",""stp_filter"":""S10590 / S10590XL"",""source_status"":""ENGINE_FILTER_FAMILY_CONTINUITY — Engine Oil: 1/1 same engine/filter family; Oil Capacity: 1/1 same engine/filter family; Oil Plug Torque: 1/1 same engine/filter family. WIX official application matched; NAPA Gold cross-reference derived from WIX/NAPA convention; STP product-level cross-reference validated."",""verification_status"":""incomplete"",""source_files"":""fulloilandfilter2022to2027;release_2022_2027_final_audit""}",incomplete,oil_type;oil_capacity,2023|jeep|grandwagoneerl|turbo3
f738d91135e470a0934bbb5b,2023,Jeep,WRANGLER 4Xe,Turbo 2,,,57060,,consolidated:full_oil_filter_workbook,"{""napa_gold_filter"":""7060"",""stp_filter"":""S3506"",""source_status"":""ENGINE_FILTER_FAMILY_CONTINUITY — Engine Oil: 3/3 same engine/filter family; Oil Capacity: 3/3 same engine/filter family; Oil Plug Torque: 3/3 same engine/filter family. WIX official application matched; NAPA Gold cross-reference derived from WIX/NAPA convention; STP product-level cross-reference validated."",""verification_status"":""incomplete"",""source_files"":""fulloilandfilter2022to2027;release_2022_2027_final_audit""}",incomplete,oil_type;oil_capacity,2023|jeep|wrangler4xe|turbo2
5d6efcf4053951f01c93cf37,2023,Jeep,Wagoneer,Turbo 3,,,57045,,consolidated:full_oil_filter_workbook,"{""napa_gold_filter"":""7045"",""stp_filter"":""S10590 / S10590XL"",""source_status"":""ENGINE_FILTER_FAMILY_CONTINUITY — Engine Oil: 2/2 same engine/filter family; Oil Capacity: 2/2 same engine/filter family; Oil Plug Torque: 2/2 same engine/filter family. WIX official application matched; NAPA Gold cross-reference derived from WIX/NAPA convention; STP product-level cross-reference validated."",""verification_status"":""incomplete"",""source_files"":""fulloilandfilter2022to2027;release_2022_2027_final_audit""}",incomplete,oil_type;oil_capacity,2023|jeep|wagoneer|turbo3
cab9a0bf913ca9b1fe037776,2023,Jeep,Wagoneer L,Turbo 3,,,57045,,consolidated:full_oil_filter_workbook,"{""napa_gold_filter"":""7045"",""stp_filter"":""S10590 / S10590XL"",""source_status"":""ENGINE_FILTER_FAMILY_CONTINUITY — Engine Oil: 3/3 same engine/filter family; Oil Capacity: 3/3 same engine/filter family; Oil Plug Torque: 3/3 same engine/filter family. WIX official application matched; NAPA Gold cross-reference derived from WIX/NAPA convention; STP product-level cross-reference validated."",""verification_status"":""incomplete"",""source_files"":""fulloilandfilter2022to2027;release_2022_2027_final_audit""}",incomplete,oil_type;oil_capacity,2023|jeep|wagoneerl|turbo3
30fffe6e11b775a1de126d3c,2023,Jeep,Wrangler,Diesel 3,,,WL10614,,consolidated:full_oil_filter_workbook,"{""napa_gold_filter"":""10614"",""stp_filter"":""S45027"",""source_status"":""ENGINE_FILTER_FAMILY_CONTINUITY — Engine Oil: 1/1 same engine/filter family; Oil Capacity: 1/1 same engine/filter family; Oil Plug Torque: 1/1 same engine/filter family. WIX official application matched; NAPA Gold cross-reference derived from WIX/NAPA convention; STP product-level cross-reference validated."",""verification_status"":""incomplete"",""source_files"":""fulloilandfilter2022to2027;release_2022_2027_final_audit""}",incomplete,oil_type;oil_capacity,2023|jeep|wrangler|diesel3
48573222c4b1c1fc8eab7a32,2023,Jeep,Wrangler,Turbo 2,,,57060,,consolidated:full_oil_filter_workbook,"{""napa_gold_filter"":""7060"",""stp_filter"":""S3506"",""source_status"":""ENGINE_FILTER_FAMILY_CONTINUITY — Engine Oil: 4/4 same engine/filter family; Oil Capacity: 4/4 same engine/filter family; Oil Plug Torque: 4/4 same engine/filter family. WIX official application matched; NAPA Gold cross-reference derived from WIX/NAPA convention; STP product-level cross-reference validated."",""verification_status"":""incomplete"",""source_files"":""fulloilandfilter2022to2027;release_2022_2027_final_audit""}",incomplete,oil_type;oil_capacity,2023|jeep|wrangler|turbo2
f1b87d0b914eefaf65169de7,2023,Kia,Seltos,Turbo 1.4,,,51334,,consolidated:full_oil_filter_workbook,"{""napa_gold_filter"":""1334"",""stp_filter"":""PH7010"",""source_status"":""UNVERIFIED_OIL_SERVICE_DATA — Engine Oil: no validated continuity source; Oil Capacity: no validated continuity source; Oil Plug Torque: no validated continuity source. WIX official application matched; NAPA Gold cross-reference derived from WIX/NAPA convention; STP product-level cross-reference validated."",""verification_status"":""unverified"",""source_files"":""fulloilandfilter2022to2027;release_2022_2027_final_audit""}",unverified,oil_type;oil_capacity,2023|kia|seltos|turbo14
3b396068e36e4a1043686200,2023,Land Rover,Defender 110,Turbo 2,,,WL10419,,consolidated:full_oil_filter_workbook,"{""napa_gold_filter"":""10419"",""stp_filter"":""S45004"",""source_status"":""UNVERIFIED_OIL_SERVICE_DATA — Engine Oil: no validated continuity source; Oil Capacity: no validated continuity source; Oil Plug Torque: no validated continuity source. WIX official application matched; NAPA Gold cross-reference derived from WIX/NAPA convention; STP product-level cross-reference validated."",""verification_status"":""unverified"",""source_files"":""fulloilandfilter2022to2027;release_2022_2027_final_audit""}",unverified,oil_type;oil_capacity,2023|landrover|defender110|turbo2
b19353b6a68e45bf6ab5d2df,2023,Land Rover,Defender 110,Turbo 3,,,WL10513,,consolidated:full_oil_filter_workbook,"{""napa_gold_filter"":""10513"",""source_status"":""UNVERIFIED_OIL_SERVICE_DATA — Engine Oil: no validated continuity source; Oil Capacity: no validated continuity source; Oil Plug Torque: no validated continuity source. WIX official application matched; NAPA Gold cross-reference derived from WIX/NAPA convention; STP cross-reference not verified."",""verification_status"":""unverified"",""source_files"":""fulloilandfilter2022to2027;release_2022_2027_final_audit""}",unverified,oil_type;oil_capacity;stp_filter,2023|landrover|defender110|turbo3
165ce4c82e362bec34223456,2023,Land Rover,Defender 90,Turbo 2,,,WL10419,,consolidated:full_oil_filter_workbook,"{""napa_gold_filter"":""10419"",""stp_filter"":""S45004"",""source_status"":""ENGINE_FILTER_FAMILY_CONTINUITY — Engine Oil: 1/1 same engine/filter family; Oil Capacity: 1/1 same engine/filter family; Oil Plug Torque: 1/1 same engine/filter family. WIX official application matched; NAPA Gold cross-reference derived from WIX/NAPA convention; STP product-level cross-reference validated."",""verification_status"":""incomplete"",""source_files"":""fulloilandfilter2022to2027;release_2022_2027_final_audit""}",incomplete,oil_type;oil_capacity,2023|landrover|defender90|turbo2
c283e4b149bf5a5112c419d7,2023,Land Rover,Defender 90,Turbo 3,,,WL10513,,consolidated:full_oil_filter_workbook,"{""napa_gold_filter"":""10513"",""source_status"":""ENGINE_FILTER_FAMILY_CONTINUITY — Engine Oil: 1/1 same engine/filter family; Oil Capacity: 1/1 same engine/filter family; Oil Plug Torque: 1/1 same engine/filter family. WIX official application matched; NAPA Gold cross-reference derived from WIX/NAPA convention; STP cross-reference not verified."",""verification_status"":""incomplete"",""source_files"":""fulloilandfilter2022to2027;release_2022_2027_final_audit""}",incomplete,oil_type;oil_capacity;stp_filter,2023|landrover|defender90|turbo3
66c2ff85e9cc8b736341709a,2023,Land Rover,Discovery,Turbo 2,,,WL10419,,consolidated:full_oil_filter_workbook,"{""napa_gold_filter"":""10419"",""stp_filter"":""S45004"",""source_status"":""ENGINE_FILTER_FAMILY_CONTINUITY — Engine Oil: 2/2 same engine/filter family; Oil Capacity: 2/2 same engine/filter family; Oil Plug Torque: 2/2 same engine/filter family. WIX official application matched; NAPA Gold cross-reference derived from WIX/NAPA convention; STP product-level cross-reference validated."",""verification_status"":""incomplete"",""source_files"":""fulloilandfilter2022to2027;release_2022_2027_final_audit""}",incomplete,oil_type;oil_capacity,2023|landrover|discovery|turbo2
b957878d61909cab81349663,2023,Land Rover,Discovery,Turbo 3,,,WL10513,,consolidated:full_oil_filter_workbook,"{""napa_gold_filter"":""10513"",""source_status"":""ENGINE_FILTER_FAMILY_CONTINUITY — Engine Oil: 2/2 same engine/filter family; Oil Capacity: 2/2 same engine/filter family; Oil Plug Torque: 2/2 same engine/filter family. WIX official application matched; NAPA Gold cross-reference derived from WIX/NAPA convention; STP cross-reference not verified."",""verification_status"":""incomplete"",""source_files"":""fulloilandfilter2022to2027;release_2022_2027_final_audit""}",incomplete,oil_type;oil_capacity;stp_filter,2023|landrover|discovery|turbo3
bdb5d031e22134640f763f14,2023,Land Rover,Discovery Sport,Turbo 2,,,WL10419,,consolidated:full_oil_filter_workbook,"{""napa_gold_filter"":""10419"",""stp_filter"":""S45004"",""source_status"":""ENGINE_FILTER_FAMILY_CONTINUITY — Engine Oil: 3/3 same engine/filter family; Oil Capacity: 3/3 same engine/filter family; Oil Plug Torque: 3/3 same engine/filter family. WIX official application matched; NAPA Gold cross-reference derived from WIX/NAPA convention; STP product-level cross-reference validated."",""verification_status"":""incomplete"",""source_files"":""fulloilandfilter2022to2027;release_2022_2027_final_audit""}",incomplete,oil_type;oil_capacity,2023|landrover|discoverysport|turbo2
6b14e14658b7e84c7bd05b65,2023,Land Rover,Range Rover,Turbo 3,,,WL10513,,consolidated:full_oil_filter_workbook,"{""napa_gold_filter"":""10513"",""source_status"":""ENGINE_FILTER_FAMILY_CONTINUITY — Engine Oil: 3/3 same engine/filter family; Oil Capacity: 3/3 same engine/filter family; Oil Plug Torque: 3/3 same engine/filter family. WIX official application matched; NAPA Gold cross-reference derived from WIX/NAPA convention; STP cross-reference not verified."",""verification_status"":""incomplete"",""source_files"":""fulloilandfilter2022to2027;release_2022_2027_final_audit""}",incomplete,oil_type;oil_capacity;stp_filter,2023|landrover|rangerover|turbo3
10d53307da9e27192a0cd38f,2023,Land Rover,Range Rover,Turbo 4.4,,,57279,,consolidated:full_oil_filter_workbook,"{""napa_gold_filter"":""7279"",""stp_filter"":""S10992 / S10992XL"",""source_status"":""UNVERIFIED_OIL_SERVICE_DATA — Engine Oil: no validated continuity source; Oil Capacity: no validated continuity source; Oil Plug Torque: no validated continuity source. WIX official application matched; NAPA Gold cross-reference derived from WIX/NAPA convention; STP product-level cross-reference validated."",""verification_status"":""unverified"",""source_files"":""fulloilandfilter2022to2027;release_2022_2027_final_audit""}",unverified,oil_type;oil_capacity,2023|landrover|rangerover|turbo44
b8459e7f0d11c732a126f53b,2023,Land Rover,Range Rover Evoque,Turbo 2,,,WL10419,,consolidated:full_oil_filter_workbook,"{""napa_gold_filter"":""10419"",""stp_filter"":""S45004"",""source_status"":""ENGINE_FILTER_FAMILY_CONTINUITY — Engine Oil: 4/4 same engine/filter family; Oil Capacity: 4/4 same engine/filter family; Oil Plug Torque: 4/4 same engine/filter family. WIX official application matched; NAPA Gold cross-reference derived from WIX/NAPA convention; STP product-level cross-reference validated."",""verification_status"":""incomplete"",""source_files"":""fulloilandfilter2022to2027;release_2022_2027_final_audit""}",incomplete,oil_type;oil_capacity,2023|landrover|rangeroverevoque|turbo2
08c7903ed9ee0bc7b979c04e,2023,Land Rover,Range Rover Sport,Turbo 3,,,WL10513,,consolidated:full_oil_filter_workbook,"{""napa_gold_filter"":""10513"",""source_status"":""ENGINE_FILTER_FAMILY_CONTINUITY — Engine Oil: 4/4 same engine/filter family; Oil Capacity: 4/4 same engine/filter family; Oil Plug Torque: 4/4 same engine/filter family. WIX official application matched; NAPA Gold cross-reference derived from WIX/NAPA convention; STP cross-reference not verified."",""verification_status"":""incomplete"",""source_files"":""fulloilandfilter2022to2027;release_2022_2027_final_audit""}",incomplete,oil_type;oil_capacity;stp_filter,2023|landrover|rangeroversport|turbo3
cbb06d053320890634d1995e,2023,Land Rover,Range Rover Sport,Turbo 4.4,,,57279,,consolidated:full_oil_filter_workbook,"{""napa_gold_filter"":""7279"",""stp_filter"":""S10992 / S10992XL"",""source_status"":""ENGINE_FILTER_FAMILY_CONTINUITY — Engine Oil: 1/1 same engine/filter family; Oil Capacity: 1/1 same engine/filter family; Oil Plug Torque: 1/1 same engine/filter family. WIX official application matched; NAPA Gold cross-reference derived from WIX/NAPA convention; STP product-level cross-reference validated."",""verification_status"":""incomplete"",""source_files"":""fulloilandfilter2022to2027;release_2022_2027_final_audit""}",incomplete,oil_type;oil_capacity,2023|landrover|rangeroversport|turbo44
4f897fb6cf12bbb6901641d5,2023,Land Rover,Range Rover Velar,Turbo 2,,,WL10419,,consolidated:full_oil_filter_workbook,"{""napa_gold_filter"":""10419"",""stp_filter"":""S45004"",""source_status"":""ENGINE_FILTER_FAMILY_CONTINUITY — Engine Oil: 5/5 same engine/filter family; Oil Capacity: 5/5 same engine/filter family; Oil Plug Torque: 5/5 same engine/filter family. WIX official application matched; NAPA Gold cross-reference derived from WIX/NAPA convention; STP product-level cross-reference validated."",""verification_status"":""incomplete"",""source_files"":""fulloilandfilter2022to2027;release_2022_2027_final_audit""}",incomplete,oil_type;oil_capacity,2023|landrover|rangerovervelar|turbo2
3722c1bd6b7c600c300c1026,2023,Land Rover,Range Rover Velar,Turbo 3,,,WL10513,,consolidated:full_oil_filter_workbook,"{""napa_gold_filter"":""10513"",""source_status"":""ENGINE_FILTER_FAMILY_CONTINUITY — Engine Oil: 5/5 same engine/filter family; Oil Capacity: 5/5 same engine/filter family; Oil Plug Torque: 5/5 same engine/filter family. WIX official application matched; NAPA Gold cross-reference derived from WIX/NAPA convention; STP cross-reference not verified."",""verification_status"":""incomplete"",""source_files"":""fulloilandfilter2022to2027;release_2022_2027_final_audit""}",incomplete,oil_type;oil_capacity;stp_filter,2023|landrover|rangerovervelar|turbo3
29d70941561a34714a326fe2,2023,Lexus,Is 300,Turbo 2,,,57047,,consolidated:full_oil_filter_workbook,"{""napa_gold_filter"":""7047"",""stp_filter"":""S9972 / S9972XL"",""source_status"":""UNVERIFIED_OIL_SERVICE_DATA — Engine Oil: no validated continuity source; Oil Capacity: no validated continuity source; Oil Plug Torque: no validated continuity source. WIX official application matched; NAPA Gold cross-reference derived from WIX/NAPA convention; STP product-level cross-reference validated."",""verification_status"":""unverified"",""source_files"":""fulloilandfilter2022to2027;release_2022_2027_final_audit""}",unverified,oil_type;oil_capacity,2023|lexus|is300|turbo2
892f13aa85d211497bb1b3b6,2023,Lexus,Rc 300,Turbo 2,,,57047,,consolidated:full_oil_filter_workbook,"{""napa_gold_filter"":""7047"",""stp_filter"":""S9972 / S9972XL"",""source_status"":""ENGINE_FILTER_FAMILY_CONTINUITY — Engine Oil: 1/1 same engine/filter family; Oil Capacity: 1/1 same engine/filter family; Oil Plug Torque: 1/1 same engine/filter family. WIX official application matched; NAPA Gold cross-reference derived from WIX/NAPA convention; STP product-level cross-reference validated."",""verification_status"":""incomplete"",""source_files"":""fulloilandfilter2022to2027;release_2022_2027_final_audit""}",incomplete,oil_type;oil_capacity,2023|lexus|rc300|turbo2
a3b0b7cbd26e653e525c479b,2023,Lexus,UX 250h,Hybrid 2,,,51394,,consolidated:full_oil_filter_workbook,"{""napa_gold_filter"":""1394"",""source_status"":""UNVERIFIED_OIL_SERVICE_DATA — Engine Oil: no validated continuity source; Oil Capacity: no validated continuity source; Oil Plug Torque: no validated continuity source. WIX official application matched; NAPA Gold cross-reference derived from WIX/NAPA convention; STP cross-reference not verified."",""verification_status"":""unverified"",""source_files"":""fulloilandfilter2022to2027;release_2022_2027_final_audit""}",unverified,oil_type;oil_capacity;stp_filter,2023|lexus|ux250h|hybrid2
672ef36e8f98713a4f63d0bb,2023,Lexus,Ux 200,Turbo 2,,,WL10332,,consolidated:full_oil_filter_workbook,"{""napa_gold_filter"":""10332"",""source_status"":""UNVERIFIED_OIL_SERVICE_DATA — Engine Oil: no validated continuity source; Oil Capacity: no validated continuity source; Oil Plug Torque: no validated continuity source. WIX official application matched; NAPA Gold cross-reference derived from WIX/NAPA convention; STP cross-reference not verified."",""verification_status"":""unverified"",""source_files"":""fulloilandfilter2022to2027;release_2022_2027_final_audit""}",unverified,oil_type;oil_capacity;stp_filter,2023|lexus|ux200|turbo2
ac9149f01cfe00627bb9a200,2023,Lincoln,Aviator,Turbo 3,,,WL10050,,consolidated:full_oil_filter_workbook,"{""napa_gold_filter"":""10050"",""stp_filter"":""S11955 / S11955XL"",""source_status"":""UNVERIFIED_OIL_SERVICE_DATA — Engine Oil: no validated continuity source; Oil Capacity: no validated continuity source; Oil Plug Torque: no validated continuity source. WIX official application matched; NAPA Gold cross-reference derived from WIX/NAPA convention; STP product-level cross-reference validated."",""verification_status"":""unverified"",""source_files"":""fulloilandfilter2022to2027;release_2022_2027_final_audit""}",unverified,oil_type;oil_capacity,2023|lincoln|aviator|turbo3
b74661fef5d8bd553ffa675e,2023,Lincoln,Corsair,Turbo 2,,,WL10290,,consolidated:full_oil_filter_workbook,"{""napa_gold_filter"":""10290"",""stp_filter"":""S12060 / S12060XL"",""source_status"":""UNVERIFIED_OIL_SERVICE_DATA — Engine Oil: no validated continuity source; Oil Capacity: no validated continuity source; Oil Plug Torque: no validated continuity source. WIX official application matched; NAPA Gold cross-reference derived from WIX/NAPA convention; STP product-level cross-reference validated."",""verification_status"":""unverified"",""source_files"":""fulloilandfilter2022to2027;release_2022_2027_final_audit""}",unverified,oil_type;oil_capacity,2023|lincoln|corsair|turbo2
f26d0288823f64ab5dc04d70,2023,Lincoln,Corsair Hybrid,2.5,,,51348,,consolidated:full_oil_filter_workbook,"{""napa_gold_filter"":""1348"",""stp_filter"":""PH2811"",""source_status"":""UNVERIFIED_OIL_SERVICE_DATA — Engine Oil: no validated continuity source; Oil Capacity: no validated continuity source; Oil Plug Torque: no validated continuity source. WIX official application matched; NAPA Gold cross-reference derived from WIX/NAPA convention; STP product-level cross-reference validated."",""verification_status"":""unverified"",""source_files"":""fulloilandfilter2022to2027;release_2022_2027_final_audit""}",unverified,oil_type;oil_capacity,2023|lincoln|corsairhybrid|25
3d6a384e018f4f02d6addba0,2023,Lincoln,Nautilus,Turbo 2,,,51348,,consolidated:full_oil_filter_workbook,"{""napa_gold_filter"":""1348"",""stp_filter"":""PH2811"",""source_status"":""UNVERIFIED_OIL_SERVICE_DATA — Engine Oil: no validated continuity source; Oil Capacity: no validated continuity source; Oil Plug Torque: no validated continuity source. WIX official application matched; NAPA Gold cross-reference derived from WIX/NAPA convention; STP product-level cross-reference validated."",""verification_status"":""unverified"",""source_files"":""fulloilandfilter2022to2027;release_2022_2027_final_audit""}",unverified,oil_type;oil_capacity,2023|lincoln|nautilus|turbo2
bde628e2c7b9a73f2ddca93a,2023,Mercedes Benz,AMG GT 63,Turbo 4.0,,,,,consolidated:year_make_model_json,"{""verification_status"":""incomplete"",""source_files"":""yearmakemodel.json;completevehiclelist.xlsx-Sheet1.csv""}",incomplete,oil_type;oil_capacity;wix_filter;napa_gold_filter;stp_filter,2023|mercedesbenz|amggt63|turbo40
836d7d0ace0db2487ed88433,2023,Mercedes Benz,AMG GT 63 S,Turbo 4.0,,,,,consolidated:year_make_model_json,"{""verification_status"":""incomplete"",""source_files"":""yearmakemodel.json;completevehiclelist.xlsx-Sheet1.csv""}",incomplete,oil_type;oil_capacity;wix_filter;napa_gold_filter;stp_filter,2023|mercedesbenz|amggt63s|turbo40
a1f1bfeb2705d565790a99e3,2023,Mercedes Benz,AMG GT 63 S E Performance,Turbo 4.0,,,,,consolidated:year_make_model_json,"{""verification_status"":""incomplete"",""source_files"":""yearmakemodel.json;completevehiclelist.xlsx-Sheet1.csv""}",incomplete,oil_type;oil_capacity;wix_filter;napa_gold_filter;stp_filter,2023|mercedesbenz|amggt63seperformance|turbo40
34b14ac2b2b9866ae5cad46b,2023,Mercedes Benz,AMG GT Black Series Coupe,Turbo 4,,,WL10077,,consolidated:full_oil_filter_workbook,"{""napa_gold_filter"":""10077"",""stp_filter"":""S11792 / S11792XL"",""source_status"":""UNVERIFIED_OIL_SERVICE_DATA — Engine Oil: no validated continuity source; Oil Capacity: no validated continuity source; Oil Plug Torque: no validated continuity source. WIX official application matched; NAPA Gold cross-reference derived from WIX/NAPA convention; STP product-level cross-reference validated."",""verification_status"":""unverified"",""source_files"":""fulloilandfilter2022to2027;release_2022_2027_final_audit""}",unverified,oil_type;oil_capacity,2023|mercedesbenz|amggtblackseriescoupe|turbo4
a5cbf4e5a6946d87af7925fc,2023,Mercedes Benz,Amg Gt,Turbo 4,,,WL10077,,consolidated:full_oil_filter_workbook,"{""napa_gold_filter"":""10077"",""stp_filter"":""S11792 / S11792XL"",""source_status"":""ENGINE_FILTER_FAMILY_CONTINUITY — Engine Oil: 1/1 same engine/filter family; Oil Capacity: 1/1 same engine/filter family; Oil Plug Torque: 1/1 same engine/filter family. WIX official application matched; NAPA Gold cross-reference derived from WIX/NAPA convention; STP product-level cross-reference validated."",""verification_status"":""incomplete"",""source_files"":""fulloilandfilter2022to2027;release_2022_2027_final_audit""}",incomplete,oil_type;oil_capacity,2023|mercedesbenz|amggt|turbo4
ccd31597519bdb0b941d2fb4,2023,Mercedes Benz,Amg Gt 43,Turbo 3,,,WL10433,,consolidated:full_oil_filter_workbook,"{""napa_gold_filter"":""10433"",""source_status"":""UNVERIFIED_OIL_SERVICE_DATA — Engine Oil: no validated continuity source; Oil Capacity: no validated continuity source; Oil Plug Torque: no validated continuity source. WIX official application matched; NAPA Gold cross-reference derived from WIX/NAPA convention; STP cross-reference not verified."",""verification_status"":""unverified"",""source_files"":""fulloilandfilter2022to2027;release_2022_2027_final_audit""}",unverified,oil_type;oil_capacity;stp_filter,2023|mercedesbenz|amggt43|turbo3
d3d78f8a3260302531c9f865,2023,Mercedes Benz,Amg Gt 53,Turbo 3,,,WL10433,,consolidated:full_oil_filter_workbook,"{""napa_gold_filter"":""10433"",""source_status"":""ENGINE_FILTER_FAMILY_CONTINUITY — Engine Oil: 1/1 same engine/filter family; Oil Capacity: 1/1 same engine/filter family; Oil Plug Torque: 1/1 same engine/filter family. WIX official application matched; NAPA Gold cross-reference derived from WIX/NAPA convention; STP cross-reference not verified."",""verification_status"":""incomplete"",""source_files"":""fulloilandfilter2022to2027;release_2022_2027_final_audit""}",incomplete,oil_type;oil_capacity;stp_filter,2023|mercedesbenz|amggt53|turbo3
c2612fd4374bf54182a45192,2023,Mercedes Benz,Amg Gt 63,Turbo 4,,,WL10077,,consolidated:full_oil_filter_workbook,"{""napa_gold_filter"":""10077"",""stp_filter"":""S11792 / S11792XL"",""source_status"":""ENGINE_FILTER_FAMILY_CONTINUITY — Engine Oil: 2/2 same engine/filter family; Oil Capacity: 2/2 same engine/filter family; Oil Plug Torque: 2/2 same engine/filter family. WIX official application matched; NAPA Gold cross-reference derived from WIX/NAPA convention; STP product-level cross-reference validated."",""verification_status"":""incomplete"",""source_files"":""fulloilandfilter2022to2027;release_2022_2027_final_audit""}",incomplete,oil_type;oil_capacity,2023|mercedesbenz|amggt63|turbo4
7e8511a9c91485868549877c,2023,Mercedes Benz,Amg Gt 63 S,Turbo 4,,,WL10077,,consolidated:full_oil_filter_workbook,"{""napa_gold_filter"":""10077"",""stp_filter"":""S11792 / S11792XL"",""source_status"":""ENGINE_FILTER_FAMILY_CONTINUITY — Engine Oil: 3/3 same engine/filter family; Oil Capacity: 3/3 same engine/filter family; Oil Plug Torque: 3/3 same engine/filter family. WIX official application matched; NAPA Gold cross-reference derived from WIX/NAPA convention; STP product-level cross-reference validated."",""verification_status"":""incomplete"",""source_files"":""fulloilandfilter2022to2027;release_2022_2027_final_audit""}",incomplete,oil_type;oil_capacity,2023|mercedesbenz|amggt63s|turbo4
c286c77fc07520c7a758b9c6,2023,Mercedes Benz,Amg Gt C,Turbo 4,,,WL10077,,consolidated:full_oil_filter_workbook,"{""napa_gold_filter"":""10077"",""stp_filter"":""S11792 / S11792XL"",""source_status"":""ENGINE_FILTER_FAMILY_CONTINUITY — Engine Oil: 4/4 same engine/filter family; Oil Capacity: 4/4 same engine/filter family; Oil Plug Torque: 4/4 same engine/filter family. WIX official application matched; NAPA Gold cross-reference derived from WIX/NAPA convention; STP product-level cross-reference validated."",""verification_status"":""incomplete"",""source_files"":""fulloilandfilter2022to2027;release_2022_2027_final_audit""}",incomplete,oil_type;oil_capacity,2023|mercedesbenz|amggtc|turbo4
d33c3b12dcb96e14b1c654bf,2023,Mercedes Benz,C300,Turbo 2,,,WL7515,,consolidated:full_oil_filter_workbook,"{""napa_gold_filter"":""7515"",""stp_filter"":""S11473 / S11473XL"",""source_status"":""UNVERIFIED_OIL_SERVICE_DATA — Engine Oil: no validated continuity source; Oil Capacity: no validated continuity source; Oil Plug Torque: no validated continuity source. WIX official application matched; NAPA Gold cross-reference derived from WIX/NAPA convention; STP product-level cross-reference validated."",""verification_status"":""unverified"",""source_files"":""fulloilandfilter2022to2027;release_2022_2027_final_audit""}",unverified,oil_type;oil_capacity,2023|mercedesbenz|c300|turbo2
e4244962a7a1f3398f344eb4,2023,Mercedes Benz,C43 Amg,Turbo 2,,,WL10760,,consolidated:full_oil_filter_workbook,"{""napa_gold_filter"":""10760"",""stp_filter"":""S45037XL"",""source_status"":""UNVERIFIED_OIL_SERVICE_DATA — Engine Oil: no validated continuity source; Oil Capacity: no validated continuity source; Oil Plug Torque: no validated continuity source. WIX official application matched; NAPA Gold cross-reference derived from WIX/NAPA convention; STP product-level cross-reference validated."",""verification_status"":""unverified"",""source_files"":""fulloilandfilter2022to2027;release_2022_2027_final_audit""}",unverified,oil_type;oil_capacity,2023|mercedesbenz|c43amg|turbo2
49fee22d9a8710008883d1d4,2023,Mercedes Benz,C43 Amg,Turbo 3,,,57059,,consolidated:full_oil_filter_workbook,"{""napa_gold_filter"":""7059"",""stp_filter"":""S11060 / S11060XL"",""source_status"":""UNVERIFIED_OIL_SERVICE_DATA — Engine Oil: no validated continuity source; Oil Capacity: no validated continuity source; Oil Plug Torque: no validated continuity source. WIX official application matched; NAPA Gold cross-reference derived from WIX/NAPA convention; STP product-level cross-reference validated."",""verification_status"":""unverified"",""source_files"":""fulloilandfilter2022to2027;release_2022_2027_final_audit""}",unverified,oil_type;oil_capacity,2023|mercedesbenz|c43amg|turbo3
2da8992358635cdf6a2ef68d,2023,Mercedes Benz,C63 Amg,Turbo 4,,,WL10077,,consolidated:full_oil_filter_workbook,"{""napa_gold_filter"":""10077"",""stp_filter"":""S11792 / S11792XL"",""source_status"":""ENGINE_FILTER_FAMILY_CONTINUITY — Engine Oil: 5/5 same engine/filter family; Oil Capacity: 5/5 same engine/filter family; Oil Plug Torque: 5/5 same engine/filter family. WIX official application matched; NAPA Gold cross-reference derived from WIX/NAPA convention; STP product-level cross-reference validated."",""verification_status"":""incomplete"",""source_files"":""fulloilandfilter2022to2027;release_2022_2027_final_audit""}",incomplete,oil_type;oil_capacity,2023|mercedesbenz|c63amg|turbo4
b2ee7aa1f079ab3f36e7902c,2023,Mercedes Benz,Cla250,Turbo 2,,,WL7515,,consolidated:full_oil_filter_workbook,"{""napa_gold_filter"":""7515"",""stp_filter"":""S11473 / S11473XL"",""source_status"":""ENGINE_FILTER_FAMILY_CONTINUITY — Engine Oil: 1/1 same engine/filter family; Oil Capacity: 1/1 same engine/filter family; Oil Plug Torque: 1/1 same engine/filter family. WIX official application matched; NAPA Gold cross-reference derived from WIX/NAPA convention; STP product-level cross-reference validated."",""verification_status"":""incomplete"",""source_files"":""fulloilandfilter2022to2027;release_2022_2027_final_audit""}",incomplete,oil_type;oil_capacity,2023|mercedesbenz|cla250|turbo2
3883bc7384eedca186c50c2f,2023,Mercedes Benz,Cla35 Amg,Turbo 2,,,WL7515,,consolidated:full_oil_filter_workbook,"{""napa_gold_filter"":""7515"",""stp_filter"":""S11473 / S11473XL"",""source_status"":""ENGINE_FILTER_FAMILY_CONTINUITY — Engine Oil: 2/2 same engine/filter family; Oil Capacity: 2/2 same engine/filter family; Oil Plug Torque: 2/2 same engine/filter family. WIX official application matched; NAPA Gold cross-reference derived from WIX/NAPA convention; STP product-level cross-reference validated."",""verification_status"":""incomplete"",""source_files"":""fulloilandfilter2022to2027;release_2022_2027_final_audit""}",incomplete,oil_type;oil_capacity,2023|mercedesbenz|cla35amg|turbo2
4ef9f27ebac51a2599436645,2023,Mercedes Benz,Cla45 Amg,Turbo 2,,,WL10077,,consolidated:full_oil_filter_workbook,"{""napa_gold_filter"":""10077"",""stp_filter"":""S11792 / S11792XL"",""source_status"":""UNVERIFIED_OIL_SERVICE_DATA — Engine Oil: no validated continuity source; Oil Capacity: no validated continuity source; Oil Plug Torque: no validated continuity source. WIX official application matched; NAPA Gold cross-reference derived from WIX/NAPA convention; STP product-level cross-reference validated."",""verification_status"":""unverified"",""source_files"":""fulloilandfilter2022to2027;release_2022_2027_final_audit""}",unverified,oil_type;oil_capacity,2023|mercedesbenz|cla45amg|turbo2
4b1acfbb9711f8f3324f4edb,2023,Mercedes Benz,Cls 450,Turbo 3,,,WL10433,,consolidated:full_oil_filter_workbook,"{""napa_gold_filter"":""10433"",""source_status"":""ENGINE_FILTER_FAMILY_CONTINUITY — Engine Oil: 2/2 same engine/filter family; Oil Capacity: 2/2 same engine/filter family; Oil Plug Torque: 2/2 same engine/filter family. WIX official application matched; NAPA Gold cross-reference derived from WIX/NAPA convention; STP cross-reference not verified."",""verification_status"":""incomplete"",""source_files"":""fulloilandfilter2022to2027;release_2022_2027_final_audit""}",incomplete,oil_type;oil_capacity;stp_filter,2023|mercedesbenz|cls450|turbo3
ff404471f2ca24a62d1c881f,2023,Mercedes Benz,Cls 53 Amg,Turbo 3,,,WL10433,,consolidated:full_oil_filter_workbook,"{""napa_gold_filter"":""10433"",""source_status"":""ENGINE_FILTER_FAMILY_CONTINUITY — Engine Oil: 3/3 same engine/filter family; Oil Capacity: 3/3 same engine/filter family; Oil Plug Torque: 3/3 same engine/filter family. WIX official application matched; NAPA Gold cross-reference derived from WIX/NAPA convention; STP cross-reference not verified."",""verification_status"":""incomplete"",""source_files"":""fulloilandfilter2022to2027;release_2022_2027_final_audit""}",incomplete,oil_type;oil_capacity;stp_filter,2023|mercedesbenz|cls53amg|turbo3
09155b291bbab9d582a19ede,2023,Mercedes Benz,E350,Turbo 2,,,WL7515,,consolidated:full_oil_filter_workbook,"{""napa_gold_filter"":""7515"",""stp_filter"":""S11473 / S11473XL"",""source_status"":""ENGINE_FILTER_FAMILY_CONTINUITY — Engine Oil: 3/3 same engine/filter family; Oil Capacity: 3/3 same engine/filter family; Oil Plug Torque: 3/3 same engine/filter family. WIX official application matched; NAPA Gold cross-reference derived from WIX/NAPA convention; STP product-level cross-reference validated."",""verification_status"":""incomplete"",""source_files"":""fulloilandfilter2022to2027;release_2022_2027_final_audit""}",incomplete,oil_type;oil_capacity,2023|mercedesbenz|e350|turbo2
208e859876988cc2ed8e41f2,2023,Mercedes Benz,E450,Turbo 3,,,WL10433,,consolidated:full_oil_filter_workbook,"{""napa_gold_filter"":""10433"",""source_status"":""ENGINE_FILTER_FAMILY_CONTINUITY — Engine Oil: 4/4 same engine/filter family; Oil Capacity: 4/4 same engine/filter family; Oil Plug Torque: 4/4 same engine/filter family. WIX official application matched; NAPA Gold cross-reference derived from WIX/NAPA convention; STP cross-reference not verified."",""verification_status"":""incomplete"",""source_files"":""fulloilandfilter2022to2027;release_2022_2027_final_audit""}",incomplete,oil_type;oil_capacity;stp_filter,2023|mercedesbenz|e450|turbo3
daa703e7daf20f9134f5a4d2,2023,Mercedes Benz,E450 4MATIC All-Terrain Wagon,Turbo 3,,,WL10433,,consolidated:full_oil_filter_workbook,"{""napa_gold_filter"":""10433"",""source_status"":""ENGINE_FILTER_FAMILY_CONTINUITY — Engine Oil: 5/5 same engine/filter family; Oil Capacity: 5/5 same engine/filter family; Oil Plug Torque: 5/5 same engine/filter family. WIX official application matched; NAPA Gold cross-reference derived from WIX/NAPA convention; STP cross-reference not verified."",""verification_status"":""incomplete"",""source_files"":""fulloilandfilter2022to2027;release_2022_2027_final_audit""}",incomplete,oil_type;oil_capacity;stp_filter,2023|mercedesbenz|e4504maticallterrainwagon|turbo3
a6175a2641c14a9db929c762,2023,Mercedes Benz,E53 Amg,Turbo 3,,,WL10433,,consolidated:full_oil_filter_workbook,"{""napa_gold_filter"":""10433"",""source_status"":""ENGINE_FILTER_FAMILY_CONTINUITY — Engine Oil: 6/6 same engine/filter family; Oil Capacity: 6/6 same engine/filter family; Oil Plug Torque: 6/6 same engine/filter family. WIX official application matched; NAPA Gold cross-reference derived from WIX/NAPA convention; STP cross-reference not verified."",""verification_status"":""incomplete"",""source_files"":""fulloilandfilter2022to2027;release_2022_2027_final_audit""}",incomplete,oil_type;oil_capacity;stp_filter,2023|mercedesbenz|e53amg|turbo3
d962b41c1deec1a7502dcbb0,2023,Mercedes Benz,E63 Amg,Turbo 4,,,WL10077,,consolidated:full_oil_filter_workbook,"{""napa_gold_filter"":""10077"",""stp_filter"":""S11792 / S11792XL"",""source_status"":""ENGINE_FILTER_FAMILY_CONTINUITY — Engine Oil: 6/6 same engine/filter family; Oil Capacity: 6/6 same engine/filter family; Oil Plug Torque: 6/6 same engine/filter family. WIX official application matched; NAPA Gold cross-reference derived from WIX/NAPA convention; STP product-level cross-reference validated."",""verification_status"":""incomplete"",""source_files"":""fulloilandfilter2022to2027;release_2022_2027_final_audit""}",incomplete,oil_type;oil_capacity,2023|mercedesbenz|e63amg|turbo4
6961af310d703a9ed4ca7dee,2023,Mercedes Benz,E63 Amg S,Turbo 4,,,WL10077,,consolidated:full_oil_filter_workbook,"{""napa_gold_filter"":""10077"",""stp_filter"":""S11792 / S11792XL"",""source_status"":""ENGINE_FILTER_FAMILY_CONTINUITY — Engine Oil: 7/7 same engine/filter family; Oil Capacity: 7/7 same engine/filter family; Oil Plug Torque: 7/7 same engine/filter family. WIX official application matched; NAPA Gold cross-reference derived from WIX/NAPA convention; STP product-level cross-reference validated."",""verification_status"":""incomplete"",""source_files"":""fulloilandfilter2022to2027;release_2022_2027_final_audit""}",incomplete,oil_type;oil_capacity,2023|mercedesbenz|e63amgs|turbo4
32178c344903dc95ce2047d8,2023,Mercedes Benz,G 63 4X4 Squared Amg,Turbo 4,,,WL10077,,consolidated:full_oil_filter_workbook,"{""napa_gold_filter"":""10077"",""stp_filter"":""S11792 / S11792XL"",""source_status"":""ENGINE_FILTER_FAMILY_CONTINUITY — Engine Oil: 8/8 same engine/filter family; Oil Capacity: 8/8 same engine/filter family; Oil Plug Torque: 8/8 same engine/filter family. WIX official application matched; NAPA Gold cross-reference derived from WIX/NAPA convention; STP product-level cross-reference validated."",""verification_status"":""incomplete"",""source_files"":""fulloilandfilter2022to2027;release_2022_2027_final_audit""}",incomplete,oil_type;oil_capacity,2023|mercedesbenz|g634x4squaredamg|turbo4
5748ce0d1744e045b190dd8f,2023,Mercedes Benz,G550,Turbo 4,,,WL10077,,consolidated:full_oil_filter_workbook,"{""napa_gold_filter"":""10077"",""stp_filter"":""S11792 / S11792XL"",""source_status"":""ENGINE_FILTER_FAMILY_CONTINUITY — Engine Oil: 9/9 same engine/filter family; Oil Capacity: 9/9 same engine/filter family; Oil Plug Torque: 9/9 same engine/filter family. WIX official application matched; NAPA Gold cross-reference derived from WIX/NAPA convention; STP product-level cross-reference validated."",""verification_status"":""incomplete"",""source_files"":""fulloilandfilter2022to2027;release_2022_2027_final_audit""}",incomplete,oil_type;oil_capacity,2023|mercedesbenz|g550|turbo4
56fee313117fbb5dff45952a,2023,Mercedes Benz,G63 Amg,Turbo 4,,,WL10077,,consolidated:full_oil_filter_workbook,"{""napa_gold_filter"":""10077"",""stp_filter"":""S11792 / S11792XL"",""source_status"":""ENGINE_FILTER_FAMILY_CONTINUITY — Engine Oil: 10/10 same engine/filter family; Oil Capacity: 10/10 same engine/filter family; Oil Plug Torque: 10/10 same engine/filter family. WIX official application matched; NAPA Gold cross-reference derived from WIX/NAPA convention; STP product-level cross-reference validated."",""verification_status"":""incomplete"",""source_files"":""fulloilandfilter2022to2027;release_2022_2027_final_audit""}",incomplete,oil_type;oil_capacity,2023|mercedesbenz|g63amg|turbo4
5100bc76b47cb3e6712d33df,2023,Mercedes Benz,Gla 250 4Matic,Turbo 2,,,WL7515,,consolidated:full_oil_filter_workbook,"{""napa_gold_filter"":""7515"",""stp_filter"":""S11473 / S11473XL"",""source_status"":""ENGINE_FILTER_FAMILY_CONTINUITY — Engine Oil: 4/4 same engine/filter family; Oil Capacity: 4/4 same engine/filter family; Oil Plug Torque: 4/4 same engine/filter family. WIX official application matched; NAPA Gold cross-reference derived from WIX/NAPA convention; STP product-level cross-reference validated."",""verification_status"":""incomplete"",""source_files"":""fulloilandfilter2022to2027;release_2022_2027_final_audit""}",incomplete,oil_type;oil_capacity,2023|mercedesbenz|gla2504matic|turbo2
1812efd8d0914bbb8e20bd10,2023,Mercedes Benz,Gla250,Turbo 2,,,WL7515,,consolidated:full_oil_filter_workbook,"{""napa_gold_filter"":""7515"",""stp_filter"":""S11473 / S11473XL"",""source_status"":""ENGINE_FILTER_FAMILY_CONTINUITY — Engine Oil: 5/5 same engine/filter family; Oil Capacity: 5/5 same engine/filter family; Oil Plug Torque: 5/5 same engine/filter family. WIX official application matched; NAPA Gold cross-reference derived from WIX/NAPA convention; STP product-level cross-reference validated."",""verification_status"":""incomplete"",""source_files"":""fulloilandfilter2022to2027;release_2022_2027_final_audit""}",incomplete,oil_type;oil_capacity,2023|mercedesbenz|gla250|turbo2
7885740568136bc58d444d23,2023,Mercedes Benz,Gla35 Amg,Turbo 2,,,WL7515,,consolidated:full_oil_filter_workbook,"{""napa_gold_filter"":""7515"",""stp_filter"":""S11473 / S11473XL"",""source_status"":""ENGINE_FILTER_FAMILY_CONTINUITY — Engine Oil: 6/6 same engine/filter family; Oil Capacity: 6/6 same engine/filter family; Oil Plug Torque: 6/6 same engine/filter family. WIX official application matched; NAPA Gold cross-reference derived from WIX/NAPA convention; STP product-level cross-reference validated."",""verification_status"":""incomplete"",""source_files"":""fulloilandfilter2022to2027;release_2022_2027_final_audit""}",incomplete,oil_type;oil_capacity,2023|mercedesbenz|gla35amg|turbo2
9c3dceba1ba49f72df47a88d,2023,Mercedes Benz,Gla45 Amg,Turbo 2,,,WL10077,,consolidated:full_oil_filter_workbook,"{""napa_gold_filter"":""10077"",""stp_filter"":""S11792 / S11792XL"",""source_status"":""ENGINE_FILTER_FAMILY_CONTINUITY — Engine Oil: 1/1 same engine/filter family; Oil Capacity: 1/1 same engine/filter family; Oil Plug Torque: 1/1 same engine/filter family. WIX official application matched; NAPA Gold cross-reference derived from WIX/NAPA convention; STP product-level cross-reference validated."",""verification_status"":""incomplete"",""source_files"":""fulloilandfilter2022to2027;release_2022_2027_final_audit""}",incomplete,oil_type;oil_capacity,2023|mercedesbenz|gla45amg|turbo2
d03bc210a25cd58a58bad84c,2023,Mercedes Benz,Glb 250,Turbo 2,,,WL7515,,consolidated:full_oil_filter_workbook,"{""napa_gold_filter"":""7515"",""stp_filter"":""S11473 / S11473XL"",""source_status"":""ENGINE_FILTER_FAMILY_CONTINUITY — Engine Oil: 7/7 same engine/filter family; Oil Capacity: 7/7 same engine/filter family; Oil Plug Torque: 7/7 same engine/filter family. WIX official application matched; NAPA Gold cross-reference derived from WIX/NAPA convention; STP product-level cross-reference validated."",""verification_status"":""incomplete"",""source_files"":""fulloilandfilter2022to2027;release_2022_2027_final_audit""}",incomplete,oil_type;oil_capacity,2023|mercedesbenz|glb250|turbo2
48a2f2f148e85ca19dd9dd7d,2023,Mercedes Benz,Glb 250 4Matic,Turbo 2,,,WL7515,,consolidated:full_oil_filter_workbook,"{""napa_gold_filter"":""7515"",""stp_filter"":""S11473 / S11473XL"",""source_status"":""ENGINE_FILTER_FAMILY_CONTINUITY — Engine Oil: 8/8 same engine/filter family; Oil Capacity: 8/8 same engine/filter family; Oil Plug Torque: 8/8 same engine/filter family. WIX official application matched; NAPA Gold cross-reference derived from WIX/NAPA convention; STP product-level cross-reference validated."",""verification_status"":""incomplete"",""source_files"":""fulloilandfilter2022to2027;release_2022_2027_final_audit""}",incomplete,oil_type;oil_capacity,2023|mercedesbenz|glb2504matic|turbo2
367578551c4032d2669ec9c8,2023,Mercedes Benz,Glb35 Amg,Turbo 2,,,WL7515,,consolidated:full_oil_filter_workbook,"{""napa_gold_filter"":""7515"",""stp_filter"":""S11473 / S11473XL"",""source_status"":""ENGINE_FILTER_FAMILY_CONTINUITY — Engine Oil: 9/9 same engine/filter family; Oil Capacity: 9/9 same engine/filter family; Oil Plug Torque: 9/9 same engine/filter family. WIX official application matched; NAPA Gold cross-reference derived from WIX/NAPA convention; STP product-level cross-reference validated."",""verification_status"":""incomplete"",""source_files"":""fulloilandfilter2022to2027;release_2022_2027_final_audit""}",incomplete,oil_type;oil_capacity,2023|mercedesbenz|glb35amg|turbo2
2570158f62d6f6770dcc5813,2023,Mercedes Benz,Glc300,Turbo 2,,,WL7515,,consolidated:full_oil_filter_workbook,"{""napa_gold_filter"":""7515"",""stp_filter"":""S11473 / S11473XL"",""source_status"":""ENGINE_FILTER_FAMILY_CONTINUITY — Engine Oil: 10/10 same engine/filter family; Oil Capacity: 10/10 same engine/filter family; Oil Plug Torque: 10/10 same engine/filter family. WIX official application matched; NAPA Gold cross-reference derived from WIX/NAPA convention; STP product-level cross-reference validated."",""verification_status"":""incomplete"",""source_files"":""fulloilandfilter2022to2027;release_2022_2027_final_audit""}",incomplete,oil_type;oil_capacity,2023|mercedesbenz|glc300|turbo2
1715f78d19d86538d3e98009,2023,Mercedes Benz,Glc300 4Matic,Turbo 2,,,WL7515,,consolidated:full_oil_filter_workbook,"{""napa_gold_filter"":""7515"",""stp_filter"":""S11473 / S11473XL"",""source_status"":""ENGINE_FILTER_FAMILY_CONTINUITY — Engine Oil: 11/11 same engine/filter family; Oil Capacity: 11/11 same engine/filter family; Oil Plug Torque: 11/11 same engine/filter family. WIX official application matched; NAPA Gold cross-reference derived from WIX/NAPA convention; STP product-level cross-reference validated."",""verification_status"":""incomplete"",""source_files"":""fulloilandfilter2022to2027;release_2022_2027_final_audit""}",incomplete,oil_type;oil_capacity,2023|mercedesbenz|glc3004matic|turbo2
e6b76f761719778299aff52d,2023,Mercedes Benz,Glc43 Amg,Turbo 3,,,57059,,consolidated:full_oil_filter_workbook,"{""napa_gold_filter"":""7059"",""stp_filter"":""S11060 / S11060XL"",""source_status"":""ENGINE_FILTER_FAMILY_CONTINUITY — Engine Oil: 1/1 same engine/filter family; Oil Capacity: 1/1 same engine/filter family; Oil Plug Torque: 1/1 same engine/filter family. WIX official application matched; NAPA Gold cross-reference derived from WIX/NAPA convention; STP product-level cross-reference validated."",""verification_status"":""incomplete"",""source_files"":""fulloilandfilter2022to2027;release_2022_2027_final_audit""}",incomplete,oil_type;oil_capacity,2023|mercedesbenz|glc43amg|turbo3
d3776f4b347e68d2f1c28790,2023,Mercedes Benz,Glc63 Amg,Turbo 4,,,WL10077,,consolidated:full_oil_filter_workbook,"{""napa_gold_filter"":""10077"",""stp_filter"":""S11792 / S11792XL"",""source_status"":""ENGINE_FILTER_FAMILY_CONTINUITY — Engine Oil: 11/11 same engine/filter family; Oil Capacity: 11/11 same engine/filter family; Oil Plug Torque: 11/11 same engine/filter family. WIX official application matched; NAPA Gold cross-reference derived from WIX/NAPA convention; STP product-level cross-reference validated."",""verification_status"":""incomplete"",""source_files"":""fulloilandfilter2022to2027;release_2022_2027_final_audit""}",incomplete,oil_type;oil_capacity,2023|mercedesbenz|glc63amg|turbo4
1e39e9363c0bc9c336a0ad00,2023,Mercedes Benz,Glc63 S Amg,Turbo 4,,,WL10077,,consolidated:full_oil_filter_workbook,"{""napa_gold_filter"":""10077"",""stp_filter"":""S11792 / S11792XL"",""source_status"":""ENGINE_FILTER_FAMILY_CONTINUITY — Engine Oil: 12/12 same engine/filter family; Oil Capacity: 12/12 same engine/filter family; Oil Plug Torque: 12/12 same engine/filter family. WIX official application matched; NAPA Gold cross-reference derived from WIX/NAPA convention; STP product-level cross-reference validated."",""verification_status"":""incomplete"",""source_files"":""fulloilandfilter2022to2027;release_2022_2027_final_audit""}",incomplete,oil_type;oil_capacity,2023|mercedesbenz|glc63samg|turbo4
d817bae3b209c9454c7cd3f3,2023,Mercedes Benz,Gle350,Turbo 2,,,WL7515,,consolidated:full_oil_filter_workbook,"{""napa_gold_filter"":""7515"",""stp_filter"":""S11473 / S11473XL"",""source_status"":""ENGINE_FILTER_FAMILY_CONTINUITY — Engine Oil: 12/12 same engine/filter family; Oil Capacity: 12/12 same engine/filter family; Oil Plug Torque: 12/12 same engine/filter family. WIX official application matched; NAPA Gold cross-reference derived from WIX/NAPA convention; STP product-level cross-reference validated."",""verification_status"":""incomplete"",""source_files"":""fulloilandfilter2022to2027;release_2022_2027_final_audit""}",incomplete,oil_type;oil_capacity,2023|mercedesbenz|gle350|turbo2
e5748009afbf5de3d32d3ab9,2023,Mercedes Benz,Gle350 4Matic,Turbo 2,,,WL7515,,consolidated:full_oil_filter_workbook,"{""napa_gold_filter"":""7515"",""stp_filter"":""S11473 / S11473XL"",""source_status"":""ENGINE_FILTER_FAMILY_CONTINUITY — Engine Oil: 13/13 same engine/filter family; Oil Capacity: 13/13 same engine/filter family; Oil Plug Torque: 13/13 same engine/filter family. WIX official application matched; NAPA Gold cross-reference derived from WIX/NAPA convention; STP product-level cross-reference validated."",""verification_status"":""incomplete"",""source_files"":""fulloilandfilter2022to2027;release_2022_2027_final_audit""}",incomplete,oil_type;oil_capacity,2023|mercedesbenz|gle3504matic|turbo2
079d84be0a7f279c0dbcb557,2023,Mercedes Benz,Gle450,Turbo 3,,,WL10433,,consolidated:full_oil_filter_workbook,"{""napa_gold_filter"":""10433"",""source_status"":""ENGINE_FILTER_FAMILY_CONTINUITY — Engine Oil: 7/7 same engine/filter family; Oil Capacity: 7/7 same engine/filter family; Oil Plug Torque: 7/7 same engine/filter family. WIX official application matched; NAPA Gold cross-reference derived from WIX/NAPA convention; STP cross-reference not verified."",""verification_status"":""incomplete"",""source_files"":""fulloilandfilter2022to2027;release_2022_2027_final_audit""}",incomplete,oil_type;oil_capacity;stp_filter,2023|mercedesbenz|gle450|turbo3
a506299e1d5a40a64688ec4f,2023,Mercedes Benz,Gle53 Amg,Turbo 3,,,WL10433,,consolidated:full_oil_filter_workbook,"{""napa_gold_filter"":""10433"",""source_status"":""ENGINE_FILTER_FAMILY_CONTINUITY — Engine Oil: 8/8 same engine/filter family; Oil Capacity: 8/8 same engine/filter family; Oil Plug Torque: 8/8 same engine/filter family. WIX official application matched; NAPA Gold cross-reference derived from WIX/NAPA convention; STP cross-reference not verified."",""verification_status"":""incomplete"",""source_files"":""fulloilandfilter2022to2027;release_2022_2027_final_audit""}",incomplete,oil_type;oil_capacity;stp_filter,2023|mercedesbenz|gle53amg|turbo3
2e248bad404b553ee5726b2e,2023,Mercedes Benz,Gle580 4Matic,Turbo 4,,,WL10399,,consolidated:full_oil_filter_workbook,"{""napa_gold_filter"":""10399"",""source_status"":""UNVERIFIED_OIL_SERVICE_DATA — Engine Oil: no validated continuity source; Oil Capacity: no validated continuity source; Oil Plug Torque: no validated continuity source. WIX official application matched; NAPA Gold cross-reference derived from WIX/NAPA convention; STP cross-reference not verified."",""verification_status"":""unverified"",""source_files"":""fulloilandfilter2022to2027;release_2022_2027_final_audit""}",unverified,oil_type;oil_capacity;stp_filter,2023|mercedesbenz|gle5804matic|turbo4
8c0fb661ff5589e1e25ca5fb,2023,Mercedes Benz,Gle63 Amg,Turbo 4,,,WL10077,,consolidated:full_oil_filter_workbook,"{""napa_gold_filter"":""10077"",""stp_filter"":""S11792 / S11792XL"",""source_status"":""ENGINE_FILTER_FAMILY_CONTINUITY — Engine Oil: 13/13 same engine/filter family; Oil Capacity: 13/13 same engine/filter family; Oil Plug Torque: 13/13 same engine/filter family. WIX official application matched; NAPA Gold cross-reference derived from WIX/NAPA convention; STP product-level cross-reference validated."",""verification_status"":""incomplete"",""source_files"":""fulloilandfilter2022to2027;release_2022_2027_final_audit""}",incomplete,oil_type;oil_capacity,2023|mercedesbenz|gle63amg|turbo4
fdd499e2054380cc225b5739,2023,Mercedes Benz,Gle63 Amg S,Turbo 4,,,WL10077,,consolidated:full_oil_filter_workbook,"{""napa_gold_filter"":""10077"",""stp_filter"":""S11792 / S11792XL"",""source_status"":""ENGINE_FILTER_FAMILY_CONTINUITY — Engine Oil: 14/14 same engine/filter family; Oil Capacity: 14/14 same engine/filter family; Oil Plug Torque: 14/14 same engine/filter family. WIX official application matched; NAPA Gold cross-reference derived from WIX/NAPA convention; STP product-level cross-reference validated."",""verification_status"":""incomplete"",""source_files"":""fulloilandfilter2022to2027;release_2022_2027_final_audit""}",incomplete,oil_type;oil_capacity,2023|mercedesbenz|gle63amgs|turbo4
8f9a0d4f71170ae76954c050,2023,Mercedes Benz,Gls 450,Turbo 3,,,WL10433,,consolidated:full_oil_filter_workbook,"{""napa_gold_filter"":""10433"",""source_status"":""ENGINE_FILTER_FAMILY_CONTINUITY — Engine Oil: 9/9 same engine/filter family; Oil Capacity: 9/9 same engine/filter family; Oil Plug Torque: 9/9 same engine/filter family. WIX official application matched; NAPA Gold cross-reference derived from WIX/NAPA convention; STP cross-reference not verified."",""verification_status"":""incomplete"",""source_files"":""fulloilandfilter2022to2027;release_2022_2027_final_audit""}",incomplete,oil_type;oil_capacity;stp_filter,2023|mercedesbenz|gls450|turbo3
799bd45567676f03f8f45aae,2023,Mercedes Benz,Gls 580,Turbo 4,,,WL10399,,consolidated:full_oil_filter_workbook,"{""napa_gold_filter"":""10399"",""source_status"":""ENGINE_FILTER_FAMILY_CONTINUITY — Engine Oil: 1/1 same engine/filter family; Oil Capacity: 1/1 same engine/filter family; Oil Plug Torque: 1/1 same engine/filter family. WIX official application matched; NAPA Gold cross-reference derived from WIX/NAPA convention; STP cross-reference not verified."",""verification_status"":""incomplete"",""source_files"":""fulloilandfilter2022to2027;release_2022_2027_final_audit""}",incomplete,oil_type;oil_capacity;stp_filter,2023|mercedesbenz|gls580|turbo4
e6590a7a85d2306b88923bbc,2023,Mercedes Benz,Gls63 Amg,Turbo 4,,,WL10399,,consolidated:full_oil_filter_workbook,"{""napa_gold_filter"":""10399"",""source_status"":""ENGINE_FILTER_FAMILY_CONTINUITY — Engine Oil: 2/2 same engine/filter family; Oil Capacity: 2/2 same engine/filter family; Oil Plug Torque: 2/2 same engine/filter family. WIX official application matched; NAPA Gold cross-reference derived from WIX/NAPA convention; STP cross-reference not verified."",""verification_status"":""incomplete"",""source_files"":""fulloilandfilter2022to2027;release_2022_2027_final_audit""}",incomplete,oil_type;oil_capacity;stp_filter,2023|mercedesbenz|gls63amg|turbo4
22bbef7a40224d6480ae2a79,2023,Mercedes Benz,Maybach GLS600,Turbo 4,,,WL10077,,consolidated:full_oil_filter_workbook,"{""napa_gold_filter"":""10077"",""stp_filter"":""S11792 / S11792XL"",""source_status"":""ENGINE_FILTER_FAMILY_CONTINUITY — Engine Oil: 15/15 same engine/filter family; Oil Capacity: 15/15 same engine/filter family; Oil Plug Torque: 15/15 same engine/filter family. WIX official application matched; NAPA Gold cross-reference derived from WIX/NAPA convention; STP product-level cross-reference validated."",""verification_status"":""incomplete"",""source_files"":""fulloilandfilter2022to2027;release_2022_2027_final_audit""}",incomplete,oil_type;oil_capacity,2023|mercedesbenz|maybachgls600|turbo4
fb682457e3a784cf30a785fa,2023,Mercedes Benz,Maybach S680,Turbo 6,,,57198,,consolidated:full_oil_filter_workbook,"{""napa_gold_filter"":""7198"",""stp_filter"":""S10682"",""source_status"":""UNVERIFIED_OIL_SERVICE_DATA — Engine Oil: no validated continuity source; Oil Capacity: no validated continuity source; Oil Plug Torque: no validated continuity source. WIX official application matched; NAPA Gold cross-reference derived from WIX/NAPA convention; STP product-level cross-reference validated."",""verification_status"":""unverified"",""source_files"":""fulloilandfilter2022to2027;release_2022_2027_final_audit""}",unverified,oil_type;oil_capacity,2023|mercedesbenz|maybachs680|turbo6
167968f24267b41c73615402,2023,Mercedes Benz,Metris,Turbo 2,,,WL7515,,consolidated:full_oil_filter_workbook,"{""napa_gold_filter"":""7515"",""stp_filter"":""S11473 / S11473XL"",""source_status"":""ENGINE_FILTER_FAMILY_CONTINUITY — Engine Oil: 14/14 same engine/filter family; Oil Capacity: 14/14 same engine/filter family; Oil Plug Torque: 14/14 same engine/filter family. WIX official application matched; NAPA Gold cross-reference derived from WIX/NAPA convention; STP product-level cross-reference validated."",""verification_status"":""incomplete"",""source_files"":""fulloilandfilter2022to2027;release_2022_2027_final_audit""}",incomplete,oil_type;oil_capacity,2023|mercedesbenz|metris|turbo2
5e2d7aa7f230b1ef437e26bd,2023,Mercedes Benz,S500 4matic,Turbo 3,,,WL10433,,consolidated:full_oil_filter_workbook,"{""napa_gold_filter"":""10433"",""source_status"":""ENGINE_FILTER_FAMILY_CONTINUITY — Engine Oil: 10/10 same engine/filter family; Oil Capacity: 10/10 same engine/filter family; Oil Plug Torque: 10/10 same engine/filter family. WIX official application matched; NAPA Gold cross-reference derived from WIX/NAPA convention; STP cross-reference not verified."",""verification_status"":""incomplete"",""source_files"":""fulloilandfilter2022to2027;release_2022_2027_final_audit""}",incomplete,oil_type;oil_capacity;stp_filter,2023|mercedesbenz|s5004matic|turbo3
3bf66a58079ef517026c6693,2023,Mercedes Benz,S580e,Turbo 3,,,WL10433,,consolidated:full_oil_filter_workbook,"{""napa_gold_filter"":""10433"",""source_status"":""ENGINE_FILTER_FAMILY_CONTINUITY — Engine Oil: 11/11 same engine/filter family; Oil Capacity: 11/11 same engine/filter family; Oil Plug Torque: 11/11 same engine/filter family. WIX official application matched; NAPA Gold cross-reference derived from WIX/NAPA convention; STP cross-reference not verified."",""verification_status"":""incomplete"",""source_files"":""fulloilandfilter2022to2027;release_2022_2027_final_audit""}",incomplete,oil_type;oil_capacity;stp_filter,2023|mercedesbenz|s580e|turbo3
82ede6d421547c3649415ae2,2023,Mercedes Benz,Sl55 Amg,Turbo 4,,,WL10077,,consolidated:full_oil_filter_workbook,"{""napa_gold_filter"":""10077"",""stp_filter"":""S11792 / S11792XL"",""source_status"":""ENGINE_FILTER_FAMILY_CONTINUITY — Engine Oil: 16/16 same engine/filter family; Oil Capacity: 16/16 same engine/filter family; Oil Plug Torque: 16/16 same engine/filter family. WIX official application matched; NAPA Gold cross-reference derived from WIX/NAPA convention; STP product-level cross-reference validated."",""verification_status"":""incomplete"",""source_files"":""fulloilandfilter2022to2027;release_2022_2027_final_audit""}",incomplete,oil_type;oil_capacity,2023|mercedesbenz|sl55amg|turbo4
07d60daf2ea4f6f7357d17e3,2023,Mercedes Benz,Sl63 Amg,Turbo 4,,,WL10077,,consolidated:full_oil_filter_workbook,"{""napa_gold_filter"":""10077"",""stp_filter"":""S11792 / S11792XL"",""source_status"":""ENGINE_FILTER_FAMILY_CONTINUITY — Engine Oil: 17/17 same engine/filter family; Oil Capacity: 17/17 same engine/filter family; Oil Plug Torque: 17/17 same engine/filter family. WIX official application matched; NAPA Gold cross-reference derived from WIX/NAPA convention; STP product-level cross-reference validated."",""verification_status"":""incomplete"",""source_files"":""fulloilandfilter2022to2027;release_2022_2027_final_audit""}",incomplete,oil_type;oil_capacity,2023|mercedesbenz|sl63amg|turbo4
cb92a0759e8d2a22c1c9ea9c,2023,Mercedes Benz,Sprinter 1500,Turbo 2,,,WL10789,,consolidated:full_oil_filter_workbook,"{""napa_gold_filter"":""10789"",""source_status"":""UNVERIFIED_OIL_SERVICE_DATA — Engine Oil: no validated continuity source; Oil Capacity: no validated continuity source; Oil Plug Torque: no validated continuity source. WIX official application matched; NAPA Gold cross-reference derived from WIX/NAPA convention; STP cross-reference not verified."",""verification_status"":""unverified"",""source_files"":""fulloilandfilter2022to2027;release_2022_2027_final_audit""}",unverified,oil_type;oil_capacity;stp_filter,2023|mercedesbenz|sprinter1500|turbo2
d82bb7d3e754217505814498,2023,Mercedes Benz,Sprinter 2500,Diesel 2,,,WL10789,,consolidated:full_oil_filter_workbook,"{""napa_gold_filter"":""10789"",""source_status"":""UNVERIFIED_OIL_SERVICE_DATA — Engine Oil: no validated continuity source; Oil Capacity: no validated continuity source; Oil Plug Torque: no validated continuity source. WIX official application matched; NAPA Gold cross-reference derived from WIX/NAPA convention; STP cross-reference not verified."",""verification_status"":""unverified"",""source_files"":""fulloilandfilter2022to2027;release_2022_2027_final_audit""}",unverified,oil_type;oil_capacity;stp_filter,2023|mercedesbenz|sprinter2500|diesel2
2e516cb01ad71047a596c403,2023,Mercedes Benz,Sprinter 3500,Diesel 2,,,WL10789,,consolidated:full_oil_filter_workbook,"{""napa_gold_filter"":""10789"",""source_status"":""ENGINE_FILTER_FAMILY_CONTINUITY — Engine Oil: 1/1 same engine/filter family; Oil Capacity: 1/1 same engine/filter family; Oil Plug Torque: 1/1 same engine/filter family. WIX official application matched; NAPA Gold cross-reference derived from WIX/NAPA convention; STP cross-reference not verified."",""verification_status"":""incomplete"",""source_files"":""fulloilandfilter2022to2027;release_2022_2027_final_audit""}",incomplete,oil_type;oil_capacity;stp_filter,2023|mercedesbenz|sprinter3500|diesel2
2e83f814a2ac6d7e98021eb7,2023,Mercedes Benz,Sprinter 3500Xd,Diesel 2,,,WL10789,,consolidated:full_oil_filter_workbook,"{""napa_gold_filter"":""10789"",""source_status"":""ENGINE_FILTER_FAMILY_CONTINUITY — Engine Oil: 2/2 same engine/filter family; Oil Capacity: 2/2 same engine/filter family; Oil Plug Torque: 2/2 same engine/filter family. WIX official application matched; NAPA Gold cross-reference derived from WIX/NAPA convention; STP cross-reference not verified."",""verification_status"":""incomplete"",""source_files"":""fulloilandfilter2022to2027;release_2022_2027_final_audit""}",incomplete,oil_type;oil_capacity;stp_filter,2023|mercedesbenz|sprinter3500xd|diesel2
32d56e4406fe613f6e3da980,2023,Mercedes Benz,Sprinter 4500,Diesel 3,,,57062,,consolidated:full_oil_filter_workbook,"{""napa_gold_filter"":""7062"",""stp_filter"":""S10323"",""source_status"":""UNVERIFIED_OIL_SERVICE_DATA — Engine Oil: no validated continuity source; Oil Capacity: no validated continuity source; Oil Plug Torque: no validated continuity source. WIX official application matched; NAPA Gold cross-reference derived from WIX/NAPA convention; STP product-level cross-reference validated."",""verification_status"":""unverified"",""source_files"":""fulloilandfilter2022to2027;release_2022_2027_final_audit""}",unverified,oil_type;oil_capacity,2023|mercedesbenz|sprinter4500|diesel3
96df0dabcfb420c8b210defd,2023,Mini,Cooper,Turbo 2,,,WL10518,,consolidated:full_oil_filter_workbook,"{""napa_gold_filter"":""10518"",""stp_filter"":""S45018"",""source_status"":""UNVERIFIED_OIL_SERVICE_DATA — Engine Oil: no validated continuity source; Oil Capacity: no validated continuity source; Oil Plug Torque: no validated continuity source. WIX official application matched; NAPA Gold cross-reference derived from WIX/NAPA convention; STP product-level cross-reference validated."",""verification_status"":""unverified"",""source_files"":""fulloilandfilter2022to2027;release_2022_2027_final_audit""}",unverified,oil_type;oil_capacity,2023|mini|cooper|turbo2
2748119a0a9506c269877057,2023,Mini,Cooper Clubman,Turbo 2,,,WL10518,,consolidated:full_oil_filter_workbook,"{""napa_gold_filter"":""10518"",""stp_filter"":""S45018"",""source_status"":""ENGINE_FILTER_FAMILY_CONTINUITY — Engine Oil: 1/1 same engine/filter family; Oil Capacity: 1/1 same engine/filter family; Oil Plug Torque: 1/1 same engine/filter family. WIX official application matched; NAPA Gold cross-reference derived from WIX/NAPA convention; STP product-level cross-reference validated."",""verification_status"":""incomplete"",""source_files"":""fulloilandfilter2022to2027;release_2022_2027_final_audit""}",incomplete,oil_type;oil_capacity,2023|mini|cooperclubman|turbo2
83c4f17424da2c46a3158e01,2023,Mini,Cooper Countryman,Hybrid 1.5,,,WL7522,,consolidated:full_oil_filter_workbook,"{""napa_gold_filter"":""7522"",""stp_filter"":""S11885"",""source_status"":""UNVERIFIED_OIL_SERVICE_DATA — Engine Oil: no validated continuity source; Oil Capacity: no validated continuity source; Oil Plug Torque: no validated continuity source. WIX official application matched; NAPA Gold cross-reference derived from WIX/NAPA convention; STP product-level cross-reference validated."",""verification_status"":""unverified"",""source_files"":""fulloilandfilter2022to2027;release_2022_2027_final_audit""}",unverified,oil_type;oil_capacity,2023|mini|coopercountryman|hybrid15
ac0add3125b064504a87686b,2023,Mini,Cooper Countryman,Turbo 2,,,WL10518,,consolidated:full_oil_filter_workbook,"{""napa_gold_filter"":""10518"",""stp_filter"":""S45018"",""source_status"":""ENGINE_FILTER_FAMILY_CONTINUITY — Engine Oil: 2/2 same engine/filter family; Oil Capacity: 2/2 same engine/filter family; Oil Plug Torque: 2/2 same engine/filter family. WIX official application matched; NAPA Gold cross-reference derived from WIX/NAPA convention; STP product-level cross-reference validated."",""verification_status"":""incomplete"",""source_files"":""fulloilandfilter2022to2027;release_2022_2027_final_audit""}",incomplete,oil_type;oil_capacity,2023|mini|coopercountryman|turbo2
4a7ecbaebcaca970d07c423c,2023,Mini,Cooper Jcw,Turbo 2,,,WL10518,,consolidated:full_oil_filter_workbook,"{""napa_gold_filter"":""10518"",""stp_filter"":""S45018"",""source_status"":""ENGINE_FILTER_FAMILY_CONTINUITY — Engine Oil: 3/3 same engine/filter family; Oil Capacity: 3/3 same engine/filter family; Oil Plug Torque: 3/3 same engine/filter family. WIX official application matched; NAPA Gold cross-reference derived from WIX/NAPA convention; STP product-level cross-reference validated."",""verification_status"":""incomplete"",""source_files"":""fulloilandfilter2022to2027;release_2022_2027_final_audit""}",incomplete,oil_type;oil_capacity,2023|mini|cooperjcw|turbo2
fb16834fc575f8bd82a8b89e,2023,Mitsubishi,Outlander PHEV,Hybrid 2.4,,,57356,,consolidated:full_oil_filter_workbook,"{""napa_gold_filter"":""7356"",""source_status"":""UNVERIFIED_OIL_SERVICE_DATA — Engine Oil: no validated continuity source; Oil Capacity: no validated continuity source; Oil Plug Torque: no validated continuity source. WIX official application matched; NAPA Gold cross-reference derived from WIX/NAPA convention; STP cross-reference not verified."",""verification_status"":""unverified"",""source_files"":""fulloilandfilter2022to2027;release_2022_2027_final_audit""}",unverified,oil_type;oil_capacity;stp_filter,2023|mitsubishi|outlanderphev|hybrid24
db1443afa985c912a2a088fc,2023,Mitsubishi,Outlander Phev,2.4,,,,,consolidated:year_make_model_json,"{""verification_status"":""incomplete"",""source_files"":""yearmakemodel.json;completevehiclelist.xlsx-Sheet1.csv""}",incomplete,oil_type;oil_capacity;wix_filter;napa_gold_filter;stp_filter,2023|mitsubishi|outlanderphev|24
e47aeef556f2966af3abddc5,2023,Nissan,Altima,Turbo 2,,,51358,,consolidated:full_oil_filter_workbook,"{""napa_gold_filter"":""1358"",""stp_filter"":""PH2865 / PH7028"",""source_status"":""UNVERIFIED_OIL_SERVICE_DATA — Engine Oil: no validated continuity source; Oil Capacity: no validated continuity source; Oil Plug Torque: no validated continuity source. WIX official application matched; NAPA Gold cross-reference derived from WIX/NAPA convention; STP product-level cross-reference validated."",""verification_status"":""unverified"",""source_files"":""fulloilandfilter2022to2027;release_2022_2027_final_audit""}",unverified,oil_type;oil_capacity,2023|nissan|altima|turbo2
4d8012566a59d0ae1a25d7d2,2023,Nissan,Frontier,Diesel 2.5,,,57356,,consolidated:full_oil_filter_workbook,"{""napa_gold_filter"":""7356"",""source_status"":""UNVERIFIED_OIL_SERVICE_DATA — Engine Oil: no validated continuity source; Oil Capacity: no validated continuity source; Oil Plug Torque: no validated continuity source. WIX official application matched; NAPA Gold cross-reference derived from WIX/NAPA convention; STP cross-reference not verified."",""verification_status"":""unverified"",""source_files"":""fulloilandfilter2022to2027;release_2022_2027_final_audit""}",unverified,oil_type;oil_capacity;stp_filter,2023|nissan|frontier|diesel25
63dfc887ce860bca816f62b5,2023,Nissan,Rogue,Turbo 1.5,,,51358,,consolidated:full_oil_filter_workbook,"{""napa_gold_filter"":""1358"",""stp_filter"":""PH2865 / PH7028"",""source_status"":""UNVERIFIED_OIL_SERVICE_DATA — Engine Oil: no validated continuity source; Oil Capacity: no validated continuity source; Oil Plug Torque: no validated continuity source. WIX official application matched; NAPA Gold cross-reference derived from WIX/NAPA convention; STP product-level cross-reference validated."",""verification_status"":""unverified"",""source_files"":""fulloilandfilter2022to2027;release_2022_2027_final_audit""}",unverified,oil_type;oil_capacity,2023|nissan|rogue|turbo15
d780bc49fdbff09a1ec9bfb4,2023,Nissan,Z,Turbo 3,,,51358,,consolidated:full_oil_filter_workbook,"{""napa_gold_filter"":""1358"",""stp_filter"":""PH2865 / PH7028"",""source_status"":""UNVERIFIED_OIL_SERVICE_DATA — Engine Oil: no validated continuity source; Oil Capacity: no validated continuity source; Oil Plug Torque: no validated continuity source. WIX official application matched; NAPA Gold cross-reference derived from WIX/NAPA convention; STP product-level cross-reference validated."",""verification_status"":""unverified"",""source_files"":""fulloilandfilter2022to2027;release_2022_2027_final_audit""}",unverified,oil_type;oil_capacity,2023|nissan|z|turbo3
9df41ff4fe4cf9676c45af5a,2023,Porsche,718 Boxster,Turbo 2,,,WL10359,,consolidated:full_oil_filter_workbook,"{""napa_gold_filter"":""10359"",""source_status"":""UNVERIFIED_OIL_SERVICE_DATA — Engine Oil: no validated continuity source; Oil Capacity: no validated continuity source; Oil Plug Torque: no validated continuity source. WIX official application matched; NAPA Gold cross-reference derived from WIX/NAPA convention; STP cross-reference not verified."",""verification_status"":""unverified"",""source_files"":""fulloilandfilter2022to2027;release_2022_2027_final_audit""}",unverified,oil_type;oil_capacity;stp_filter,2023|porsche|718boxster|turbo2
a24f3c450d6939eb499e89fd,2023,Porsche,718 Cayman,Turbo 2,,,WL10359,,consolidated:full_oil_filter_workbook,"{""napa_gold_filter"":""10359"",""source_status"":""ENGINE_FILTER_FAMILY_CONTINUITY — Engine Oil: 1/1 same engine/filter family; Oil Capacity: 1/1 same engine/filter family; Oil Plug Torque: 1/1 same engine/filter family. WIX official application matched; NAPA Gold cross-reference derived from WIX/NAPA convention; STP cross-reference not verified."",""verification_status"":""incomplete"",""source_files"":""fulloilandfilter2022to2027;release_2022_2027_final_audit""}",incomplete,oil_type;oil_capacity;stp_filter,2023|porsche|718cayman|turbo2
d2fb8bd763c8231a2a23438c,2023,Porsche,911,Turbo 3,,,WL10372,,consolidated:full_oil_filter_workbook,"{""napa_gold_filter"":""10372"",""source_status"":""UNVERIFIED_OIL_SERVICE_DATA — Engine Oil: no validated continuity source; Oil Capacity: no validated continuity source; Oil Plug Torque: no validated continuity source. WIX official application matched; NAPA Gold cross-reference derived from WIX/NAPA convention; STP cross-reference not verified."",""verification_status"":""unverified"",""source_files"":""fulloilandfilter2022to2027;release_2022_2027_final_audit""}",unverified,oil_type;oil_capacity;stp_filter,2023|porsche|911|turbo3
6300dcd61e52d69fa7bfccb0,2023,Porsche,Cayenne,Turbo 3,,,WL10438,,consolidated:full_oil_filter_workbook,"{""napa_gold_filter"":""10438"",""stp_filter"":""S45005 / S45005XL"",""source_status"":""UNVERIFIED_OIL_SERVICE_DATA — Engine Oil: no validated continuity source; Oil Capacity: no validated continuity source; Oil Plug Torque: no validated continuity source. WIX official application matched; NAPA Gold cross-reference derived from WIX/NAPA convention; STP product-level cross-reference validated."",""verification_status"":""unverified"",""source_files"":""fulloilandfilter2022to2027;release_2022_2027_final_audit""}",unverified,oil_type;oil_capacity,2023|porsche|cayenne|turbo3
c3c527534de7b082f8eb21fa,2023,Porsche,Cayenne,Turbo 4,,,WL10438,,consolidated:full_oil_filter_workbook,"{""napa_gold_filter"":""10438"",""stp_filter"":""S45005 / S45005XL"",""source_status"":""UNVERIFIED_OIL_SERVICE_DATA — Engine Oil: no validated continuity source; Oil Capacity: no validated continuity source; Oil Plug Torque: no validated continuity source. WIX official application matched; NAPA Gold cross-reference derived from WIX/NAPA convention; STP product-level cross-reference validated."",""verification_status"":""unverified"",""source_files"":""fulloilandfilter2022to2027;release_2022_2027_final_audit""}",unverified,oil_type;oil_capacity,2023|porsche|cayenne|turbo4
3d674fa8589ddb6db3526e0b,2023,Porsche,Macan,Turbo 2,,,WL10396,,consolidated:full_oil_filter_workbook,"{""napa_gold_filter"":""10396"",""stp_filter"":""S11784 / S11784XL"",""source_status"":""UNVERIFIED_OIL_SERVICE_DATA — Engine Oil: no validated continuity source; Oil Capacity: no validated continuity source; Oil Plug Torque: no validated continuity source. WIX official application matched; NAPA Gold cross-reference derived from WIX/NAPA convention; STP product-level cross-reference validated."",""verification_status"":""unverified"",""source_files"":""fulloilandfilter2022to2027;release_2022_2027_final_audit""}",unverified,oil_type;oil_capacity,2023|porsche|macan|turbo2
43a23d687e52f4b2972b8ee6,2023,Porsche,Panamera,Turbo 4,,,WL10438,,consolidated:full_oil_filter_workbook,"{""napa_gold_filter"":""10438"",""stp_filter"":""S45005 / S45005XL"",""source_status"":""ENGINE_FILTER_FAMILY_CONTINUITY — Engine Oil: 1/1 same engine/filter family; Oil Capacity: 1/1 same engine/filter family; Oil Plug Torque: 1/1 same engine/filter family. WIX official application matched; NAPA Gold cross-reference derived from WIX/NAPA convention; STP product-level cross-reference validated."",""verification_status"":""incomplete"",""source_files"":""fulloilandfilter2022to2027;release_2022_2027_final_audit""}",incomplete,oil_type;oil_capacity,2023|porsche|panamera|turbo4
2f743a7840b4f319ae3a0d70,2023,Ram,1500,Diesel 3,,,WL10614,,consolidated:full_oil_filter_workbook,"{""napa_gold_filter"":""10614"",""stp_filter"":""S45027"",""source_status"":""UNVERIFIED_OIL_SERVICE_DATA — Engine Oil: no validated continuity source; Oil Capacity: no validated continuity source; Oil Plug Torque: no validated continuity source. WIX official application matched; NAPA Gold cross-reference derived from WIX/NAPA convention; STP product-level cross-reference validated."",""verification_status"":""unverified"",""source_files"":""fulloilandfilter2022to2027;release_2022_2027_final_audit""}",unverified,oil_type;oil_capacity,2023|ram|1500|diesel3
6701b7334537dc7d6a3e4406,2023,Ram,1500,Hybrid 3.6,,,WL10010,,consolidated:full_oil_filter_workbook,"{""napa_gold_filter"":""10010"",""stp_filter"":""S11665 / S11665XL"",""source_status"":""UNVERIFIED_OIL_SERVICE_DATA — Engine Oil: no validated continuity source; Oil Capacity: no validated continuity source; Oil Plug Torque: no validated continuity source. WIX official application matched; NAPA Gold cross-reference derived from WIX/NAPA convention; STP product-level cross-reference validated."",""verification_status"":""unverified"",""source_files"":""fulloilandfilter2022to2027;release_2022_2027_final_audit""}",unverified,oil_type;oil_capacity,2023|ram|1500|hybrid36
256b8ff290e3fd1086d74781,2023,Ram,1500,Hybrid 5.7,,,57060,,consolidated:full_oil_filter_workbook,"{""napa_gold_filter"":""7060"",""stp_filter"":""S3506"",""source_status"":""UNVERIFIED_OIL_SERVICE_DATA — Engine Oil: no validated continuity source; Oil Capacity: no validated continuity source; Oil Plug Torque: no validated continuity source. WIX official application matched; NAPA Gold cross-reference derived from WIX/NAPA convention; STP product-level cross-reference validated."",""verification_status"":""unverified"",""source_files"":""fulloilandfilter2022to2027;release_2022_2027_final_audit""}",unverified,oil_type;oil_capacity,2023|ram|1500|hybrid57
9101804a50e75aa318290fd5,2023,Subaru,Wrx,Turbo 2.4,0W-20,4.8 qts. with filter,WL10078,,consolidated:full_oil_filter_workbook,"{""napa_gold_filter"":""10078"",""source_status"":""UNVERIFIED_OIL_SERVICE_DATA — Oil Capacity: exact 2022 continuity; Engine Oil: no validated continuity source; Oil Plug Torque: no validated continuity source. WIX official application matched; NAPA Gold cross-reference derived from WIX/NAPA convention; STP cross-reference not verified."",""verification_status"":""unverified"",""source_files"":""fulloilandfilter2022to2027;release_2022_2027_final_audit;yearmakemodel.json;completevehiclelist.xlsx-Sheet1.csv""}",unverified,stp_filter,2023|subaru|wrx|turbo24
705645a848ea5d2156554e23,2023,Toyota,Camry,Hybrid 2.5,,,51394,,consolidated:full_oil_filter_workbook,"{""napa_gold_filter"":""1394"",""source_status"":""UNVERIFIED_OIL_SERVICE_DATA — Engine Oil: no validated continuity source; Oil Capacity: no validated continuity source; Oil Plug Torque: no validated continuity source. WIX official application matched; NAPA Gold cross-reference derived from WIX/NAPA convention; STP cross-reference not verified."",""verification_status"":""unverified"",""source_files"":""fulloilandfilter2022to2027;release_2022_2027_final_audit""}",unverified,oil_type;oil_capacity;stp_filter,2023|toyota|camry|hybrid25
1c72786fc6fd29597b8202dd,2023,Toyota,Corolla,Hybrid 1.8,,,51394,,consolidated:full_oil_filter_workbook,"{""napa_gold_filter"":""1394"",""source_status"":""UNVERIFIED_OIL_SERVICE_DATA — Engine Oil: no validated continuity source; Oil Capacity: no validated continuity source; Oil Plug Torque: no validated continuity source. WIX official application matched; NAPA Gold cross-reference derived from WIX/NAPA convention; STP cross-reference not verified."",""verification_status"":""unverified"",""source_files"":""fulloilandfilter2022to2027;release_2022_2027_final_audit""}",unverified,oil_type;oil_capacity;stp_filter,2023|toyota|corolla|hybrid18
f9004ba778aceb9cfd0a37be,2023,Toyota,Corolla,Hybrid 2,,,51394,,consolidated:full_oil_filter_workbook,"{""napa_gold_filter"":""1394"",""source_status"":""UNVERIFIED_OIL_SERVICE_DATA — Engine Oil: no validated continuity source; Oil Capacity: no validated continuity source; Oil Plug Torque: no validated continuity source. WIX official application matched; NAPA Gold cross-reference derived from WIX/NAPA convention; STP cross-reference not verified."",""verification_status"":""unverified"",""source_files"":""fulloilandfilter2022to2027;release_2022_2027_final_audit""}",unverified,oil_type;oil_capacity;stp_filter,2023|toyota|corolla|hybrid2
58f93b2478bf73d0d395d73d,2023,Toyota,Corolla Cross,2,,,WL10332,,consolidated:full_oil_filter_workbook,"{""napa_gold_filter"":""10332"",""source_status"":""UNVERIFIED_OIL_SERVICE_DATA — Engine Oil: no validated continuity source; Oil Capacity: no validated continuity source; Oil Plug Torque: no validated continuity source. WIX official application matched; NAPA Gold cross-reference derived from WIX/NAPA convention; STP cross-reference not verified."",""verification_status"":""unverified"",""source_files"":""fulloilandfilter2022to2027;release_2022_2027_final_audit""}",unverified,oil_type;oil_capacity;stp_filter,2023|toyota|corollacross|2
210e07761e1404e4fefce83a,2023,Toyota,Corolla Cross,Hybrid 2,,,WL10332,,consolidated:full_oil_filter_workbook,"{""napa_gold_filter"":""10332"",""source_status"":""UNVERIFIED_OIL_SERVICE_DATA — Engine Oil: no validated continuity source; Oil Capacity: no validated continuity source; Oil Plug Torque: no validated continuity source. WIX official application matched; NAPA Gold cross-reference derived from WIX/NAPA convention; STP cross-reference not verified."",""verification_status"":""unverified"",""source_files"":""fulloilandfilter2022to2027;release_2022_2027_final_audit""}",unverified,oil_type;oil_capacity;stp_filter,2023|toyota|corollacross|hybrid2
993639b484efce31324159f9,2023,Toyota,Crown,2.5,,,,,consolidated:year_make_model_json,"{""verification_status"":""incomplete"",""source_files"":""yearmakemodel.json;completevehiclelist.xlsx-Sheet1.csv""}",incomplete,oil_type;oil_capacity;wix_filter;napa_gold_filter;stp_filter,2023|toyota|crown|25
969f60d2f7ea3d816e43032e,2023,Toyota,GR Corolla,Turbo 1.6,0W-20,4.5 qts. with filter,51394,,consolidated:full_oil_filter_workbook,"{""napa_gold_filter"":""1394"",""source_status"":""UNVERIFIED_OIL_SERVICE_DATA — Engine Oil: no validated continuity source; Oil Capacity: no validated continuity source; Oil Plug Torque: no validated continuity source. WIX official application matched; NAPA Gold cross-reference derived from WIX/NAPA convention; STP cross-reference not verified."",""verification_status"":""unverified"",""source_files"":""fulloilandfilter2022to2027;release_2022_2027_final_audit;yearmakemodel.json;completevehiclelist.xlsx-Sheet1.csv""}",unverified,stp_filter,2023|toyota|grcorolla|turbo16
5e7aac258a88b4433db9d922,2023,Toyota,Gr 86,2.4,0W-20,5.3 qts. with filter,WL10078,,consolidated:full_oil_filter_workbook,"{""oil_plug_torque"":""31 ft. lbs."",""napa_gold_filter"":""10078"",""source_status"":""UNVERIFIED_OIL_SERVICE_DATA — Oil Capacity: exact 2022 continuity; Oil Plug Torque: exact 2022 continuity; Engine Oil: no validated continuity source. WIX official application matched; NAPA Gold cross-reference derived from WIX/NAPA convention; STP cross-reference not verified."",""verification_status"":""unverified"",""source_files"":""fulloilandfilter2022to2027;release_2022_2027_final_audit;yearmakemodel.json;completevehiclelist.xlsx-Sheet1.csv""}",unverified,stp_filter,2023|toyota|gr86|24
a8ce47a7b84a0fed689e7fc4,2023,Toyota,Highlander,Hybrid 2.5,,,WL10332,,consolidated:full_oil_filter_workbook,"{""napa_gold_filter"":""10332"",""source_status"":""UNVERIFIED_OIL_SERVICE_DATA — Engine Oil: no validated continuity source; Oil Capacity: no validated continuity source; Oil Plug Torque: no validated continuity source. WIX official application matched; NAPA Gold cross-reference derived from WIX/NAPA convention; STP cross-reference not verified."",""verification_status"":""unverified"",""source_files"":""fulloilandfilter2022to2027;release_2022_2027_final_audit""}",unverified,oil_type;oil_capacity;stp_filter,2023|toyota|highlander|hybrid25
274d17604a173d110613e77e,2023,Toyota,Highlander,Turbo 2.4,0W-20,5.6 qts. with filter,WL10332,,consolidated:full_oil_filter_workbook,"{""napa_gold_filter"":""10332"",""source_status"":""UNVERIFIED_OIL_SERVICE_DATA — Engine Oil: no validated continuity source; Oil Capacity: no validated continuity source; Oil Plug Torque: no validated continuity source. WIX official application matched; NAPA Gold cross-reference derived from WIX/NAPA convention; STP cross-reference not verified."",""verification_status"":""unverified"",""source_files"":""fulloilandfilter2022to2027;release_2022_2027_final_audit;yearmakemodel.json;completevehiclelist.xlsx-Sheet1.csv""}",unverified,stp_filter,2023|toyota|highlander|turbo24
0f30ecf4c3f1d4ba6a57fb92,2023,Toyota,PRIUS AWD-e,Hybrid 2,,,51394,,consolidated:full_oil_filter_workbook,"{""napa_gold_filter"":""1394"",""source_status"":""ENGINE_FILTER_FAMILY_CONTINUITY — Engine Oil: 1/1 same engine/filter family; Oil Capacity: 1/1 same engine/filter family; Oil Plug Torque: 1/1 same engine/filter family. WIX official application matched; NAPA Gold cross-reference derived from WIX/NAPA convention; STP cross-reference not verified."",""verification_status"":""incomplete"",""source_files"":""fulloilandfilter2022to2027;release_2022_2027_final_audit""}",incomplete,oil_type;oil_capacity;stp_filter,2023|toyota|priusawde|hybrid2
bdf76484052f1fbfd0df7484,2023,Toyota,Prius,Hybrid 2,,,51394,,consolidated:full_oil_filter_workbook,"{""napa_gold_filter"":""1394"",""source_status"":""ENGINE_FILTER_FAMILY_CONTINUITY — Engine Oil: 2/2 same engine/filter family; Oil Capacity: 2/2 same engine/filter family; Oil Plug Torque: 2/2 same engine/filter family. WIX official application matched; NAPA Gold cross-reference derived from WIX/NAPA convention; STP cross-reference not verified."",""verification_status"":""incomplete"",""source_files"":""fulloilandfilter2022to2027;release_2022_2027_final_audit""}",incomplete,oil_type;oil_capacity;stp_filter,2023|toyota|prius|hybrid2
cbcc3745861eb13ad671e66b,2023,Toyota,Rav4,Hybrid 2.5,,,WL10332,,consolidated:full_oil_filter_workbook,"{""napa_gold_filter"":""10332"",""source_status"":""ENGINE_FILTER_FAMILY_CONTINUITY — Engine Oil: 1/1 same engine/filter family; Oil Capacity: 1/1 same engine/filter family; Oil Plug Torque: 1/1 same engine/filter family. WIX official application matched; NAPA Gold cross-reference derived from WIX/NAPA convention; STP cross-reference not verified."",""verification_status"":""incomplete"",""source_files"":""fulloilandfilter2022to2027;release_2022_2027_final_audit""}",incomplete,oil_type;oil_capacity;stp_filter,2023|toyota|rav4|hybrid25
5c68c658440c011100a58327,2023,Toyota,Sequoia,Turbo 3.4,,,57145,,consolidated:full_oil_filter_workbook,"{""napa_gold_filter"":""7145"",""source_status"":""UNVERIFIED_OIL_SERVICE_DATA — Engine Oil: no validated continuity source; Oil Capacity: no validated continuity source; Oil Plug Torque: no validated continuity source. WIX official application matched; NAPA Gold cross-reference derived from WIX/NAPA convention; STP cross-reference not verified."",""verification_status"":""unverified"",""source_files"":""fulloilandfilter2022to2027;release_2022_2027_final_audit""}",unverified,oil_type;oil_capacity;stp_filter,2023|toyota|sequoia|turbo34
fa284a0b4f1dda84f3d3b25a,2023,Toyota,Supra,Turbo 2,,,WL10358,,consolidated:full_oil_filter_workbook,"{""napa_gold_filter"":""10358"",""stp_filter"":""S45014 / S45014XL"",""source_status"":""UNVERIFIED_OIL_SERVICE_DATA — Engine Oil: no validated continuity source; Oil Capacity: no validated continuity source; Oil Plug Torque: no validated continuity source. WIX official application matched; NAPA Gold cross-reference derived from WIX/NAPA convention; STP product-level cross-reference validated."",""verification_status"":""unverified"",""source_files"":""fulloilandfilter2022to2027;release_2022_2027_final_audit""}",unverified,oil_type;oil_capacity,2023|toyota|supra|turbo2
13ee59890abc634d6a88e0bd,2023,Toyota,Supra,Turbo 3,,,WL10342,,consolidated:full_oil_filter_workbook,"{""napa_gold_filter"":""10342"",""stp_filter"":""S90186 / S90186XL"",""source_status"":""UNVERIFIED_OIL_SERVICE_DATA — Engine Oil: no validated continuity source; Oil Capacity: no validated continuity source; Oil Plug Torque: no validated continuity source. WIX official application matched; NAPA Gold cross-reference derived from WIX/NAPA convention; STP product-level cross-reference validated."",""verification_status"":""unverified"",""source_files"":""fulloilandfilter2022to2027;release_2022_2027_final_audit""}",unverified,oil_type;oil_capacity,2023|toyota|supra|turbo3
9164d52889032d917838b5cb,2023,Toyota,Tundra,Turbo 3.4,,,57145,,consolidated:full_oil_filter_workbook,"{""napa_gold_filter"":""7145"",""source_status"":""ENGINE_FILTER_FAMILY_CONTINUITY — Engine Oil: 1/1 same engine/filter family; Oil Capacity: 1/1 same engine/filter family; Oil Plug Torque: 1/1 same engine/filter family. WIX official application matched; NAPA Gold cross-reference derived from WIX/NAPA convention; STP cross-reference not verified."",""verification_status"":""incomplete"",""source_files"":""fulloilandfilter2022to2027;release_2022_2027_final_audit""}",incomplete,oil_type;oil_capacity;stp_filter,2023|toyota|tundra|turbo34
480c3ff8d55dfed9d4912192,2023,Volkswagen,Arteon,Turbo 2,,,WL10396,,consolidated:full_oil_filter_workbook,"{""napa_gold_filter"":""10396"",""stp_filter"":""S11784 / S11784XL"",""source_status"":""UNVERIFIED_OIL_SERVICE_DATA — Engine Oil: no validated continuity source; Oil Capacity: no validated continuity source; Oil Plug Torque: no validated continuity source. WIX official application matched; NAPA Gold cross-reference derived from WIX/NAPA convention; STP product-level cross-reference validated."",""verification_status"":""unverified"",""source_files"":""fulloilandfilter2022to2027;release_2022_2027_final_audit""}",unverified,oil_type;oil_capacity,2023|volkswagen|arteon|turbo2
27e72043ad3608b6232145c8,2023,Volkswagen,Atlas,Turbo 2,,,WL10396,,consolidated:full_oil_filter_workbook,"{""napa_gold_filter"":""10396"",""stp_filter"":""S11784 / S11784XL"",""source_status"":""ENGINE_FILTER_FAMILY_CONTINUITY — Engine Oil: 1/1 same engine/filter family; Oil Capacity: 1/1 same engine/filter family; Oil Plug Torque: 1/1 same engine/filter family. WIX official application matched; NAPA Gold cross-reference derived from WIX/NAPA convention; STP product-level cross-reference validated."",""verification_status"":""incomplete"",""source_files"":""fulloilandfilter2022to2027;release_2022_2027_final_audit""}",incomplete,oil_type;oil_capacity,2023|volkswagen|atlas|turbo2
d371d7ad422fee302685d749,2023,Volkswagen,Golf R,Turbo 2,,,WL10396,,consolidated:full_oil_filter_workbook,"{""napa_gold_filter"":""10396"",""stp_filter"":""S11784 / S11784XL"",""source_status"":""ENGINE_FILTER_FAMILY_CONTINUITY — Engine Oil: 2/2 same engine/filter family; Oil Capacity: 2/2 same engine/filter family; Oil Plug Torque: 2/2 same engine/filter family. WIX official application matched; NAPA Gold cross-reference derived from WIX/NAPA convention; STP product-level cross-reference validated."",""verification_status"":""incomplete"",""source_files"":""fulloilandfilter2022to2027;release_2022_2027_final_audit""}",incomplete,oil_type;oil_capacity,2023|volkswagen|golfr|turbo2
5cec5b0733f352fc0746a27e,2023,Volkswagen,Gti,Turbo 2,,,WL10396,,consolidated:full_oil_filter_workbook,"{""napa_gold_filter"":""10396"",""stp_filter"":""S11784 / S11784XL"",""source_status"":""ENGINE_FILTER_FAMILY_CONTINUITY — Engine Oil: 3/3 same engine/filter family; Oil Capacity: 3/3 same engine/filter family; Oil Plug Torque: 3/3 same engine/filter family. WIX official application matched; NAPA Gold cross-reference derived from WIX/NAPA convention; STP product-level cross-reference validated."",""verification_status"":""incomplete"",""source_files"":""fulloilandfilter2022to2027;release_2022_2027_final_audit""}",incomplete,oil_type;oil_capacity,2023|volkswagen|gti|turbo2
ac935472e0550f5444c18ca7,2023,Volkswagen,Jetta Gli,Turbo 2,,,WL10396,,consolidated:full_oil_filter_workbook,"{""napa_gold_filter"":""10396"",""stp_filter"":""S11784 / S11784XL"",""source_status"":""ENGINE_FILTER_FAMILY_CONTINUITY — Engine Oil: 4/4 same engine/filter family; Oil Capacity: 4/4 same engine/filter family; Oil Plug Torque: 4/4 same engine/filter family. WIX official application matched; NAPA Gold cross-reference derived from WIX/NAPA convention; STP product-level cross-reference validated."",""verification_status"":""incomplete"",""source_files"":""fulloilandfilter2022to2027;release_2022_2027_final_audit""}",incomplete,oil_type;oil_capacity,2023|volkswagen|jettagli|turbo2
f416a2c0f3bbda166cb43b47,2023,Volkswagen,Tiguan,Turbo 2,,,WL10396,,consolidated:full_oil_filter_workbook,"{""napa_gold_filter"":""10396"",""stp_filter"":""S11784 / S11784XL"",""source_status"":""ENGINE_FILTER_FAMILY_CONTINUITY — Engine Oil: 5/5 same engine/filter family; Oil Capacity: 5/5 same engine/filter family; Oil Plug Torque: 5/5 same engine/filter family. WIX official application matched; NAPA Gold cross-reference derived from WIX/NAPA convention; STP product-level cross-reference validated."",""verification_status"":""incomplete"",""source_files"":""fulloilandfilter2022to2027;release_2022_2027_final_audit""}",incomplete,oil_type;oil_capacity,2023|volkswagen|tiguan|turbo2
53c9b9ac83d38270ffef83a9,2023,Volkswagen,Transporter,Diesel 2,,,57262,,consolidated:full_oil_filter_workbook,"{""napa_gold_filter"":""7262"",""source_status"":""UNVERIFIED_OIL_SERVICE_DATA — Engine Oil: no validated continuity source; Oil Capacity: no validated continuity source; Oil Plug Torque: no validated continuity source. WIX official application matched; NAPA Gold cross-reference derived from WIX/NAPA convention; STP cross-reference not verified."",""verification_status"":""unverified"",""source_files"":""fulloilandfilter2022to2027;release_2022_2027_final_audit""}",unverified,oil_type;oil_capacity;stp_filter,2023|volkswagen|transporter|diesel2
853b83059270555b038956ff,2023,Volvo,S60,Turbo 2,,,WL10241,,consolidated:full_oil_filter_workbook,"{""napa_gold_filter"":""10241"",""stp_filter"":""S45012 / S45012XL"",""source_status"":""UNVERIFIED_OIL_SERVICE_DATA — Engine Oil: no validated continuity source; Oil Capacity: no validated continuity source; Oil Plug Torque: no validated continuity source. WIX official application matched; NAPA Gold cross-reference derived from WIX/NAPA convention; STP product-level cross-reference validated."",""verification_status"":""unverified"",""source_files"":""fulloilandfilter2022to2027;release_2022_2027_final_audit""}",unverified,oil_type;oil_capacity,2023|volvo|s60|turbo2
014a6bdb26aae369eddc420f,2023,Volvo,S90,Turbo 2,,,WL10241,,consolidated:full_oil_filter_workbook,"{""napa_gold_filter"":""10241"",""stp_filter"":""S45012 / S45012XL"",""source_status"":""ENGINE_FILTER_FAMILY_CONTINUITY — Engine Oil: 1/1 same engine/filter family; Oil Capacity: 1/1 same engine/filter family; Oil Plug Torque: 1/1 same engine/filter family. WIX official application matched; NAPA Gold cross-reference derived from WIX/NAPA convention; STP product-level cross-reference validated."",""verification_status"":""incomplete"",""source_files"":""fulloilandfilter2022to2027;release_2022_2027_final_audit""}",incomplete,oil_type;oil_capacity,2023|volvo|s90|turbo2
ad857da84d38024bd1e50d92,2023,Volvo,V60,Turbo 2,,,WL10241,,consolidated:full_oil_filter_workbook,"{""napa_gold_filter"":""10241"",""stp_filter"":""S45012 / S45012XL"",""source_status"":""ENGINE_FILTER_FAMILY_CONTINUITY — Engine Oil: 2/2 same engine/filter family; Oil Capacity: 2/2 same engine/filter family; Oil Plug Torque: 2/2 same engine/filter family. WIX official application matched; NAPA Gold cross-reference derived from WIX/NAPA convention; STP product-level cross-reference validated."",""verification_status"":""incomplete"",""source_files"":""fulloilandfilter2022to2027;release_2022_2027_final_audit""}",incomplete,oil_type;oil_capacity,2023|volvo|v60|turbo2
261e4d5eb7990364c3b8520c,2023,Volvo,V60 Cross Country,Turbo 2,,,WL10241,,consolidated:full_oil_filter_workbook,"{""napa_gold_filter"":""10241"",""stp_filter"":""S45012 / S45012XL"",""source_status"":""ENGINE_FILTER_FAMILY_CONTINUITY — Engine Oil: 3/3 same engine/filter family; Oil Capacity: 3/3 same engine/filter family; Oil Plug Torque: 3/3 same engine/filter family. WIX official application matched; NAPA Gold cross-reference derived from WIX/NAPA convention; STP product-level cross-reference validated."",""verification_status"":""incomplete"",""source_files"":""fulloilandfilter2022to2027;release_2022_2027_final_audit""}",incomplete,oil_type;oil_capacity,2023|volvo|v60crosscountry|turbo2
1b93fd7530b3e3863ccd387b,2023,Volvo,Xc40,Turbo 2,,,WL10241,,consolidated:full_oil_filter_workbook,"{""napa_gold_filter"":""10241"",""stp_filter"":""S45012 / S45012XL"",""source_status"":""ENGINE_FILTER_FAMILY_CONTINUITY — Engine Oil: 4/4 same engine/filter family; Oil Capacity: 4/4 same engine/filter family; Oil Plug Torque: 4/4 same engine/filter family. WIX official application matched; NAPA Gold cross-reference derived from WIX/NAPA convention; STP product-level cross-reference validated."",""verification_status"":""incomplete"",""source_files"":""fulloilandfilter2022to2027;release_2022_2027_final_audit""}",incomplete,oil_type;oil_capacity,2023|volvo|xc40|turbo2
0b9babfa57ca8dfaa9254d24,2023,Volvo,Xc60,Turbo 2,,,WL10241,,consolidated:full_oil_filter_workbook,"{""napa_gold_filter"":""10241"",""stp_filter"":""S45012 / S45012XL"",""source_status"":""ENGINE_FILTER_FAMILY_CONTINUITY — Engine Oil: 5/5 same engine/filter family; Oil Capacity: 5/5 same engine/filter family; Oil Plug Torque: 5/5 same engine/filter family. WIX official application matched; NAPA Gold cross-reference derived from WIX/NAPA convention; STP product-level cross-reference validated."",""verification_status"":""incomplete"",""source_files"":""fulloilandfilter2022to2027;release_2022_2027_final_audit""}",incomplete,oil_type;oil_capacity,2023|volvo|xc60|turbo2
dbf27da801f0967d7b3d7873,2023,Volvo,Xc90,Turbo 2,,,WL10241,,consolidated:full_oil_filter_workbook,"{""napa_gold_filter"":""10241"",""stp_filter"":""S45012 / S45012XL"",""source_status"":""ENGINE_FILTER_FAMILY_CONTINUITY — Engine Oil: 6/6 same engine/filter family; Oil Capacity: 6/6 same engine/filter family; Oil Plug Torque: 6/6 same engine/filter family. WIX official application matched; NAPA Gold cross-reference derived from WIX/NAPA convention; STP product-level cross-reference validated."",""verification_status"":""incomplete"",""source_files"":""fulloilandfilter2022to2027;release_2022_2027_final_audit""}",incomplete,oil_type;oil_capacity,2023|volvo|xc90|turbo2
5296b30dff2fe473ccf968e7,2024,Acura,Mdx,Turbo 3,,,57356,,consolidated:full_oil_filter_workbook,"{""napa_gold_filter"":""7356"",""source_status"":""EXACT_PRIOR_YEAR_CONTINUITY — Engine Oil: exact 2023 continuity; Oil Capacity: exact 2023 continuity; Oil Plug Torque: exact 2023 continuity. WIX official application matched; NAPA Gold cross-reference derived from WIX/NAPA convention; STP cross-reference not verified."",""verification_status"":""incomplete"",""source_files"":""fulloilandfilter2022to2027;release_2022_2027_final_audit""}",incomplete,oil_type;oil_capacity;stp_filter,2024|acura|mdx|turbo3
9bb97b33c7f790e587b99b17,2024,Acura,Rdx,Turbo 2,,,57356,,consolidated:full_oil_filter_workbook,"{""napa_gold_filter"":""7356"",""source_status"":""EXACT_PRIOR_YEAR_CONTINUITY — Engine Oil: exact 2023 continuity; Oil Capacity: exact 2023 continuity; Oil Plug Torque: exact 2023 continuity. WIX official application matched; NAPA Gold cross-reference derived from WIX/NAPA convention; STP cross-reference not verified."",""verification_status"":""incomplete"",""source_files"":""fulloilandfilter2022to2027;release_2022_2027_final_audit""}",incomplete,oil_type;oil_capacity;stp_filter,2024|acura|rdx|turbo2
ca6e2af70f6aadc7dc09a120,2024,Acura,Tlx,Turbo 2,,,57356,,consolidated:full_oil_filter_workbook,"{""napa_gold_filter"":""7356"",""source_status"":""EXACT_PRIOR_YEAR_CONTINUITY — Engine Oil: exact 2023 continuity; Oil Capacity: exact 2023 continuity; Oil Plug Torque: exact 2023 continuity. WIX official application matched; NAPA Gold cross-reference derived from WIX/NAPA convention; STP cross-reference not verified."",""verification_status"":""incomplete"",""source_files"":""fulloilandfilter2022to2027;release_2022_2027_final_audit""}",incomplete,oil_type;oil_capacity;stp_filter,2024|acura|tlx|turbo2
7bf9ab7a390326005ff2881f,2024,Acura,Tlx,Turbo 3,,,57356,,consolidated:full_oil_filter_workbook,"{""napa_gold_filter"":""7356"",""source_status"":""EXACT_PRIOR_YEAR_CONTINUITY — Engine Oil: exact 2023 continuity; Oil Capacity: exact 2023 continuity; Oil Plug Torque: exact 2023 continuity. WIX official application matched; NAPA Gold cross-reference derived from WIX/NAPA convention; STP cross-reference not verified."",""verification_status"":""incomplete"",""source_files"":""fulloilandfilter2022to2027;release_2022_2027_final_audit""}",incomplete,oil_type;oil_capacity;stp_filter,2024|acura|tlx|turbo3
0431bc935f46424c1e1fde43,2024,Alfa Romeo,Giulia,Turbo 2,,,57060,,consolidated:full_oil_filter_workbook,"{""napa_gold_filter"":""7060"",""stp_filter"":""S3506"",""source_status"":""EXACT_PRIOR_YEAR_CONTINUITY — Engine Oil: exact 2023 continuity; Oil Capacity: exact 2023 continuity; Oil Plug Torque: exact 2023 continuity. WIX official application matched; NAPA Gold cross-reference derived from WIX/NAPA convention; STP product-level cross-reference validated."",""verification_status"":""incomplete"",""source_files"":""fulloilandfilter2022to2027;release_2022_2027_final_audit""}",incomplete,oil_type;oil_capacity,2024|alfaromeo|giulia|turbo2
e3678758c82abdee113849b5,2024,Alfa Romeo,Stelvio,Turbo 2,,,57060,,consolidated:full_oil_filter_workbook,"{""napa_gold_filter"":""7060"",""stp_filter"":""S3506"",""source_status"":""EXACT_PRIOR_YEAR_CONTINUITY — Engine Oil: exact 2023 continuity; Oil Capacity: exact 2023 continuity; Oil Plug Torque: exact 2023 continuity. WIX official application matched; NAPA Gold cross-reference derived from WIX/NAPA convention; STP product-level cross-reference validated."",""verification_status"":""incomplete"",""source_files"":""fulloilandfilter2022to2027;release_2022_2027_final_audit""}",incomplete,oil_type;oil_capacity,2024|alfaromeo|stelvio|turbo2
d5264413b664bcfba0dfd17a,2024,Alfa Romeo,Tonale,Turbo 1.3,0W-30,5 qts. with filter,WL10536,,consolidated:full_oil_filter_workbook,"{""napa_gold_filter"":""10536"",""stp_filter"":""S45030"",""source_status"":""UNVERIFIED_OIL_SERVICE_DATA — Engine Oil: no validated continuity source; Oil Capacity: no validated continuity source; Oil Plug Torque: no validated continuity source. WIX official application matched; NAPA Gold cross-reference derived from WIX/NAPA convention; STP product-level cross-reference validated."",""verification_status"":""unverified"",""source_files"":""fulloilandfilter2022to2027;release_2022_2027_final_audit;yearmakemodel.json;completevehiclelist.xlsx-Sheet1.csv""}",unverified,,2024|alfaromeo|tonale|turbo13
eed4aee2e63e7ed60c520823,2024,Audi,A3,Turbo 2,,,WL10396,,consolidated:full_oil_filter_workbook,"{""napa_gold_filter"":""10396"",""stp_filter"":""S11784 / S11784XL"",""source_status"":""EXACT_PRIOR_YEAR_CONTINUITY — Engine Oil: exact 2023 continuity; Oil Capacity: exact 2023 continuity; Oil Plug Torque: exact 2023 continuity. WIX official application matched; NAPA Gold cross-reference derived from WIX/NAPA convention; STP product-level cross-reference validated."",""verification_status"":""incomplete"",""source_files"":""fulloilandfilter2022to2027;release_2022_2027_final_audit""}",incomplete,oil_type;oil_capacity,2024|audi|a3|turbo2
7d5f58bf6deb3be879998176,2024,Audi,A3 Quattro,Turbo 2,,,WL10396,,consolidated:full_oil_filter_workbook,"{""napa_gold_filter"":""10396"",""stp_filter"":""S11784 / S11784XL"",""source_status"":""ENGINE_FILTER_FAMILY_CONTINUITY — Engine Oil: 19/19 same engine/filter family; Oil Capacity: 19/19 same engine/filter family; Oil Plug Torque: 19/19 same engine/filter family. WIX official application matched; NAPA Gold cross-reference derived from WIX/NAPA convention; STP product-level cross-reference validated."",""verification_status"":""incomplete"",""source_files"":""fulloilandfilter2022to2027;release_2022_2027_final_audit""}",incomplete,oil_type;oil_capacity,2024|audi|a3quattro|turbo2
683da8f2b2b2eea82049430c,2024,Audi,A4,Turbo 2,,,WL10396,,consolidated:full_oil_filter_workbook,"{""napa_gold_filter"":""10396"",""stp_filter"":""S11784 / S11784XL"",""source_status"":""EXACT_PRIOR_YEAR_CONTINUITY — Engine Oil: exact 2023 continuity; Oil Capacity: exact 2023 continuity; Oil Plug Torque: exact 2023 continuity. WIX official application matched; NAPA Gold cross-reference derived from WIX/NAPA convention; STP product-level cross-reference validated."",""verification_status"":""incomplete"",""source_files"":""fulloilandfilter2022to2027;release_2022_2027_final_audit""}",incomplete,oil_type;oil_capacity,2024|audi|a4|turbo2
5276185d7751a158abff752a,2024,Audi,A4 Quattro,Turbo 2,,,WL10396,,consolidated:full_oil_filter_workbook,"{""napa_gold_filter"":""10396"",""stp_filter"":""S11784 / S11784XL"",""source_status"":""EXACT_PRIOR_YEAR_CONTINUITY — Engine Oil: exact 2023 continuity; Oil Capacity: exact 2023 continuity; Oil Plug Torque: exact 2023 continuity. WIX official application matched; NAPA Gold cross-reference derived from WIX/NAPA convention; STP product-level cross-reference validated."",""verification_status"":""incomplete"",""source_files"":""fulloilandfilter2022to2027;release_2022_2027_final_audit""}",incomplete,oil_type;oil_capacity,2024|audi|a4quattro|turbo2
2c4a6def5f18ee305a90ecd2,2024,Audi,A4 allroad,Turbo 2,,,WL10396,,consolidated:full_oil_filter_workbook,"{""napa_gold_filter"":""10396"",""stp_filter"":""S11784 / S11784XL"",""source_status"":""EXACT_PRIOR_YEAR_CONTINUITY — Engine Oil: exact 2023 continuity; Oil Capacity: exact 2023 continuity; Oil Plug Torque: exact 2023 continuity. WIX official application matched; NAPA Gold cross-reference derived from WIX/NAPA convention; STP product-level cross-reference validated."",""verification_status"":""incomplete"",""source_files"":""fulloilandfilter2022to2027;release_2022_2027_final_audit""}",incomplete,oil_type;oil_capacity,2024|audi|a4allroad|turbo2
d02f1b1ebd5f69432a8f2cdd,2024,Audi,A5 Quattro,Turbo 2,,,WL10396,,consolidated:full_oil_filter_workbook,"{""napa_gold_filter"":""10396"",""stp_filter"":""S11784 / S11784XL"",""source_status"":""EXACT_PRIOR_YEAR_CONTINUITY — Engine Oil: exact 2023 continuity; Oil Capacity: exact 2023 continuity; Oil Plug Torque: exact 2023 continuity. WIX official application matched; NAPA Gold cross-reference derived from WIX/NAPA convention; STP product-level cross-reference validated."",""verification_status"":""incomplete"",""source_files"":""fulloilandfilter2022to2027;release_2022_2027_final_audit""}",incomplete,oil_type;oil_capacity,2024|audi|a5quattro|turbo2
002c926df6eb033a4775124c,2024,Audi,A5 Sportback,Turbo 2,,,WL10396,,consolidated:full_oil_filter_workbook,"{""napa_gold_filter"":""10396"",""stp_filter"":""S11784 / S11784XL"",""source_status"":""EXACT_PRIOR_YEAR_CONTINUITY — Engine Oil: exact 2023 continuity; Oil Capacity: exact 2023 continuity; Oil Plug Torque: exact 2023 continuity. WIX official application matched; NAPA Gold cross-reference derived from WIX/NAPA convention; STP product-level cross-reference validated."",""verification_status"":""incomplete"",""source_files"":""fulloilandfilter2022to2027;release_2022_2027_final_audit""}",incomplete,oil_type;oil_capacity,2024|audi|a5sportback|turbo2
740199805e2c5c9c56899ca5,2024,Audi,A6,Turbo 2,,,WL10396,,consolidated:full_oil_filter_workbook,"{""napa_gold_filter"":""10396"",""stp_filter"":""S11784 / S11784XL"",""source_status"":""ENGINE_FILTER_FAMILY_CONTINUITY — Engine Oil: 25/25 same engine/filter family; Oil Capacity: 25/25 same engine/filter family; Oil Plug Torque: 25/25 same engine/filter family. WIX official application matched; NAPA Gold cross-reference derived from WIX/NAPA convention; STP product-level cross-reference validated."",""verification_status"":""incomplete"",""source_files"":""fulloilandfilter2022to2027;release_2022_2027_final_audit""}",incomplete,oil_type;oil_capacity,2024|audi|a6|turbo2
9508cd501b7028dd20ae71ab,2024,Audi,A6 Allroad,Turbo 3,,,WL10438,,consolidated:full_oil_filter_workbook,"{""napa_gold_filter"":""10438"",""stp_filter"":""S45005 / S45005XL"",""source_status"":""EXACT_PRIOR_YEAR_CONTINUITY — Engine Oil: exact 2023 continuity; Oil Capacity: exact 2023 continuity; Oil Plug Torque: exact 2023 continuity. WIX official application matched; NAPA Gold cross-reference derived from WIX/NAPA convention; STP product-level cross-reference validated."",""verification_status"":""incomplete"",""source_files"":""fulloilandfilter2022to2027;release_2022_2027_final_audit""}",incomplete,oil_type;oil_capacity,2024|audi|a6allroad|turbo3
153968d5983ac3097815ba60,2024,Audi,A6 Quattro,Turbo 2,,,WL10396,,consolidated:full_oil_filter_workbook,"{""napa_gold_filter"":""10396"",""stp_filter"":""S11784 / S11784XL"",""source_status"":""EXACT_PRIOR_YEAR_CONTINUITY — Engine Oil: exact 2023 continuity; Oil Capacity: exact 2023 continuity; Oil Plug Torque: exact 2023 continuity. WIX official application matched; NAPA Gold cross-reference derived from WIX/NAPA convention; STP product-level cross-reference validated."",""verification_status"":""incomplete"",""source_files"":""fulloilandfilter2022to2027;release_2022_2027_final_audit""}",incomplete,oil_type;oil_capacity,2024|audi|a6quattro|turbo2
1842cc8d1f6081ceb3a1469d,2024,Audi,A6 Quattro,Turbo 3,,,WL10438,,consolidated:full_oil_filter_workbook,"{""napa_gold_filter"":""10438"",""stp_filter"":""S45005 / S45005XL"",""source_status"":""EXACT_PRIOR_YEAR_CONTINUITY — Engine Oil: exact 2023 continuity; Oil Capacity: exact 2023 continuity; Oil Plug Torque: exact 2023 continuity. WIX official application matched; NAPA Gold cross-reference derived from WIX/NAPA convention; STP product-level cross-reference validated."",""verification_status"":""incomplete"",""source_files"":""fulloilandfilter2022to2027;release_2022_2027_final_audit""}",incomplete,oil_type;oil_capacity,2024|audi|a6quattro|turbo3
fcf6a3269e2aec5d2884c695,2024,Audi,A7,Turbo 3,,,WL10438,,consolidated:full_oil_filter_workbook,"{""napa_gold_filter"":""10438"",""stp_filter"":""S45005 / S45005XL"",""source_status"":""EXACT_PRIOR_YEAR_CONTINUITY — Engine Oil: exact 2023 continuity; Oil Capacity: exact 2023 continuity; Oil Plug Torque: exact 2023 continuity. WIX official application matched; NAPA Gold cross-reference derived from WIX/NAPA convention; STP product-level cross-reference validated."",""verification_status"":""incomplete"",""source_files"":""fulloilandfilter2022to2027;release_2022_2027_final_audit""}",incomplete,oil_type;oil_capacity,2024|audi|a7|turbo3
214f530e69f73337d10eac0f,2024,Audi,A8,Turbo 3,,,WL10438,,consolidated:full_oil_filter_workbook,"{""napa_gold_filter"":""10438"",""stp_filter"":""S45005 / S45005XL"",""source_status"":""EXACT_PRIOR_YEAR_CONTINUITY — Engine Oil: exact 2023 continuity; Oil Capacity: exact 2023 continuity; Oil Plug Torque: exact 2023 continuity. WIX official application matched; NAPA Gold cross-reference derived from WIX/NAPA convention; STP product-level cross-reference validated."",""verification_status"":""incomplete"",""source_files"":""fulloilandfilter2022to2027;release_2022_2027_final_audit""}",incomplete,oil_type;oil_capacity,2024|audi|a8|turbo3
7379b4655256a0602e895222,2024,Audi,Q3,Turbo 2,,,WL10396,,consolidated:full_oil_filter_workbook,"{""napa_gold_filter"":""10396"",""stp_filter"":""S11784 / S11784XL"",""source_status"":""EXACT_PRIOR_YEAR_CONTINUITY — Engine Oil: exact 2023 continuity; Oil Capacity: exact 2023 continuity; Oil Plug Torque: exact 2023 continuity. WIX official application matched; NAPA Gold cross-reference derived from WIX/NAPA convention; STP product-level cross-reference validated."",""verification_status"":""incomplete"",""source_files"":""fulloilandfilter2022to2027;release_2022_2027_final_audit""}",incomplete,oil_type;oil_capacity,2024|audi|q3|turbo2
7e1113db487813d5a90593dd,2024,Audi,Q5,Turbo 2,,,WL10396,,consolidated:full_oil_filter_workbook,"{""napa_gold_filter"":""10396"",""stp_filter"":""S11784 / S11784XL"",""source_status"":""EXACT_PRIOR_YEAR_CONTINUITY — Engine Oil: exact 2023 continuity; Oil Capacity: exact 2023 continuity; Oil Plug Torque: exact 2023 continuity. WIX official application matched; NAPA Gold cross-reference derived from WIX/NAPA convention; STP product-level cross-reference validated."",""verification_status"":""incomplete"",""source_files"":""fulloilandfilter2022to2027;release_2022_2027_final_audit""}",incomplete,oil_type;oil_capacity,2024|audi|q5|turbo2
e327e8fb652df83a601e9e09,2024,Audi,Q5 Phev,Turbo 2,,,WL10396,,consolidated:full_oil_filter_workbook,"{""napa_gold_filter"":""10396"",""stp_filter"":""S11784 / S11784XL"",""source_status"":""EXACT_PRIOR_YEAR_CONTINUITY — Engine Oil: exact 2023 continuity; Oil Capacity: exact 2023 continuity; Oil Plug Torque: exact 2023 continuity. WIX official application matched; NAPA Gold cross-reference derived from WIX/NAPA convention; STP product-level cross-reference validated."",""verification_status"":""incomplete"",""source_files"":""fulloilandfilter2022to2027;release_2022_2027_final_audit""}",incomplete,oil_type;oil_capacity,2024|audi|q5phev|turbo2
c491e50a33b63918f4322bff,2024,Audi,Q5 Sportback,Turbo 2,,,WL10396,,consolidated:full_oil_filter_workbook,"{""napa_gold_filter"":""10396"",""stp_filter"":""S11784 / S11784XL"",""source_status"":""EXACT_PRIOR_YEAR_CONTINUITY — Engine Oil: exact 2023 continuity; Oil Capacity: exact 2023 continuity; Oil Plug Torque: exact 2023 continuity. WIX official application matched; NAPA Gold cross-reference derived from WIX/NAPA convention; STP product-level cross-reference validated."",""verification_status"":""incomplete"",""source_files"":""fulloilandfilter2022to2027;release_2022_2027_final_audit""}",incomplete,oil_type;oil_capacity,2024|audi|q5sportback|turbo2
7f99cb02aa8e2ca6a85eedc3,2024,Audi,Q7,Turbo 2,,,WL10396,,consolidated:full_oil_filter_workbook,"{""napa_gold_filter"":""10396"",""stp_filter"":""S11784 / S11784XL"",""source_status"":""EXACT_PRIOR_YEAR_CONTINUITY — Engine Oil: exact 2023 continuity; Oil Capacity: exact 2023 continuity; Oil Plug Torque: exact 2023 continuity. WIX official application matched; NAPA Gold cross-reference derived from WIX/NAPA convention; STP product-level cross-reference validated."",""verification_status"":""incomplete"",""source_files"":""fulloilandfilter2022to2027;release_2022_2027_final_audit""}",incomplete,oil_type;oil_capacity,2024|audi|q7|turbo2
583ac8ba4ba7dbe9247e9fe4,2024,Audi,Q7,Turbo 3,,,WL10438,,consolidated:full_oil_filter_workbook,"{""napa_gold_filter"":""10438"",""stp_filter"":""S45005 / S45005XL"",""source_status"":""EXACT_PRIOR_YEAR_CONTINUITY — Engine Oil: exact 2023 continuity; Oil Capacity: exact 2023 continuity; Oil Plug Torque: exact 2023 continuity. WIX official application matched; NAPA Gold cross-reference derived from WIX/NAPA convention; STP product-level cross-reference validated."",""verification_status"":""incomplete"",""source_files"":""fulloilandfilter2022to2027;release_2022_2027_final_audit""}",incomplete,oil_type;oil_capacity,2024|audi|q7|turbo3
ce4fe66438f6362699775eff,2024,Audi,Q8,Turbo 3,,,WL10438,,consolidated:full_oil_filter_workbook,"{""napa_gold_filter"":""10438"",""stp_filter"":""S45005 / S45005XL"",""source_status"":""EXACT_PRIOR_YEAR_CONTINUITY — Engine Oil: exact 2023 continuity; Oil Capacity: exact 2023 continuity; Oil Plug Torque: exact 2023 continuity. WIX official application matched; NAPA Gold cross-reference derived from WIX/NAPA convention; STP product-level cross-reference validated."",""verification_status"":""incomplete"",""source_files"":""fulloilandfilter2022to2027;release_2022_2027_final_audit""}",incomplete,oil_type;oil_capacity,2024|audi|q8|turbo3
d9343f74b7d4ede41aac2f62,2024,Audi,Rs Q8,Turbo 4,,,WL10438,,consolidated:full_oil_filter_workbook,"{""napa_gold_filter"":""10438"",""stp_filter"":""S45005 / S45005XL"",""source_status"":""EXACT_PRIOR_YEAR_CONTINUITY — Engine Oil: exact 2023 continuity; Oil Capacity: exact 2023 continuity; Oil Plug Torque: exact 2023 continuity. WIX official application matched; NAPA Gold cross-reference derived from WIX/NAPA convention; STP product-level cross-reference validated."",""verification_status"":""incomplete"",""source_files"":""fulloilandfilter2022to2027;release_2022_2027_final_audit""}",incomplete,oil_type;oil_capacity,2024|audi|rsq8|turbo4
b2919062c34b5fa4d5f1949c,2024,Audi,Rs6 Avant,Turbo 4,,,WL10438,,consolidated:full_oil_filter_workbook,"{""napa_gold_filter"":""10438"",""stp_filter"":""S45005 / S45005XL"",""source_status"":""ENGINE_FILTER_FAMILY_CONTINUITY — Engine Oil: 8/8 same engine/filter family; Oil Capacity: 8/8 same engine/filter family; Oil Plug Torque: 8/8 same engine/filter family. WIX official application matched; NAPA Gold cross-reference derived from WIX/NAPA convention; STP product-level cross-reference validated."",""verification_status"":""incomplete"",""source_files"":""fulloilandfilter2022to2027;release_2022_2027_final_audit""}",incomplete,oil_type;oil_capacity,2024|audi|rs6avant|turbo4
db55d0cbd20dca76e1c358cd,2024,Audi,Rs7,Turbo 4,,,WL10438,,consolidated:full_oil_filter_workbook,"{""napa_gold_filter"":""10438"",""stp_filter"":""S45005 / S45005XL"",""source_status"":""EXACT_PRIOR_YEAR_CONTINUITY — Engine Oil: exact 2023 continuity; Oil Capacity: exact 2023 continuity; Oil Plug Torque: exact 2023 continuity. WIX official application matched; NAPA Gold cross-reference derived from WIX/NAPA convention; STP product-level cross-reference validated."",""verification_status"":""incomplete"",""source_files"":""fulloilandfilter2022to2027;release_2022_2027_final_audit""}",incomplete,oil_type;oil_capacity,2024|audi|rs7|turbo4
5e3792aba4de29b42628672f,2024,Audi,Rs7 Sportback,Turbo 4,,,WL10438,,consolidated:full_oil_filter_workbook,"{""napa_gold_filter"":""10438"",""stp_filter"":""S45005 / S45005XL"",""source_status"":""ENGINE_FILTER_FAMILY_CONTINUITY — Engine Oil: 10/10 same engine/filter family; Oil Capacity: 10/10 same engine/filter family; Oil Plug Torque: 10/10 same engine/filter family. WIX official application matched; NAPA Gold cross-reference derived from WIX/NAPA convention; STP product-level cross-reference validated."",""verification_status"":""incomplete"",""source_files"":""fulloilandfilter2022to2027;release_2022_2027_final_audit""}",incomplete,oil_type;oil_capacity,2024|audi|rs7sportback|turbo4
efad765c5d0c1b5ba2f5e74c,2024,Audi,S3,Turbo 4,,,WL10396,,consolidated:full_oil_filter_workbook,"{""napa_gold_filter"":""10396"",""stp_filter"":""S11784 / S11784XL"",""source_status"":""UNVERIFIED_OIL_SERVICE_DATA — Engine Oil: no validated continuity source; Oil Capacity: no validated continuity source; Oil Plug Torque: no validated continuity source. WIX official application matched; NAPA Gold cross-reference derived from WIX/NAPA convention; STP product-level cross-reference validated."",""verification_status"":""unverified"",""source_files"":""fulloilandfilter2022to2027;release_2022_2027_final_audit""}",unverified,oil_type;oil_capacity,2024|audi|s3|turbo4
176dfe831ce4a94b4a86ac5d,2024,Audi,S4,Turbo 3,,,WL10438,,consolidated:full_oil_filter_workbook,"{""napa_gold_filter"":""10438"",""stp_filter"":""S45005 / S45005XL"",""source_status"":""EXACT_PRIOR_YEAR_CONTINUITY — Engine Oil: exact 2023 continuity; Oil Capacity: exact 2023 continuity; Oil Plug Torque: exact 2023 continuity. WIX official application matched; NAPA Gold cross-reference derived from WIX/NAPA convention; STP product-level cross-reference validated."",""verification_status"":""incomplete"",""source_files"":""fulloilandfilter2022to2027;release_2022_2027_final_audit""}",incomplete,oil_type;oil_capacity,2024|audi|s4|turbo3
a7fca631e4874ef6033fe494,2024,Audi,S5,Turbo 3,,,WL10438,,consolidated:full_oil_filter_workbook,"{""napa_gold_filter"":""10438"",""stp_filter"":""S45005 / S45005XL"",""source_status"":""EXACT_PRIOR_YEAR_CONTINUITY — Engine Oil: exact 2023 continuity; Oil Capacity: exact 2023 continuity; Oil Plug Torque: exact 2023 continuity. WIX official application matched; NAPA Gold cross-reference derived from WIX/NAPA convention; STP product-level cross-reference validated."",""verification_status"":""incomplete"",""source_files"":""fulloilandfilter2022to2027;release_2022_2027_final_audit""}",incomplete,oil_type;oil_capacity,2024|audi|s5|turbo3
4d953caf89ce5ae2ef3a7f2f,2024,Audi,S5 Sportback,3,,,WL10438,,consolidated:full_oil_filter_workbook,"{""napa_gold_filter"":""10438"",""stp_filter"":""S45005 / S45005XL"",""source_status"":""EXACT_PRIOR_YEAR_CONTINUITY — Engine Oil: exact 2023 continuity; Oil Capacity: exact 2023 continuity; Oil Plug Torque: exact 2023 continuity. WIX official application matched; NAPA Gold cross-reference derived from WIX/NAPA convention; STP product-level cross-reference validated."",""verification_status"":""incomplete"",""source_files"":""fulloilandfilter2022to2027;release_2022_2027_final_audit""}",incomplete,oil_type;oil_capacity,2024|audi|s5sportback|3
8dd98b43db32192f41deb825,2024,Audi,S8,Turbo 4,,,WL10438,,consolidated:full_oil_filter_workbook,"{""napa_gold_filter"":""10438"",""stp_filter"":""S45005 / S45005XL"",""source_status"":""EXACT_PRIOR_YEAR_CONTINUITY — Engine Oil: exact 2023 continuity; Oil Capacity: exact 2023 continuity; Oil Plug Torque: exact 2023 continuity. WIX official application matched; NAPA Gold cross-reference derived from WIX/NAPA convention; STP product-level cross-reference validated."",""verification_status"":""incomplete"",""source_files"":""fulloilandfilter2022to2027;release_2022_2027_final_audit""}",incomplete,oil_type;oil_capacity,2024|audi|s8|turbo4
52892d2eb03865ff00a2be26,2024,Audi,SQ5 Sportback,Turbo 3,,,WL10438,,consolidated:full_oil_filter_workbook,"{""napa_gold_filter"":""10438"",""stp_filter"":""S45005 / S45005XL"",""source_status"":""EXACT_PRIOR_YEAR_CONTINUITY — Engine Oil: exact 2023 continuity; Oil Capacity: exact 2023 continuity; Oil Plug Torque: exact 2023 continuity. WIX official application matched; NAPA Gold cross-reference derived from WIX/NAPA convention; STP product-level cross-reference validated."",""verification_status"":""incomplete"",""source_files"":""fulloilandfilter2022to2027;release_2022_2027_final_audit""}",incomplete,oil_type;oil_capacity,2024|audi|sq5sportback|turbo3
9cd7eb5b00a9a7e4e77f9b7a,2024,Audi,Sq5,Turbo 3,,,WL10438,,consolidated:full_oil_filter_workbook,"{""napa_gold_filter"":""10438"",""stp_filter"":""S45005 / S45005XL"",""source_status"":""EXACT_PRIOR_YEAR_CONTINUITY — Engine Oil: exact 2023 continuity; Oil Capacity: exact 2023 continuity; Oil Plug Torque: exact 2023 continuity. WIX official application matched; NAPA Gold cross-reference derived from WIX/NAPA convention; STP product-level cross-reference validated."",""verification_status"":""incomplete"",""source_files"":""fulloilandfilter2022to2027;release_2022_2027_final_audit""}",incomplete,oil_type;oil_capacity,2024|audi|sq5|turbo3
a5aabf571e6e89808cbd0110,2024,Audi,Sq7,Turbo 4,,,WL10438,,consolidated:full_oil_filter_workbook,"{""napa_gold_filter"":""10438"",""stp_filter"":""S45005 / S45005XL"",""source_status"":""EXACT_PRIOR_YEAR_CONTINUITY — Engine Oil: exact 2023 continuity; Oil Capacity: exact 2023 continuity; Oil Plug Torque: exact 2023 continuity. WIX official application matched; NAPA Gold cross-reference derived from WIX/NAPA convention; STP product-level cross-reference validated."",""verification_status"":""incomplete"",""source_files"":""fulloilandfilter2022to2027;release_2022_2027_final_audit""}",incomplete,oil_type;oil_capacity,2024|audi|sq7|turbo4
d3ebdb12a2ee33d1a4c3d527,2024,Audi,Sq8,Turbo 4,,,WL10438,,consolidated:full_oil_filter_workbook,"{""napa_gold_filter"":""10438"",""stp_filter"":""S45005 / S45005XL"",""source_status"":""EXACT_PRIOR_YEAR_CONTINUITY — Engine Oil: exact 2023 continuity; Oil Capacity: exact 2023 continuity; Oil Plug Torque: exact 2023 continuity. WIX official application matched; NAPA Gold cross-reference derived from WIX/NAPA convention; STP product-level cross-reference validated."",""verification_status"":""incomplete"",""source_files"":""fulloilandfilter2022to2027;release_2022_2027_final_audit""}",incomplete,oil_type;oil_capacity,2024|audi|sq8|turbo4
6a116cc67a7d4d8ce2799573,2024,BMW,228i Gran Coupe,Turbo 2,,,WL10518,,consolidated:full_oil_filter_workbook,"{""napa_gold_filter"":""10518"",""stp_filter"":""S45018"",""source_status"":""EXACT_PRIOR_YEAR_CONTINUITY — Engine Oil: exact 2023 continuity; Oil Capacity: exact 2023 continuity; Oil Plug Torque: exact 2023 continuity. WIX official application matched; NAPA Gold cross-reference derived from WIX/NAPA convention; STP product-level cross-reference validated."",""verification_status"":""incomplete"",""source_files"":""fulloilandfilter2022to2027;release_2022_2027_final_audit""}",incomplete,oil_type;oil_capacity,2024|bmw|228igrancoupe|turbo2
ac0fc874503feddf5eeaec4d,2024,BMW,228i xDrive Gran Coupe,Turbo 2,,,WL10518,,consolidated:full_oil_filter_workbook,"{""napa_gold_filter"":""10518"",""stp_filter"":""S45018"",""source_status"":""EXACT_PRIOR_YEAR_CONTINUITY — Engine Oil: exact 2023 continuity; Oil Capacity: exact 2023 continuity; Oil Plug Torque: exact 2023 continuity. WIX official application matched; NAPA Gold cross-reference derived from WIX/NAPA convention; STP product-level cross-reference validated."",""verification_status"":""incomplete"",""source_files"":""fulloilandfilter2022to2027;release_2022_2027_final_audit""}",incomplete,oil_type;oil_capacity,2024|bmw|228ixdrivegrancoupe|turbo2
07e7ff8fb18c74568efc3be3,2024,BMW,230i,Turbo 2,,,WL10358,,consolidated:full_oil_filter_workbook,"{""napa_gold_filter"":""10358"",""stp_filter"":""S45014 / S45014XL"",""source_status"":""EXACT_PRIOR_YEAR_CONTINUITY — Engine Oil: exact 2023 continuity; Oil Capacity: exact 2023 continuity; Oil Plug Torque: exact 2023 continuity. WIX official application matched; NAPA Gold cross-reference derived from WIX/NAPA convention; STP product-level cross-reference validated."",""verification_status"":""incomplete"",""source_files"":""fulloilandfilter2022to2027;release_2022_2027_final_audit""}",incomplete,oil_type;oil_capacity,2024|bmw|230i|turbo2
706f2cf80670cae396cdd42d,2024,BMW,230i xDrive,Turbo 2,,,WL10358,,consolidated:full_oil_filter_workbook,"{""napa_gold_filter"":""10358"",""stp_filter"":""S45014 / S45014XL"",""source_status"":""EXACT_PRIOR_YEAR_CONTINUITY — Engine Oil: exact 2023 continuity; Oil Capacity: exact 2023 continuity; Oil Plug Torque: exact 2023 continuity. WIX official application matched; NAPA Gold cross-reference derived from WIX/NAPA convention; STP product-level cross-reference validated."",""verification_status"":""incomplete"",""source_files"":""fulloilandfilter2022to2027;release_2022_2027_final_audit""}",incomplete,oil_type;oil_capacity,2024|bmw|230ixdrive|turbo2
18d6ddb73bd138ac8ac7baae,2024,BMW,330e,Turbo 2,,,WL10358,,consolidated:full_oil_filter_workbook,"{""napa_gold_filter"":""10358"",""stp_filter"":""S45014 / S45014XL"",""source_status"":""ENGINE_FILTER_FAMILY_CONTINUITY — Engine Oil: 21/21 same engine/filter family; Oil Capacity: 21/21 same engine/filter family; Oil Plug Torque: 21/21 same engine/filter family. WIX official application matched; NAPA Gold cross-reference derived from WIX/NAPA convention; STP product-level cross-reference validated."",""verification_status"":""incomplete"",""source_files"":""fulloilandfilter2022to2027;release_2022_2027_final_audit""}",incomplete,oil_type;oil_capacity,2024|bmw|330e|turbo2
c25cf78f20135a4109999f9a,2024,BMW,330e xDrive,Turbo 2,,,WL10358,,consolidated:full_oil_filter_workbook,"{""napa_gold_filter"":""10358"",""stp_filter"":""S45014 / S45014XL"",""source_status"":""ENGINE_FILTER_FAMILY_CONTINUITY — Engine Oil: 22/22 same engine/filter family; Oil Capacity: 22/22 same engine/filter family; Oil Plug Torque: 22/22 same engine/filter family. WIX official application matched; NAPA Gold cross-reference derived from WIX/NAPA convention; STP product-level cross-reference validated."",""verification_status"":""incomplete"",""source_files"":""fulloilandfilter2022to2027;release_2022_2027_final_audit""}",incomplete,oil_type;oil_capacity,2024|bmw|330exdrive|turbo2
bc6cf9c2d688d09156ead7e1,2024,BMW,330i,Turbo 2,,,WL7522,,consolidated:full_oil_filter_workbook,"{""napa_gold_filter"":""7522"",""stp_filter"":""S11885"",""source_status"":""EXACT_PRIOR_YEAR_CONTINUITY — Engine Oil: exact 2023 continuity; Oil Capacity: exact 2023 continuity; Oil Plug Torque: exact 2023 continuity. WIX official application matched; NAPA Gold cross-reference derived from WIX/NAPA convention; STP product-level cross-reference validated."",""verification_status"":""incomplete"",""source_files"":""fulloilandfilter2022to2027;release_2022_2027_final_audit""}",incomplete,oil_type;oil_capacity,2024|bmw|330i|turbo2
63802f54eddf4e47229cfa07,2024,BMW,330i xDrive,Turbo 2,,,WL10358,,consolidated:full_oil_filter_workbook,"{""napa_gold_filter"":""10358"",""stp_filter"":""S45014 / S45014XL"",""source_status"":""EXACT_PRIOR_YEAR_CONTINUITY — Engine Oil: exact 2023 continuity; Oil Capacity: exact 2023 continuity; Oil Plug Torque: exact 2023 continuity. WIX official application matched; NAPA Gold cross-reference derived from WIX/NAPA convention; STP product-level cross-reference validated."",""verification_status"":""incomplete"",""source_files"":""fulloilandfilter2022to2027;release_2022_2027_final_audit""}",incomplete,oil_type;oil_capacity,2024|bmw|330ixdrive|turbo2
3dd63765d056889f0024823e,2024,BMW,430i,Turbo 2,,,WL10358,,consolidated:full_oil_filter_workbook,"{""napa_gold_filter"":""10358"",""stp_filter"":""S45014 / S45014XL"",""source_status"":""EXACT_PRIOR_YEAR_CONTINUITY — Engine Oil: exact 2023 continuity; Oil Capacity: exact 2023 continuity; Oil Plug Torque: exact 2023 continuity. WIX official application matched; NAPA Gold cross-reference derived from WIX/NAPA convention; STP product-level cross-reference validated."",""verification_status"":""incomplete"",""source_files"":""fulloilandfilter2022to2027;release_2022_2027_final_audit""}",incomplete,oil_type;oil_capacity,2024|bmw|430i|turbo2
1b0ff8aa9d07fe04c2d415d2,2024,BMW,430i Gran Coupe,Turbo 2,,,WL10358,,consolidated:full_oil_filter_workbook,"{""napa_gold_filter"":""10358"",""stp_filter"":""S45014 / S45014XL"",""source_status"":""EXACT_PRIOR_YEAR_CONTINUITY — Engine Oil: exact 2023 continuity; Oil Capacity: exact 2023 continuity; Oil Plug Torque: exact 2023 continuity. WIX official application matched; NAPA Gold cross-reference derived from WIX/NAPA convention; STP product-level cross-reference validated."",""verification_status"":""incomplete"",""source_files"":""fulloilandfilter2022to2027;release_2022_2027_final_audit""}",incomplete,oil_type;oil_capacity,2024|bmw|430igrancoupe|turbo2
edada569994f84e9980354e5,2024,BMW,430i xDrive,Turbo 2,,,WL10358,,consolidated:full_oil_filter_workbook,"{""napa_gold_filter"":""10358"",""stp_filter"":""S45014 / S45014XL"",""source_status"":""EXACT_PRIOR_YEAR_CONTINUITY — Engine Oil: exact 2023 continuity; Oil Capacity: exact 2023 continuity; Oil Plug Torque: exact 2023 continuity. WIX official application matched; NAPA Gold cross-reference derived from WIX/NAPA convention; STP product-level cross-reference validated."",""verification_status"":""incomplete"",""source_files"":""fulloilandfilter2022to2027;release_2022_2027_final_audit""}",incomplete,oil_type;oil_capacity,2024|bmw|430ixdrive|turbo2
b3ddd8f095ae9d9a76b423d5,2024,BMW,430i xDrive Gran Coupe,Turbo 2,,,WL10358,,consolidated:full_oil_filter_workbook,"{""napa_gold_filter"":""10358"",""stp_filter"":""S45014 / S45014XL"",""source_status"":""EXACT_PRIOR_YEAR_CONTINUITY — Engine Oil: exact 2023 continuity; Oil Capacity: exact 2023 continuity; Oil Plug Torque: exact 2023 continuity. WIX official application matched; NAPA Gold cross-reference derived from WIX/NAPA convention; STP product-level cross-reference validated."",""verification_status"":""incomplete"",""source_files"":""fulloilandfilter2022to2027;release_2022_2027_final_audit""}",incomplete,oil_type;oil_capacity,2024|bmw|430ixdrivegrancoupe|turbo2
df25425fb4bdbe7f47a5afea,2024,BMW,530I,Turbo 2,,,WL10358,,consolidated:full_oil_filter_workbook,"{""napa_gold_filter"":""10358"",""stp_filter"":""S45014 / S45014XL"",""source_status"":""EXACT_PRIOR_YEAR_CONTINUITY — Engine Oil: exact 2023 continuity; Oil Capacity: exact 2023 continuity; Oil Plug Torque: exact 2023 continuity. WIX official application matched; NAPA Gold cross-reference derived from WIX/NAPA convention; STP product-level cross-reference validated."",""verification_status"":""incomplete"",""source_files"":""fulloilandfilter2022to2027;release_2022_2027_final_audit""}",incomplete,oil_type;oil_capacity,2024|bmw|530i|turbo2
79010098e8eac1da953434da,2024,BMW,530i xDrive,Turbo 2,,,WL10358,,consolidated:full_oil_filter_workbook,"{""napa_gold_filter"":""10358"",""stp_filter"":""S45014 / S45014XL"",""source_status"":""EXACT_PRIOR_YEAR_CONTINUITY — Engine Oil: exact 2023 continuity; Oil Capacity: exact 2023 continuity; Oil Plug Torque: exact 2023 continuity. WIX official application matched; NAPA Gold cross-reference derived from WIX/NAPA convention; STP product-level cross-reference validated."",""verification_status"":""incomplete"",""source_files"":""fulloilandfilter2022to2027;release_2022_2027_final_audit""}",incomplete,oil_type;oil_capacity,2024|bmw|530ixdrive|turbo2
d5629599feeab85653d5c279,2024,BMW,540i xDrive,Turbo 3,,,WL10342,,consolidated:full_oil_filter_workbook,"{""napa_gold_filter"":""10342"",""stp_filter"":""S90186 / S90186XL"",""source_status"":""EXACT_PRIOR_YEAR_CONTINUITY — Engine Oil: exact 2023 continuity; Oil Capacity: exact 2023 continuity; Oil Plug Torque: exact 2023 continuity. WIX official application matched; NAPA Gold cross-reference derived from WIX/NAPA convention; STP product-level cross-reference validated."",""verification_status"":""incomplete"",""source_files"":""fulloilandfilter2022to2027;release_2022_2027_final_audit""}",incomplete,oil_type;oil_capacity,2024|bmw|540ixdrive|turbo3
4f4d1a4fb10741d78aa64ec3,2024,BMW,740I,Turbo 3,,,51186,,consolidated:full_oil_filter_workbook,"{""napa_gold_filter"":""1186"",""stp_filter"":""S8213"",""source_status"":""EXACT_PRIOR_YEAR_CONTINUITY — Engine Oil: exact 2023 continuity; Oil Capacity: exact 2023 continuity; Oil Plug Torque: exact 2023 continuity. WIX official application matched; NAPA Gold cross-reference derived from WIX/NAPA convention; STP product-level cross-reference validated."",""verification_status"":""incomplete"",""source_files"":""fulloilandfilter2022to2027;release_2022_2027_final_audit""}",incomplete,oil_type;oil_capacity,2024|bmw|740i|turbo3
d46c32fb29260a7b21a84485,2024,BMW,740i xDrive,Turbo 3,,,WL10342,,consolidated:full_oil_filter_workbook,"{""napa_gold_filter"":""10342"",""stp_filter"":""S90186 / S90186XL"",""source_status"":""EXACT_PRIOR_YEAR_CONTINUITY — Engine Oil: exact 2023 continuity; Oil Capacity: exact 2023 continuity; Oil Plug Torque: exact 2023 continuity. WIX official application matched; NAPA Gold cross-reference derived from WIX/NAPA convention; STP product-level cross-reference validated."",""verification_status"":""incomplete"",""source_files"":""fulloilandfilter2022to2027;release_2022_2027_final_audit""}",incomplete,oil_type;oil_capacity,2024|bmw|740ixdrive|turbo3
ed47787b9b337a7a29f81287,2024,BMW,750e,Turbo 3,,,WL10342,,consolidated:full_oil_filter_workbook,"{""napa_gold_filter"":""10342"",""stp_filter"":""S90186 / S90186XL"",""source_status"":""ENGINE_FILTER_FAMILY_CONTINUITY — Engine Oil: 18/18 same engine/filter family; Oil Capacity: 18/18 same engine/filter family; Oil Plug Torque: 18/18 same engine/filter family. WIX official application matched; NAPA Gold cross-reference derived from WIX/NAPA convention; STP product-level cross-reference validated."",""verification_status"":""incomplete"",""source_files"":""fulloilandfilter2022to2027;release_2022_2027_final_audit""}",incomplete,oil_type;oil_capacity,2024|bmw|750e|turbo3
fbce0a1b471a110f533037b1,2024,BMW,M2,Turbo 3,,,WL10656,,consolidated:full_oil_filter_workbook,"{""napa_gold_filter"":""10656"",""source_status"":""EXACT_PRIOR_YEAR_CONTINUITY — Engine Oil: exact 2023 continuity; Oil Capacity: exact 2023 continuity; Oil Plug Torque: exact 2023 continuity. WIX official application matched; NAPA Gold cross-reference derived from WIX/NAPA convention; STP cross-reference not verified."",""verification_status"":""incomplete"",""source_files"":""fulloilandfilter2022to2027;release_2022_2027_final_audit""}",incomplete,oil_type;oil_capacity;stp_filter,2024|bmw|m2|turbo3
1bca346da407c71753343ef6,2024,BMW,M235i xDrive Gran Coupe,Turbo 2,,,WL10518,,consolidated:full_oil_filter_workbook,"{""napa_gold_filter"":""10518"",""stp_filter"":""S45018"",""source_status"":""EXACT_PRIOR_YEAR_CONTINUITY — Engine Oil: exact 2023 continuity; Oil Capacity: exact 2023 continuity; Oil Plug Torque: exact 2023 continuity. WIX official application matched; NAPA Gold cross-reference derived from WIX/NAPA convention; STP product-level cross-reference validated."",""verification_status"":""incomplete"",""source_files"":""fulloilandfilter2022to2027;release_2022_2027_final_audit""}",incomplete,oil_type;oil_capacity,2024|bmw|m235ixdrivegrancoupe|turbo2
173d7f552bbe41ab40baa0c9,2024,BMW,M240i,Turbo 3,,,WL10342,,consolidated:full_oil_filter_workbook,"{""napa_gold_filter"":""10342"",""stp_filter"":""S90186 / S90186XL"",""source_status"":""EXACT_PRIOR_YEAR_CONTINUITY — Engine Oil: exact 2023 continuity; Oil Capacity: exact 2023 continuity; Oil Plug Torque: exact 2023 continuity. WIX official application matched; NAPA Gold cross-reference derived from WIX/NAPA convention; STP product-level cross-reference validated."",""verification_status"":""incomplete"",""source_files"":""fulloilandfilter2022to2027;release_2022_2027_final_audit""}",incomplete,oil_type;oil_capacity,2024|bmw|m240i|turbo3
b5c98dce676d5be6840fa99f,2024,BMW,M3,Turbo 3,,,WL10656,,consolidated:full_oil_filter_workbook,"{""napa_gold_filter"":""10656"",""source_status"":""EXACT_PRIOR_YEAR_CONTINUITY — Engine Oil: exact 2023 continuity; Oil Capacity: exact 2023 continuity; Oil Plug Torque: exact 2023 continuity. WIX official application matched; NAPA Gold cross-reference derived from WIX/NAPA convention; STP cross-reference not verified."",""verification_status"":""incomplete"",""source_files"":""fulloilandfilter2022to2027;release_2022_2027_final_audit""}",incomplete,oil_type;oil_capacity;stp_filter,2024|bmw|m3|turbo3
f90b232eeb786359076b69e5,2024,BMW,M4,Turbo 3,,,WL10656,,consolidated:full_oil_filter_workbook,"{""napa_gold_filter"":""10656"",""source_status"":""EXACT_PRIOR_YEAR_CONTINUITY — Engine Oil: exact 2023 continuity; Oil Capacity: exact 2023 continuity; Oil Plug Torque: exact 2023 continuity. WIX official application matched; NAPA Gold cross-reference derived from WIX/NAPA convention; STP cross-reference not verified."",""verification_status"":""incomplete"",""source_files"":""fulloilandfilter2022to2027;release_2022_2027_final_audit""}",incomplete,oil_type;oil_capacity;stp_filter,2024|bmw|m4|turbo3
ac93d4db66b08959291e20c2,2024,BMW,M440i,Turbo 3,,,WL10342,,consolidated:full_oil_filter_workbook,"{""napa_gold_filter"":""10342"",""stp_filter"":""S90186 / S90186XL"",""source_status"":""ENGINE_FILTER_FAMILY_CONTINUITY — Engine Oil: 20/20 same engine/filter family; Oil Capacity: 20/20 same engine/filter family; Oil Plug Torque: 20/20 same engine/filter family. WIX official application matched; NAPA Gold cross-reference derived from WIX/NAPA convention; STP product-level cross-reference validated."",""verification_status"":""incomplete"",""source_files"":""fulloilandfilter2022to2027;release_2022_2027_final_audit""}",incomplete,oil_type;oil_capacity,2024|bmw|m440i|turbo3
092965e75e9e33776c0bb681,2024,BMW,M440i Gran Coupe,Turbo 3,,,WL10342,,consolidated:full_oil_filter_workbook,"{""napa_gold_filter"":""10342"",""stp_filter"":""S90186 / S90186XL"",""source_status"":""EXACT_PRIOR_YEAR_CONTINUITY — Engine Oil: exact 2023 continuity; Oil Capacity: exact 2023 continuity; Oil Plug Torque: exact 2023 continuity. WIX official application matched; NAPA Gold cross-reference derived from WIX/NAPA convention; STP product-level cross-reference validated."",""verification_status"":""incomplete"",""source_files"":""fulloilandfilter2022to2027;release_2022_2027_final_audit""}",incomplete,oil_type;oil_capacity,2024|bmw|m440igrancoupe|turbo3
3d616ca27aac775fd103131e,2024,BMW,M440i xDrive Gran Coupe,Turbo 3,,,WL10342,,consolidated:full_oil_filter_workbook,"{""napa_gold_filter"":""10342"",""stp_filter"":""S90186 / S90186XL"",""source_status"":""ENGINE_FILTER_FAMILY_CONTINUITY — Engine Oil: 22/22 same engine/filter family; Oil Capacity: 22/22 same engine/filter family; Oil Plug Torque: 22/22 same engine/filter family. WIX official application matched; NAPA Gold cross-reference derived from WIX/NAPA convention; STP product-level cross-reference validated."",""verification_status"":""incomplete"",""source_files"":""fulloilandfilter2022to2027;release_2022_2027_final_audit""}",incomplete,oil_type;oil_capacity,2024|bmw|m440ixdrivegrancoupe|turbo3
85db00c04173f1fd1d159d1a,2024,BMW,X1,1.5,,,WL10518,,consolidated:full_oil_filter_workbook,"{""napa_gold_filter"":""10518"",""stp_filter"":""S45018"",""source_status"":""EXACT_PRIOR_YEAR_CONTINUITY — Engine Oil: exact 2023 continuity; Oil Capacity: exact 2023 continuity; Oil Plug Torque: exact 2023 continuity. WIX official application matched; NAPA Gold cross-reference derived from WIX/NAPA convention; STP product-level cross-reference validated."",""verification_status"":""incomplete"",""source_files"":""fulloilandfilter2022to2027;release_2022_2027_final_audit""}",incomplete,oil_type;oil_capacity,2024|bmw|x1|15
5063b888d3568670c7e8ec62,2024,BMW,X1,Turbo 2,,,WL7522,,consolidated:full_oil_filter_workbook,"{""napa_gold_filter"":""7522"",""stp_filter"":""S11885"",""source_status"":""EXACT_PRIOR_YEAR_CONTINUITY — Engine Oil: exact 2023 continuity; Oil Capacity: exact 2023 continuity; Oil Plug Torque: exact 2023 continuity. WIX official application matched; NAPA Gold cross-reference derived from WIX/NAPA convention; STP product-level cross-reference validated."",""verification_status"":""incomplete"",""source_files"":""fulloilandfilter2022to2027;release_2022_2027_final_audit""}",incomplete,oil_type;oil_capacity,2024|bmw|x1|turbo2
b13371b9273d2947ce36492a,2024,BMW,X2,Turbo 2,,,WL10518,,consolidated:full_oil_filter_workbook,"{""napa_gold_filter"":""10518"",""stp_filter"":""S45018"",""source_status"":""ENGINE_FILTER_FAMILY_CONTINUITY — Engine Oil: 13/13 same engine/filter family; Oil Capacity: 13/13 same engine/filter family; Oil Plug Torque: 13/13 same engine/filter family. WIX official application matched; NAPA Gold cross-reference derived from WIX/NAPA convention; STP product-level cross-reference validated."",""verification_status"":""incomplete"",""source_files"":""fulloilandfilter2022to2027;release_2022_2027_final_audit""}",incomplete,oil_type;oil_capacity,2024|bmw|x2|turbo2
3750a99c3ba01f558718fda4,2024,BMW,X3,Turbo 2,,,WL10358,,consolidated:full_oil_filter_workbook,"{""napa_gold_filter"":""10358"",""stp_filter"":""S45014 / S45014XL"",""source_status"":""EXACT_PRIOR_YEAR_CONTINUITY — Engine Oil: exact 2023 continuity; Oil Capacity: exact 2023 continuity; Oil Plug Torque: exact 2023 continuity. WIX official application matched; NAPA Gold cross-reference derived from WIX/NAPA convention; STP product-level cross-reference validated."",""verification_status"":""incomplete"",""source_files"":""fulloilandfilter2022to2027;release_2022_2027_final_audit""}",incomplete,oil_type;oil_capacity,2024|bmw|x3|turbo2
a5d610a84eaf76979a677905,2024,BMW,X3,Turbo 3,,,WL10342,,consolidated:full_oil_filter_workbook,"{""napa_gold_filter"":""10342"",""stp_filter"":""S90186 / S90186XL"",""source_status"":""EXACT_PRIOR_YEAR_CONTINUITY — Engine Oil: exact 2023 continuity; Oil Capacity: exact 2023 continuity; Oil Plug Torque: exact 2023 continuity. WIX official application matched; NAPA Gold cross-reference derived from WIX/NAPA convention; STP product-level cross-reference validated."",""verification_status"":""incomplete"",""source_files"":""fulloilandfilter2022to2027;release_2022_2027_final_audit""}",incomplete,oil_type;oil_capacity,2024|bmw|x3|turbo3
03d46131ef827d5f75910d48,2024,BMW,X4,Turbo 2,,,WL10358,,consolidated:full_oil_filter_workbook,"{""napa_gold_filter"":""10358"",""stp_filter"":""S45014 / S45014XL"",""source_status"":""EXACT_PRIOR_YEAR_CONTINUITY — Engine Oil: exact 2023 continuity; Oil Capacity: exact 2023 continuity; Oil Plug Torque: exact 2023 continuity. WIX official application matched; NAPA Gold cross-reference derived from WIX/NAPA convention; STP product-level cross-reference validated."",""verification_status"":""incomplete"",""source_files"":""fulloilandfilter2022to2027;release_2022_2027_final_audit""}",incomplete,oil_type;oil_capacity,2024|bmw|x4|turbo2
a2254570383f1100f6c1d5b1,2024,BMW,X4,Turbo 3,,,WL10342,,consolidated:full_oil_filter_workbook,"{""napa_gold_filter"":""10342"",""stp_filter"":""S90186 / S90186XL"",""source_status"":""EXACT_PRIOR_YEAR_CONTINUITY — Engine Oil: exact 2023 continuity; Oil Capacity: exact 2023 continuity; Oil Plug Torque: exact 2023 continuity. WIX official application matched; NAPA Gold cross-reference derived from WIX/NAPA convention; STP product-level cross-reference validated."",""verification_status"":""incomplete"",""source_files"":""fulloilandfilter2022to2027;release_2022_2027_final_audit""}",incomplete,oil_type;oil_capacity,2024|bmw|x4|turbo3
5abe35d1d1437d23d3bf4600,2024,BMW,X5,Turbo 3,,,WL10342,,consolidated:full_oil_filter_workbook,"{""napa_gold_filter"":""10342"",""stp_filter"":""S90186 / S90186XL"",""source_status"":""EXACT_PRIOR_YEAR_CONTINUITY — Engine Oil: exact 2023 continuity; Oil Capacity: exact 2023 continuity; Oil Plug Torque: exact 2023 continuity. WIX official application matched; NAPA Gold cross-reference derived from WIX/NAPA convention; STP product-level cross-reference validated."",""verification_status"":""incomplete"",""source_files"":""fulloilandfilter2022to2027;release_2022_2027_final_audit""}",incomplete,oil_type;oil_capacity,2024|bmw|x5|turbo3
9bd28c35f420a77ab91f6112,2024,BMW,Z4,Turbo 2,,,WL10358,,consolidated:full_oil_filter_workbook,"{""napa_gold_filter"":""10358"",""stp_filter"":""S45014 / S45014XL"",""source_status"":""EXACT_PRIOR_YEAR_CONTINUITY — Engine Oil: exact 2023 continuity; Oil Capacity: exact 2023 continuity; Oil Plug Torque: exact 2023 continuity. WIX official application matched; NAPA Gold cross-reference derived from WIX/NAPA convention; STP product-level cross-reference validated."",""verification_status"":""incomplete"",""source_files"":""fulloilandfilter2022to2027;release_2022_2027_final_audit""}",incomplete,oil_type;oil_capacity,2024|bmw|z4|turbo2
026f7a0cd62d3951b6cc1ae4,2024,BMW,Z4,Turbo 3,,,WL10342,,consolidated:full_oil_filter_workbook,"{""napa_gold_filter"":""10342"",""stp_filter"":""S90186 / S90186XL"",""source_status"":""EXACT_PRIOR_YEAR_CONTINUITY — Engine Oil: exact 2023 continuity; Oil Capacity: exact 2023 continuity; Oil Plug Torque: exact 2023 continuity. WIX official application matched; NAPA Gold cross-reference derived from WIX/NAPA convention; STP product-level cross-reference validated."",""verification_status"":""incomplete"",""source_files"":""fulloilandfilter2022to2027;release_2022_2027_final_audit""}",incomplete,oil_type;oil_capacity,2024|bmw|z4|turbo3
4f793100a81e188b909bcbd0,2024,Buick,Envision,Turbo 2,,,WL10351,,consolidated:full_oil_filter_workbook,"{""napa_gold_filter"":""10351"",""stp_filter"":""S45008"",""source_status"":""EXACT_PRIOR_YEAR_CONTINUITY — Engine Oil: exact 2023 continuity; Oil Capacity: exact 2023 continuity; Oil Plug Torque: exact 2023 continuity. WIX official application matched; NAPA Gold cross-reference derived from WIX/NAPA convention; STP product-level cross-reference validated."",""verification_status"":""incomplete"",""source_files"":""fulloilandfilter2022to2027;release_2022_2027_final_audit""}",incomplete,oil_type;oil_capacity,2024|buick|envision|turbo2
377dec4acc5cdcf1ce7f3451,2024,Cadillac,Ct4,Turbo 2,,,WL10351,,consolidated:full_oil_filter_workbook,"{""napa_gold_filter"":""10351"",""stp_filter"":""S45008"",""source_status"":""EXACT_PRIOR_YEAR_CONTINUITY — Engine Oil: exact 2023 continuity; Oil Capacity: exact 2023 continuity; Oil Plug Torque: exact 2023 continuity. WIX official application matched; NAPA Gold cross-reference derived from WIX/NAPA convention; STP product-level cross-reference validated."",""verification_status"":""incomplete"",""source_files"":""fulloilandfilter2022to2027;release_2022_2027_final_audit""}",incomplete,oil_type;oil_capacity,2024|cadillac|ct4|turbo2
16f77d34bc11ac14df63751f,2024,Cadillac,Ct5,6.2,,,WL10290,,consolidated:full_oil_filter_workbook,"{""napa_gold_filter"":""10290"",""stp_filter"":""S12060 / S12060XL"",""source_status"":""EXACT_PRIOR_YEAR_CONTINUITY — Engine Oil: exact 2023 continuity; Oil Capacity: exact 2023 continuity; Oil Plug Torque: exact 2023 continuity. WIX official application matched; NAPA Gold cross-reference derived from WIX/NAPA convention; STP product-level cross-reference validated."",""verification_status"":""incomplete"",""source_files"":""fulloilandfilter2022to2027;release_2022_2027_final_audit""}",incomplete,oil_type;oil_capacity,2024|cadillac|ct5|62
47b8636f26ffdd0945b1777e,2024,Cadillac,Ct5,Turbo 2,,,WL10351,,consolidated:full_oil_filter_workbook,"{""napa_gold_filter"":""10351"",""stp_filter"":""S45008"",""source_status"":""EXACT_PRIOR_YEAR_CONTINUITY — Engine Oil: exact 2023 continuity; Oil Capacity: exact 2023 continuity; Oil Plug Torque: exact 2023 continuity. WIX official application matched; NAPA Gold cross-reference derived from WIX/NAPA convention; STP product-level cross-reference validated."",""verification_status"":""incomplete"",""source_files"":""fulloilandfilter2022to2027;release_2022_2027_final_audit""}",incomplete,oil_type;oil_capacity,2024|cadillac|ct5|turbo2
8fca51123de19335a0181fe6,2024,Cadillac,Ct5,Turbo 3,,,WL10255,,consolidated:full_oil_filter_workbook,"{""napa_gold_filter"":""10255"",""stp_filter"":""S45013"",""source_status"":""EXACT_PRIOR_YEAR_CONTINUITY — Engine Oil: exact 2023 continuity; Oil Capacity: exact 2023 continuity; Oil Plug Torque: exact 2023 continuity. WIX official application matched; NAPA Gold cross-reference derived from WIX/NAPA convention; STP product-level cross-reference validated."",""verification_status"":""incomplete"",""source_files"":""fulloilandfilter2022to2027;release_2022_2027_final_audit""}",incomplete,oil_type;oil_capacity,2024|cadillac|ct5|turbo3
ec0a85aae8dd64555d8e970b,2024,Cadillac,Ct5-V,6.2,,,WL10290,,consolidated:full_oil_filter_workbook,"{""napa_gold_filter"":""10290"",""stp_filter"":""S12060 / S12060XL"",""source_status"":""ENGINE_FILTER_FAMILY_CONTINUITY — Engine Oil: 2/2 same engine/filter family; Oil Capacity: 2/2 same engine/filter family; Oil Plug Torque: 2/2 same engine/filter family. WIX official application matched; NAPA Gold cross-reference derived from WIX/NAPA convention; STP product-level cross-reference validated."",""verification_status"":""incomplete"",""source_files"":""fulloilandfilter2022to2027;release_2022_2027_final_audit""}",incomplete,oil_type;oil_capacity,2024|cadillac|ct5v|62
707d59f86bc1e4d05e4e6055,2024,Cadillac,Ct5-V,Turbo 3,,,WL10255,,consolidated:full_oil_filter_workbook,"{""napa_gold_filter"":""10255"",""stp_filter"":""S45013"",""source_status"":""ENGINE_FILTER_FAMILY_CONTINUITY — Engine Oil: 2/2 same engine/filter family; Oil Capacity: 2/2 same engine/filter family; Oil Plug Torque: 2/2 same engine/filter family. WIX official application matched; NAPA Gold cross-reference derived from WIX/NAPA convention; STP product-level cross-reference validated."",""verification_status"":""incomplete"",""source_files"":""fulloilandfilter2022to2027;release_2022_2027_final_audit""}",incomplete,oil_type;oil_capacity,2024|cadillac|ct5v|turbo3
58dcced515cf169fe42e300f,2024,Cadillac,Escalade,Diesel 3,,,WL10351,,consolidated:full_oil_filter_workbook,"{""napa_gold_filter"":""10351"",""stp_filter"":""S45008"",""source_status"":""EXACT_PRIOR_YEAR_CONTINUITY — Engine Oil: exact 2023 continuity; Oil Capacity: exact 2023 continuity; Oil Plug Torque: exact 2023 continuity. WIX official application matched; NAPA Gold cross-reference derived from WIX/NAPA convention; STP product-level cross-reference validated."",""verification_status"":""incomplete"",""source_files"":""fulloilandfilter2022to2027;release_2022_2027_final_audit""}",incomplete,oil_type;oil_capacity,2024|cadillac|escalade|diesel3
6cff63418e055594cf90b993,2024,Cadillac,Escalade Esv,Diesel 3,,,WL10351,,consolidated:full_oil_filter_workbook,"{""napa_gold_filter"":""10351"",""stp_filter"":""S45008"",""source_status"":""EXACT_PRIOR_YEAR_CONTINUITY — Engine Oil: exact 2023 continuity; Oil Capacity: exact 2023 continuity; Oil Plug Torque: exact 2023 continuity. WIX official application matched; NAPA Gold cross-reference derived from WIX/NAPA convention; STP product-level cross-reference validated."",""verification_status"":""incomplete"",""source_files"":""fulloilandfilter2022to2027;release_2022_2027_final_audit""}",incomplete,oil_type;oil_capacity,2024|cadillac|escaladeesv|diesel3
ddc61404dd523066a2e68d34,2024,Cadillac,Xt5,Turbo 2,,,WL10351,,consolidated:full_oil_filter_workbook,"{""napa_gold_filter"":""10351"",""stp_filter"":""S45008"",""source_status"":""EXACT_PRIOR_YEAR_CONTINUITY — Engine Oil: exact 2023 continuity; Oil Capacity: exact 2023 continuity; Oil Plug Torque: exact 2023 continuity. WIX official application matched; NAPA Gold cross-reference derived from WIX/NAPA convention; STP product-level cross-reference validated."",""verification_status"":""incomplete"",""source_files"":""fulloilandfilter2022to2027;release_2022_2027_final_audit""}",incomplete,oil_type;oil_capacity,2024|cadillac|xt5|turbo2
0f4ade97b554910076668334,2024,Cadillac,Xt6,Turbo 2,,,WL10351,,consolidated:full_oil_filter_workbook,"{""napa_gold_filter"":""10351"",""stp_filter"":""S45008"",""source_status"":""EXACT_PRIOR_YEAR_CONTINUITY — Engine Oil: exact 2023 continuity; Oil Capacity: exact 2023 continuity; Oil Plug Torque: exact 2023 continuity. WIX official application matched; NAPA Gold cross-reference derived from WIX/NAPA convention; STP product-level cross-reference validated."",""verification_status"":""incomplete"",""source_files"":""fulloilandfilter2022to2027;release_2022_2027_final_audit""}",incomplete,oil_type;oil_capacity,2024|cadillac|xt6|turbo2
6ac819b2314733bb0ecdc20d,2024,Chevrolet,Aveo,1.5,,,WL10001,,consolidated:full_oil_filter_workbook,"{""napa_gold_filter"":""10001"",""stp_filter"":""S11462"",""source_status"":""EXACT_PRIOR_YEAR_CONTINUITY — Engine Oil: exact 2023 continuity; Oil Capacity: exact 2023 continuity; Oil Plug Torque: exact 2023 continuity. WIX official application matched; NAPA Gold cross-reference derived from WIX/NAPA convention; STP product-level cross-reference validated."",""verification_status"":""incomplete"",""source_files"":""fulloilandfilter2022to2027;release_2022_2027_final_audit""}",incomplete,oil_type;oil_capacity,2024|chevrolet|aveo|15
aee0eac4898d82f3c19d0679,2024,Chevrolet,Blazer,Turbo 2,,,WL10351,,consolidated:full_oil_filter_workbook,"{""napa_gold_filter"":""10351"",""stp_filter"":""S45008"",""source_status"":""EXACT_PRIOR_YEAR_CONTINUITY — Engine Oil: exact 2023 continuity; Oil Capacity: exact 2023 continuity; Oil Plug Torque: exact 2023 continuity. WIX official application matched; NAPA Gold cross-reference derived from WIX/NAPA convention; STP product-level cross-reference validated."",""verification_status"":""incomplete"",""source_files"":""fulloilandfilter2022to2027;release_2022_2027_final_audit""}",incomplete,oil_type;oil_capacity,2024|chevrolet|blazer|turbo2
a628cdb123280f6f9d3e307a,2024,Chevrolet,Colorado,Turbo 2.7,,,WL10351,,consolidated:full_oil_filter_workbook,"{""napa_gold_filter"":""10351"",""stp_filter"":""S45008"",""source_status"":""EXACT_PRIOR_YEAR_CONTINUITY — Engine Oil: exact 2023 continuity; Oil Capacity: exact 2023 continuity; Oil Plug Torque: exact 2023 continuity. WIX official application matched; NAPA Gold cross-reference derived from WIX/NAPA convention; STP product-level cross-reference validated."",""verification_status"":""incomplete"",""source_files"":""fulloilandfilter2022to2027;release_2022_2027_final_audit""}",incomplete,oil_type;oil_capacity,2024|chevrolet|colorado|turbo27
573004373dba086775bae408,2024,Chevrolet,Corvette,Hybrid 6.2,,,WL10290,,consolidated:full_oil_filter_workbook,"{""napa_gold_filter"":""10290"",""stp_filter"":""S12060 / S12060XL"",""source_status"":""UNVERIFIED_OIL_SERVICE_DATA — Engine Oil: no validated continuity source; Oil Capacity: no validated continuity source; Oil Plug Torque: no validated continuity source. WIX official application matched; NAPA Gold cross-reference derived from WIX/NAPA convention; STP product-level cross-reference validated."",""verification_status"":""unverified"",""source_files"":""fulloilandfilter2022to2027;release_2022_2027_final_audit""}",unverified,oil_type;oil_capacity,2024|chevrolet|corvette|hybrid62
0ce95804e032be9276b1b5ee,2024,Chevrolet,Express 2500,4.3,,,WL10255,,consolidated:full_oil_filter_workbook,"{""napa_gold_filter"":""10255"",""stp_filter"":""S45013"",""source_status"":""EXACT_PRIOR_YEAR_CONTINUITY — Engine Oil: exact 2023 continuity; Oil Capacity: exact 2023 continuity; Oil Plug Torque: exact 2023 continuity. WIX official application matched; NAPA Gold cross-reference derived from WIX/NAPA convention; STP product-level cross-reference validated."",""verification_status"":""incomplete"",""source_files"":""fulloilandfilter2022to2027;release_2022_2027_final_audit""}",incomplete,oil_type;oil_capacity,2024|chevrolet|express2500|43
8962a3e6943b73504b57e5b2,2024,Chevrolet,Express 2500,6.6,,,WL10255,,consolidated:full_oil_filter_workbook,"{""napa_gold_filter"":""10255"",""stp_filter"":""S45013"",""source_status"":""EXACT_PRIOR_YEAR_CONTINUITY — Engine Oil: exact 2023 continuity; Oil Capacity: exact 2023 continuity; Oil Plug Torque: exact 2023 continuity. WIX official application matched; NAPA Gold cross-reference derived from WIX/NAPA convention; STP product-level cross-reference validated."",""verification_status"":""incomplete"",""source_files"":""fulloilandfilter2022to2027;release_2022_2027_final_audit""}",incomplete,oil_type;oil_capacity,2024|chevrolet|express2500|66
3be32ae6b22692ca92542f96,2024,Chevrolet,Express 3500,4.3,,,WL10255,,consolidated:full_oil_filter_workbook,"{""napa_gold_filter"":""10255"",""stp_filter"":""S45013"",""source_status"":""EXACT_PRIOR_YEAR_CONTINUITY — Engine Oil: exact 2023 continuity; Oil Capacity: exact 2023 continuity; Oil Plug Torque: exact 2023 continuity. WIX official application matched; NAPA Gold cross-reference derived from WIX/NAPA convention; STP product-level cross-reference validated."",""verification_status"":""incomplete"",""source_files"":""fulloilandfilter2022to2027;release_2022_2027_final_audit""}",incomplete,oil_type;oil_capacity,2024|chevrolet|express3500|43
ff73ba5d051adf0677960569,2024,Chevrolet,Express 3500,6.6,,,WL10255,,consolidated:full_oil_filter_workbook,"{""napa_gold_filter"":""10255"",""stp_filter"":""S45013"",""source_status"":""EXACT_PRIOR_YEAR_CONTINUITY — Engine Oil: exact 2023 continuity; Oil Capacity: exact 2023 continuity; Oil Plug Torque: exact 2023 continuity. WIX official application matched; NAPA Gold cross-reference derived from WIX/NAPA convention; STP product-level cross-reference validated."",""verification_status"":""incomplete"",""source_files"":""fulloilandfilter2022to2027;release_2022_2027_final_audit""}",incomplete,oil_type;oil_capacity,2024|chevrolet|express3500|66
655598b6b0f333dc6dd56e37,2024,Chevrolet,Lcf 3500,6.6,,,WL10255,,consolidated:full_oil_filter_workbook,"{""napa_gold_filter"":""10255"",""stp_filter"":""S45013"",""source_status"":""EXACT_PRIOR_YEAR_CONTINUITY — Engine Oil: exact 2023 continuity; Oil Capacity: exact 2023 continuity; Oil Plug Torque: exact 2023 continuity. WIX official application matched; NAPA Gold cross-reference derived from WIX/NAPA convention; STP product-level cross-reference validated."",""verification_status"":""incomplete"",""source_files"":""fulloilandfilter2022to2027;release_2022_2027_final_audit""}",incomplete,oil_type;oil_capacity,2024|chevrolet|lcf3500|66
a7a1ff490d34c9e89faa314c,2024,Chevrolet,Silverado 1500,5.3,,,WL10255,,consolidated:full_oil_filter_workbook,"{""napa_gold_filter"":""10255"",""stp_filter"":""S45013"",""source_status"":""EXACT_PRIOR_YEAR_CONTINUITY — Engine Oil: exact 2023 continuity; Oil Capacity: exact 2023 continuity; Oil Plug Torque: exact 2023 continuity. WIX official application matched; NAPA Gold cross-reference derived from WIX/NAPA convention; STP product-level cross-reference validated."",""verification_status"":""incomplete"",""source_files"":""fulloilandfilter2022to2027;release_2022_2027_final_audit""}",incomplete,oil_type;oil_capacity,2024|chevrolet|silverado1500|53
fa64d477e219322b164fc2c3,2024,Chevrolet,Silverado 1500,6.2,,,WL10255,,consolidated:full_oil_filter_workbook,"{""napa_gold_filter"":""10255"",""stp_filter"":""S45013"",""source_status"":""EXACT_PRIOR_YEAR_CONTINUITY — Engine Oil: exact 2023 continuity; Oil Capacity: exact 2023 continuity; Oil Plug Torque: exact 2023 continuity. WIX official application matched; NAPA Gold cross-reference derived from WIX/NAPA convention; STP product-level cross-reference validated."",""verification_status"":""incomplete"",""source_files"":""fulloilandfilter2022to2027;release_2022_2027_final_audit""}",incomplete,oil_type;oil_capacity,2024|chevrolet|silverado1500|62
7c4361887d4c5ca9475fecf9,2024,Chevrolet,Silverado 1500,Diesel 3,,,WL10351,,consolidated:full_oil_filter_workbook,"{""napa_gold_filter"":""10351"",""stp_filter"":""S45008"",""source_status"":""EXACT_PRIOR_YEAR_CONTINUITY — Engine Oil: exact 2023 continuity; Oil Capacity: exact 2023 continuity; Oil Plug Torque: exact 2023 continuity. WIX official application matched; NAPA Gold cross-reference derived from WIX/NAPA convention; STP product-level cross-reference validated."",""verification_status"":""incomplete"",""source_files"":""fulloilandfilter2022to2027;release_2022_2027_final_audit""}",incomplete,oil_type;oil_capacity,2024|chevrolet|silverado1500|diesel3
8f77cbaae3d596d2d0ed9ee1,2024,Chevrolet,Silverado 1500,Turbo 2.7,,,WL10351,,consolidated:full_oil_filter_workbook,"{""napa_gold_filter"":""10351"",""stp_filter"":""S45008"",""source_status"":""EXACT_PRIOR_YEAR_CONTINUITY — Engine Oil: exact 2023 continuity; Oil Capacity: exact 2023 continuity; Oil Plug Torque: exact 2023 continuity. WIX official application matched; NAPA Gold cross-reference derived from WIX/NAPA convention; STP product-level cross-reference validated."",""verification_status"":""incomplete"",""source_files"":""fulloilandfilter2022to2027;release_2022_2027_final_audit""}",incomplete,oil_type;oil_capacity,2024|chevrolet|silverado1500|turbo27
a67e1926fc5d894dd1db05f4,2024,Chevrolet,Silverado 2500Hd,6.6,,,WL10255,,consolidated:full_oil_filter_workbook,"{""napa_gold_filter"":""10255"",""stp_filter"":""S45013"",""source_status"":""EXACT_PRIOR_YEAR_CONTINUITY — Engine Oil: exact 2023 continuity; Oil Capacity: exact 2023 continuity; Oil Plug Torque: exact 2023 continuity. WIX official application matched; NAPA Gold cross-reference derived from WIX/NAPA convention; STP product-level cross-reference validated."",""verification_status"":""incomplete"",""source_files"":""fulloilandfilter2022to2027;release_2022_2027_final_audit""}",incomplete,oil_type;oil_capacity,2024|chevrolet|silverado2500hd|66
dfcf26e77bf3b67ed0dbc31b,2024,Chevrolet,Silverado 2500Hd,Diesel 6.6,,,WL10255,,consolidated:full_oil_filter_workbook,"{""napa_gold_filter"":""10255"",""stp_filter"":""S45013"",""source_status"":""EXACT_PRIOR_YEAR_CONTINUITY — Engine Oil: exact 2023 continuity; Oil Capacity: exact 2023 continuity; Oil Plug Torque: exact 2023 continuity. WIX official application matched; NAPA Gold cross-reference derived from WIX/NAPA convention; STP product-level cross-reference validated."",""verification_status"":""incomplete"",""source_files"":""fulloilandfilter2022to2027;release_2022_2027_final_audit""}",incomplete,oil_type;oil_capacity,2024|chevrolet|silverado2500hd|diesel66
ce0cdbe2bd4e2041a472a758,2024,Chevrolet,Silverado 3500Hd,6.6,,,WL10255,,consolidated:full_oil_filter_workbook,"{""napa_gold_filter"":""10255"",""stp_filter"":""S45013"",""source_status"":""EXACT_PRIOR_YEAR_CONTINUITY — Engine Oil: exact 2023 continuity; Oil Capacity: exact 2023 continuity; Oil Plug Torque: exact 2023 continuity. WIX official application matched; NAPA Gold cross-reference derived from WIX/NAPA convention; STP product-level cross-reference validated."",""verification_status"":""incomplete"",""source_files"":""fulloilandfilter2022to2027;release_2022_2027_final_audit""}",incomplete,oil_type;oil_capacity,2024|chevrolet|silverado3500hd|66
15821b3e94daa1e98aafccb7,2024,Chevrolet,Silverado 3500Hd,Diesel 6.6,,,WL10255,,consolidated:full_oil_filter_workbook,"{""napa_gold_filter"":""10255"",""stp_filter"":""S45013"",""source_status"":""EXACT_PRIOR_YEAR_CONTINUITY — Engine Oil: exact 2023 continuity; Oil Capacity: exact 2023 continuity; Oil Plug Torque: exact 2023 continuity. WIX official application matched; NAPA Gold cross-reference derived from WIX/NAPA convention; STP product-level cross-reference validated."",""verification_status"":""incomplete"",""source_files"":""fulloilandfilter2022to2027;release_2022_2027_final_audit""}",incomplete,oil_type;oil_capacity,2024|chevrolet|silverado3500hd|diesel66
66fb7369b29940c54627f1a4,2024,Chevrolet,Silverado 4500 HD,Diesel 6.6,,,WL10255,,consolidated:full_oil_filter_workbook,"{""napa_gold_filter"":""10255"",""stp_filter"":""S45013"",""source_status"":""EXACT_PRIOR_YEAR_CONTINUITY — Engine Oil: exact 2023 continuity; Oil Capacity: exact 2023 continuity; Oil Plug Torque: exact 2023 continuity. WIX official application matched; NAPA Gold cross-reference derived from WIX/NAPA convention; STP product-level cross-reference validated."",""verification_status"":""incomplete"",""source_files"":""fulloilandfilter2022to2027;release_2022_2027_final_audit""}",incomplete,oil_type;oil_capacity,2024|chevrolet|silverado4500hd|diesel66
974519145c1b7239794585c1,2024,Chevrolet,Silverado 5500 HD,Diesel 6.6,,,WL10255,,consolidated:full_oil_filter_workbook,"{""napa_gold_filter"":""10255"",""stp_filter"":""S45013"",""source_status"":""EXACT_PRIOR_YEAR_CONTINUITY — Engine Oil: exact 2023 continuity; Oil Capacity: exact 2023 continuity; Oil Plug Torque: exact 2023 continuity. WIX official application matched; NAPA Gold cross-reference derived from WIX/NAPA convention; STP product-level cross-reference validated."",""verification_status"":""incomplete"",""source_files"":""fulloilandfilter2022to2027;release_2022_2027_final_audit""}",incomplete,oil_type;oil_capacity,2024|chevrolet|silverado5500hd|diesel66
eae54a9fa357d525d95d860f,2024,Chevrolet,Silverado 6500 HD,Diesel 6.6,,,WL10255,,consolidated:full_oil_filter_workbook,"{""napa_gold_filter"":""10255"",""stp_filter"":""S45013"",""source_status"":""EXACT_PRIOR_YEAR_CONTINUITY — Engine Oil: exact 2023 continuity; Oil Capacity: exact 2023 continuity; Oil Plug Torque: exact 2023 continuity. WIX official application matched; NAPA Gold cross-reference derived from WIX/NAPA convention; STP product-level cross-reference validated."",""verification_status"":""incomplete"",""source_files"":""fulloilandfilter2022to2027;release_2022_2027_final_audit""}",incomplete,oil_type;oil_capacity,2024|chevrolet|silverado6500hd|diesel66
66590e85d485f6bb71c3eb22,2024,Chevrolet,Suburban (All),5.3,,,WL10255,,consolidated:full_oil_filter_workbook,"{""napa_gold_filter"":""10255"",""stp_filter"":""S45013"",""source_status"":""EXACT_PRIOR_YEAR_CONTINUITY — Engine Oil: exact 2023 continuity; Oil Capacity: exact 2023 continuity; Oil Plug Torque: exact 2023 continuity. WIX official application matched; NAPA Gold cross-reference derived from WIX/NAPA convention; STP product-level cross-reference validated."",""verification_status"":""incomplete"",""source_files"":""fulloilandfilter2022to2027;release_2022_2027_final_audit""}",incomplete,oil_type;oil_capacity,2024|chevrolet|suburbanall|53
d7b411d40db766088b070c49,2024,Chevrolet,Suburban (All),6.2,,,WL10255,,consolidated:full_oil_filter_workbook,"{""napa_gold_filter"":""10255"",""stp_filter"":""S45013"",""source_status"":""EXACT_PRIOR_YEAR_CONTINUITY — Engine Oil: exact 2023 continuity; Oil Capacity: exact 2023 continuity; Oil Plug Torque: exact 2023 continuity. WIX official application matched; NAPA Gold cross-reference derived from WIX/NAPA convention; STP product-level cross-reference validated."",""verification_status"":""incomplete"",""source_files"":""fulloilandfilter2022to2027;release_2022_2027_final_audit""}",incomplete,oil_type;oil_capacity,2024|chevrolet|suburbanall|62
4d66e3a7186dcf7b6ab89480,2024,Chevrolet,Suburban (All),Diesel 3,,,WL10351,,consolidated:full_oil_filter_workbook,"{""napa_gold_filter"":""10351"",""stp_filter"":""S45008"",""source_status"":""EXACT_PRIOR_YEAR_CONTINUITY — Engine Oil: exact 2023 continuity; Oil Capacity: exact 2023 continuity; Oil Plug Torque: exact 2023 continuity. WIX official application matched; NAPA Gold cross-reference derived from WIX/NAPA convention; STP product-level cross-reference validated."",""verification_status"":""incomplete"",""source_files"":""fulloilandfilter2022to2027;release_2022_2027_final_audit""}",incomplete,oil_type;oil_capacity,2024|chevrolet|suburbanall|diesel3
6502b53c66f1deae7b96b91c,2024,Chevrolet,Tahoe,5.3,,,WL10255,,consolidated:full_oil_filter_workbook,"{""napa_gold_filter"":""10255"",""stp_filter"":""S45013"",""source_status"":""EXACT_PRIOR_YEAR_CONTINUITY — Engine Oil: exact 2023 continuity; Oil Capacity: exact 2023 continuity; Oil Plug Torque: exact 2023 continuity. WIX official application matched; NAPA Gold cross-reference derived from WIX/NAPA convention; STP product-level cross-reference validated."",""verification_status"":""incomplete"",""source_files"":""fulloilandfilter2022to2027;release_2022_2027_final_audit""}",incomplete,oil_type;oil_capacity,2024|chevrolet|tahoe|53
4ed723fd0bd7069afab6991e,2024,Chevrolet,Tahoe,6.2,,,WL10255,,consolidated:full_oil_filter_workbook,"{""napa_gold_filter"":""10255"",""stp_filter"":""S45013"",""source_status"":""EXACT_PRIOR_YEAR_CONTINUITY — Engine Oil: exact 2023 continuity; Oil Capacity: exact 2023 continuity; Oil Plug Torque: exact 2023 continuity. WIX official application matched; NAPA Gold cross-reference derived from WIX/NAPA convention; STP product-level cross-reference validated."",""verification_status"":""incomplete"",""source_files"":""fulloilandfilter2022to2027;release_2022_2027_final_audit""}",incomplete,oil_type;oil_capacity,2024|chevrolet|tahoe|62
176f664f01aea82947d7e575,2024,Chevrolet,Tahoe,Diesel 3,,,WL10351,,consolidated:full_oil_filter_workbook,"{""napa_gold_filter"":""10351"",""stp_filter"":""S45008"",""source_status"":""EXACT_PRIOR_YEAR_CONTINUITY — Engine Oil: exact 2023 continuity; Oil Capacity: exact 2023 continuity; Oil Plug Torque: exact 2023 continuity. WIX official application matched; NAPA Gold cross-reference derived from WIX/NAPA convention; STP product-level cross-reference validated."",""verification_status"":""incomplete"",""source_files"":""fulloilandfilter2022to2027;release_2022_2027_final_audit""}",incomplete,oil_type;oil_capacity,2024|chevrolet|tahoe|diesel3
a8a591dc66d10c537f543631,2024,Chevrolet,Trailblazer,Turbo 1.2,,,WL10290,,consolidated:full_oil_filter_workbook,"{""napa_gold_filter"":""10290"",""stp_filter"":""S12060 / S12060XL"",""source_status"":""EXACT_PRIOR_YEAR_CONTINUITY — Engine Oil: exact 2023 continuity; Oil Capacity: exact 2023 continuity; Oil Plug Torque: exact 2023 continuity. WIX official application matched; NAPA Gold cross-reference derived from WIX/NAPA convention; STP product-level cross-reference validated."",""verification_status"":""incomplete"",""source_files"":""fulloilandfilter2022to2027;release_2022_2027_final_audit""}",incomplete,oil_type;oil_capacity,2024|chevrolet|trailblazer|turbo12
612489da21ea9ef2e4450528,2024,Chevrolet,Trailblazer,Turbo 1.3,,,WL10351,,consolidated:full_oil_filter_workbook,"{""napa_gold_filter"":""10351"",""stp_filter"":""S45008"",""source_status"":""EXACT_PRIOR_YEAR_CONTINUITY — Engine Oil: exact 2023 continuity; Oil Capacity: exact 2023 continuity; Oil Plug Torque: exact 2023 continuity. WIX official application matched; NAPA Gold cross-reference derived from WIX/NAPA convention; STP product-level cross-reference validated."",""verification_status"":""incomplete"",""source_files"":""fulloilandfilter2022to2027;release_2022_2027_final_audit""}",incomplete,oil_type;oil_capacity,2024|chevrolet|trailblazer|turbo13
7e6986f9e65eeea5f9156dcb,2024,Chevrolet,Traverse,3.6,,,WL10255,,consolidated:full_oil_filter_workbook,"{""napa_gold_filter"":""10255"",""stp_filter"":""S45013"",""source_status"":""EXACT_PRIOR_YEAR_CONTINUITY — Engine Oil: exact 2023 continuity; Oil Capacity: exact 2023 continuity; Oil Plug Torque: exact 2023 continuity. WIX official application matched; NAPA Gold cross-reference derived from WIX/NAPA convention; STP product-level cross-reference validated."",""verification_status"":""incomplete"",""source_files"":""fulloilandfilter2022to2027;release_2022_2027_final_audit""}",incomplete,oil_type;oil_capacity,2024|chevrolet|traverse|36
6b32f6b9928e72564ad4a353,2024,Chevrolet,Traverse,Turbo 2.5,,,WL10351,,consolidated:full_oil_filter_workbook,"{""napa_gold_filter"":""10351"",""stp_filter"":""S45008"",""source_status"":""UNVERIFIED_OIL_SERVICE_DATA — Engine Oil: no validated continuity source; Oil Capacity: no validated continuity source; Oil Plug Torque: no validated continuity source. WIX official application matched; NAPA Gold cross-reference derived from WIX/NAPA convention; STP product-level cross-reference validated."",""verification_status"":""unverified"",""source_files"":""fulloilandfilter2022to2027;release_2022_2027_final_audit""}",unverified,oil_type;oil_capacity,2024|chevrolet|traverse|turbo25
3dac2632f59cba3dc0e03b67,2024,Chevrolet,Trax,Turbo 1.2,,,WL10290,,consolidated:full_oil_filter_workbook,"{""napa_gold_filter"":""10290"",""stp_filter"":""S12060 / S12060XL"",""source_status"":""ENGINE_FILTER_FAMILY_CONTINUITY — Engine Oil: 2/2 same engine/filter family; Oil Capacity: 2/2 same engine/filter family; Oil Plug Torque: 2/2 same engine/filter family. WIX official application matched; NAPA Gold cross-reference derived from WIX/NAPA convention; STP product-level cross-reference validated."",""verification_status"":""incomplete"",""source_files"":""fulloilandfilter2022to2027;release_2022_2027_final_audit""}",incomplete,oil_type;oil_capacity,2024|chevrolet|trax|turbo12
e9391ef57bbc46a47e89171d,2024,Chevrolet Trucks,Aveo,1.5,,,WL10001,,consolidated:full_oil_filter_workbook,"{""napa_gold_filter"":""10001"",""stp_filter"":""S11462"",""source_status"":""EXACT_PRIOR_YEAR_CONTINUITY — Engine Oil: exact 2023 continuity; Oil Capacity: exact 2023 continuity; Oil Plug Torque: exact 2023 continuity. WIX official application matched; NAPA Gold cross-reference derived from WIX/NAPA convention; STP product-level cross-reference validated."",""verification_status"":""incomplete"",""source_files"":""fulloilandfilter2022to2027;release_2022_2027_final_audit""}",incomplete,oil_type;oil_capacity,2024|chevrolettrucks|aveo|15
7b77fc1f8a58b25008030fc3,2024,Chevrolet Trucks,Blazer,Turbo 2,,,WL10351,,consolidated:full_oil_filter_workbook,"{""napa_gold_filter"":""10351"",""stp_filter"":""S45008"",""source_status"":""EXACT_PRIOR_YEAR_CONTINUITY — Engine Oil: exact 2023 continuity; Oil Capacity: exact 2023 continuity; Oil Plug Torque: exact 2023 continuity. WIX official application matched; NAPA Gold cross-reference derived from WIX/NAPA convention; STP product-level cross-reference validated."",""verification_status"":""incomplete"",""source_files"":""fulloilandfilter2022to2027;release_2022_2027_final_audit""}",incomplete,oil_type;oil_capacity,2024|chevrolettrucks|blazer|turbo2
94788427ad07200d7b4afb81,2024,Chevrolet Trucks,Camaro,6.2,,,WL10290,,consolidated:full_oil_filter_workbook,"{""napa_gold_filter"":""10290"",""stp_filter"":""S12060 / S12060XL"",""source_status"":""EXACT_PRIOR_YEAR_CONTINUITY — Engine Oil: exact 2023 continuity; Oil Capacity: exact 2023 continuity; Oil Plug Torque: exact 2023 continuity. WIX official application matched; NAPA Gold cross-reference derived from WIX/NAPA convention; STP product-level cross-reference validated."",""verification_status"":""incomplete"",""source_files"":""fulloilandfilter2022to2027;release_2022_2027_final_audit""}",incomplete,oil_type;oil_capacity,2024|chevrolettrucks|camaro|62
79c30d3de48b5e021d8d4aa6,2024,Chevrolet Trucks,Corvette,6.2,,,WL10290,,consolidated:full_oil_filter_workbook,"{""napa_gold_filter"":""10290"",""stp_filter"":""S12060 / S12060XL"",""source_status"":""EXACT_PRIOR_YEAR_CONTINUITY — Engine Oil: exact 2023 continuity; Oil Capacity: exact 2023 continuity; Oil Plug Torque: exact 2023 continuity. WIX official application matched; NAPA Gold cross-reference derived from WIX/NAPA convention; STP product-level cross-reference validated."",""verification_status"":""incomplete"",""source_files"":""fulloilandfilter2022to2027;release_2022_2027_final_audit""}",incomplete,oil_type;oil_capacity,2024|chevrolettrucks|corvette|62
cdc5338877db5a60f3068962,2024,Chevrolet Trucks,Corvette,Hybrid 6.2,,,WL10290,,consolidated:full_oil_filter_workbook,"{""napa_gold_filter"":""10290"",""stp_filter"":""S12060 / S12060XL"",""source_status"":""UNVERIFIED_OIL_SERVICE_DATA — Engine Oil: no validated continuity source; Oil Capacity: no validated continuity source; Oil Plug Torque: no validated continuity source. WIX official application matched; NAPA Gold cross-reference derived from WIX/NAPA convention; STP product-level cross-reference validated."",""verification_status"":""unverified"",""source_files"":""fulloilandfilter2022to2027;release_2022_2027_final_audit""}",unverified,oil_type;oil_capacity,2024|chevrolettrucks|corvette|hybrid62
f4f46e97f32e3f2e44403ed2,2024,Chevrolet Trucks,Silverado 1500,Diesel 3,,,WL10351,,consolidated:full_oil_filter_workbook,"{""napa_gold_filter"":""10351"",""stp_filter"":""S45008"",""source_status"":""EXACT_PRIOR_YEAR_CONTINUITY — Engine Oil: exact 2023 continuity; Oil Capacity: exact 2023 continuity; Oil Plug Torque: exact 2023 continuity. WIX official application matched; NAPA Gold cross-reference derived from WIX/NAPA convention; STP product-level cross-reference validated."",""verification_status"":""incomplete"",""source_files"":""fulloilandfilter2022to2027;release_2022_2027_final_audit""}",incomplete,oil_type;oil_capacity,2024|chevrolettrucks|silverado1500|diesel3
09158d0d3a6513dec192410a,2024,Chevrolet Trucks,Suburban (All),Diesel 3,,,WL10351,,consolidated:full_oil_filter_workbook,"{""napa_gold_filter"":""10351"",""stp_filter"":""S45008"",""source_status"":""EXACT_PRIOR_YEAR_CONTINUITY — Engine Oil: exact 2023 continuity; Oil Capacity: exact 2023 continuity; Oil Plug Torque: exact 2023 continuity. WIX official application matched; NAPA Gold cross-reference derived from WIX/NAPA convention; STP product-level cross-reference validated."",""verification_status"":""incomplete"",""source_files"":""fulloilandfilter2022to2027;release_2022_2027_final_audit""}",incomplete,oil_type;oil_capacity,2024|chevrolettrucks|suburbanall|diesel3
17d83a782790c1b4c236e7aa,2024,Chevrolet Trucks,Tahoe,Diesel 3,,,WL10351,,consolidated:full_oil_filter_workbook,"{""napa_gold_filter"":""10351"",""stp_filter"":""S45008"",""source_status"":""EXACT_PRIOR_YEAR_CONTINUITY — Engine Oil: exact 2023 continuity; Oil Capacity: exact 2023 continuity; Oil Plug Torque: exact 2023 continuity. WIX official application matched; NAPA Gold cross-reference derived from WIX/NAPA convention; STP product-level cross-reference validated."",""verification_status"":""incomplete"",""source_files"":""fulloilandfilter2022to2027;release_2022_2027_final_audit""}",incomplete,oil_type;oil_capacity,2024|chevrolettrucks|tahoe|diesel3
4e7307b44117cf83ab1776a3,2024,Chevrolet Trucks,Traverse,Turbo 2.5,,,WL10351,,consolidated:full_oil_filter_workbook,"{""napa_gold_filter"":""10351"",""stp_filter"":""S45008"",""source_status"":""UNVERIFIED_OIL_SERVICE_DATA — Engine Oil: no validated continuity source; Oil Capacity: no validated continuity source; Oil Plug Torque: no validated continuity source. WIX official application matched; NAPA Gold cross-reference derived from WIX/NAPA convention; STP product-level cross-reference validated."",""verification_status"":""unverified"",""source_files"":""fulloilandfilter2022to2027;release_2022_2027_final_audit""}",unverified,oil_type;oil_capacity,2024|chevrolettrucks|traverse|turbo25
a3ca930501c5520d5a7434f2,2024,Chrysler,Pacifica,Hybrid 3.6,,,WL10010,,consolidated:full_oil_filter_workbook,"{""napa_gold_filter"":""10010"",""stp_filter"":""S11665 / S11665XL"",""source_status"":""EXACT_PRIOR_YEAR_CONTINUITY — Engine Oil: exact 2023 continuity; Oil Capacity: exact 2023 continuity; Oil Plug Torque: exact 2023 continuity. WIX official application matched; NAPA Gold cross-reference derived from WIX/NAPA convention; STP product-level cross-reference validated."",""verification_status"":""incomplete"",""source_files"":""fulloilandfilter2022to2027;release_2022_2027_final_audit""}",incomplete,oil_type;oil_capacity,2024|chrysler|pacifica|hybrid36
0943a8f4f099d8ada040f847,2024,Dodge,Hornet,2,,,57060,,consolidated:full_oil_filter_workbook,"{""napa_gold_filter"":""7060"",""stp_filter"":""S3506"",""source_status"":""EXACT_PRIOR_YEAR_CONTINUITY — Engine Oil: exact 2023 continuity; Oil Capacity: exact 2023 continuity; Oil Plug Torque: exact 2023 continuity. WIX official application matched; NAPA Gold cross-reference derived from WIX/NAPA convention; STP product-level cross-reference validated."",""verification_status"":""incomplete"",""source_files"":""fulloilandfilter2022to2027;release_2022_2027_final_audit""}",incomplete,oil_type;oil_capacity,2024|dodge|hornet|2
4337af0363461d4f2df91e9a,2024,Dodge,Hornet,Hybrid 1.3,,,WL10536,,consolidated:full_oil_filter_workbook,"{""napa_gold_filter"":""10536"",""stp_filter"":""S45030"",""source_status"":""EXACT_PRIOR_YEAR_CONTINUITY — Engine Oil: exact 2023 continuity; Oil Capacity: exact 2023 continuity; Oil Plug Torque: exact 2023 continuity. WIX official application matched; NAPA Gold cross-reference derived from WIX/NAPA convention; STP product-level cross-reference validated."",""verification_status"":""incomplete"",""source_files"":""fulloilandfilter2022to2027;release_2022_2027_final_audit""}",incomplete,oil_type;oil_capacity,2024|dodge|hornet|hybrid13
dc29ea57ef513524890cc4e4,2024,Dodge Trucks,Hornet,2,,,57060,,consolidated:full_oil_filter_workbook,"{""napa_gold_filter"":""7060"",""stp_filter"":""S3506"",""source_status"":""EXACT_PRIOR_YEAR_CONTINUITY — Engine Oil: exact 2023 continuity; Oil Capacity: exact 2023 continuity; Oil Plug Torque: exact 2023 continuity. WIX official application matched; NAPA Gold cross-reference derived from WIX/NAPA convention; STP product-level cross-reference validated."",""verification_status"":""incomplete"",""source_files"":""fulloilandfilter2022to2027;release_2022_2027_final_audit""}",incomplete,oil_type;oil_capacity,2024|dodgetrucks|hornet|2
2db3e6965ac25af8863278d9,2024,Dodge Trucks,Hornet,Hybrid 1.3,,,WL10536,,consolidated:full_oil_filter_workbook,"{""napa_gold_filter"":""10536"",""stp_filter"":""S45030"",""source_status"":""EXACT_PRIOR_YEAR_CONTINUITY — Engine Oil: exact 2023 continuity; Oil Capacity: exact 2023 continuity; Oil Plug Torque: exact 2023 continuity. WIX official application matched; NAPA Gold cross-reference derived from WIX/NAPA convention; STP product-level cross-reference validated."",""verification_status"":""incomplete"",""source_files"":""fulloilandfilter2022to2027;release_2022_2027_final_audit""}",incomplete,oil_type;oil_capacity,2024|dodgetrucks|hornet|hybrid13
a50db90f34a59b027f914e14,2024,Fiat,500E,,,,,,consolidated:year_make_model_json,"{""verification_status"":""incomplete"",""source_files"":""yearmakemodel.json""}",incomplete,oil_type;oil_capacity;wix_filter;napa_gold_filter;stp_filter,2024|fiat|500e|na
9f0813ea7fb9cd7640a982c8,2024,Fiat,500E,,,,,,consolidated:vehicle_list_csv,"{""verification_status"":""incomplete"",""source_files"":""completevehiclelist.xlsx-Sheet1.csv""}",incomplete,oil_type;oil_capacity;wix_filter;napa_gold_filter;stp_filter,2024|fiat|500e|
64115c41a7b1dff12119f5cf,2024,Ford,Bronco,Turbo 3,,,WL10050,,consolidated:full_oil_filter_workbook,"{""napa_gold_filter"":""10050"",""stp_filter"":""S11955 / S11955XL"",""source_status"":""EXACT_PRIOR_YEAR_CONTINUITY — Engine Oil: exact 2023 continuity; Oil Capacity: exact 2023 continuity; Oil Plug Torque: exact 2023 continuity. WIX official application matched; NAPA Gold cross-reference derived from WIX/NAPA convention; STP product-level cross-reference validated."",""verification_status"":""incomplete"",""source_files"":""fulloilandfilter2022to2027;release_2022_2027_final_audit""}",incomplete,oil_type;oil_capacity,2024|ford|bronco|turbo3
8a65f65f5697b8ed840c2e7e,2024,Ford,Bronco Sport,Turbo 1.5,,,51348,,consolidated:full_oil_filter_workbook,"{""napa_gold_filter"":""1348"",""stp_filter"":""PH2811"",""source_status"":""EXACT_PRIOR_YEAR_CONTINUITY — Engine Oil: exact 2023 continuity; Oil Capacity: exact 2023 continuity; Oil Plug Torque: exact 2023 continuity. WIX official application matched; NAPA Gold cross-reference derived from WIX/NAPA convention; STP product-level cross-reference validated."",""verification_status"":""incomplete"",""source_files"":""fulloilandfilter2022to2027;release_2022_2027_final_audit""}",incomplete,oil_type;oil_capacity,2024|ford|broncosport|turbo15
fbb18c29872c0c41fc585841,2024,Ford,Bronco Sport,Turbo 2,,,51348,,consolidated:full_oil_filter_workbook,"{""napa_gold_filter"":""1348"",""stp_filter"":""PH2811"",""source_status"":""EXACT_PRIOR_YEAR_CONTINUITY — Engine Oil: exact 2023 continuity; Oil Capacity: exact 2023 continuity; Oil Plug Torque: exact 2023 continuity. WIX official application matched; NAPA Gold cross-reference derived from WIX/NAPA convention; STP product-level cross-reference validated."",""verification_status"":""incomplete"",""source_files"":""fulloilandfilter2022to2027;release_2022_2027_final_audit""}",incomplete,oil_type;oil_capacity,2024|ford|broncosport|turbo2
9e3fa85c1ed58db45fe530e6,2024,Ford,E-350 Super Duty,7.3,,,51372,,consolidated:full_oil_filter_workbook,"{""napa_gold_filter"":""1372"",""source_status"":""EXACT_PRIOR_YEAR_CONTINUITY — Engine Oil: exact 2023 continuity; Oil Capacity: exact 2023 continuity; Oil Plug Torque: exact 2023 continuity. WIX official application matched; NAPA Gold cross-reference derived from WIX/NAPA convention; STP cross-reference not verified."",""verification_status"":""incomplete"",""source_files"":""fulloilandfilter2022to2027;release_2022_2027_final_audit""}",incomplete,oil_type;oil_capacity;stp_filter,2024|ford|e350superduty|73
9096d439dfd561c59892433a,2024,Ford,Edge,Turbo 2,,,51348,,consolidated:full_oil_filter_workbook,"{""napa_gold_filter"":""1348"",""stp_filter"":""PH2811"",""source_status"":""EXACT_PRIOR_YEAR_CONTINUITY — Engine Oil: exact 2023 continuity; Oil Capacity: exact 2023 continuity; Oil Plug Torque: exact 2023 continuity. WIX official application matched; NAPA Gold cross-reference derived from WIX/NAPA convention; STP product-level cross-reference validated."",""verification_status"":""incomplete"",""source_files"":""fulloilandfilter2022to2027;release_2022_2027_final_audit""}",incomplete,oil_type;oil_capacity,2024|ford|edge|turbo2
d22cc9af58ec3f13d2799966,2024,Ford,Escape,Hybrid 2.5,,,51348,,consolidated:full_oil_filter_workbook,"{""napa_gold_filter"":""1348"",""stp_filter"":""PH2811"",""source_status"":""EXACT_PRIOR_YEAR_CONTINUITY — Engine Oil: exact 2023 continuity; Oil Capacity: exact 2023 continuity; Oil Plug Torque: exact 2023 continuity. WIX official application matched; NAPA Gold cross-reference derived from WIX/NAPA convention; STP product-level cross-reference validated."",""verification_status"":""incomplete"",""source_files"":""fulloilandfilter2022to2027;release_2022_2027_final_audit""}",incomplete,oil_type;oil_capacity,2024|ford|escape|hybrid25
ddb7310a738c34343d7baa3e,2024,Ford,Escape,Turbo 1.5,,,51348,,consolidated:full_oil_filter_workbook,"{""napa_gold_filter"":""1348"",""stp_filter"":""PH2811"",""source_status"":""EXACT_PRIOR_YEAR_CONTINUITY — Engine Oil: exact 2023 continuity; Oil Capacity: exact 2023 continuity; Oil Plug Torque: exact 2023 continuity. WIX official application matched; NAPA Gold cross-reference derived from WIX/NAPA convention; STP product-level cross-reference validated."",""verification_status"":""incomplete"",""source_files"":""fulloilandfilter2022to2027;release_2022_2027_final_audit""}",incomplete,oil_type;oil_capacity,2024|ford|escape|turbo15
d1ddcc0f15c26576f41f81b3,2024,Ford,Escape,Turbo 2,,,51348,,consolidated:full_oil_filter_workbook,"{""napa_gold_filter"":""1348"",""stp_filter"":""PH2811"",""source_status"":""EXACT_PRIOR_YEAR_CONTINUITY — Engine Oil: exact 2023 continuity; Oil Capacity: exact 2023 continuity; Oil Plug Torque: exact 2023 continuity. WIX official application matched; NAPA Gold cross-reference derived from WIX/NAPA convention; STP product-level cross-reference validated."",""verification_status"":""incomplete"",""source_files"":""fulloilandfilter2022to2027;release_2022_2027_final_audit""}",incomplete,oil_type;oil_capacity,2024|ford|escape|turbo2
5ef8b703230a5756cc361ef0,2024,Ford,Expedition,Turbo 3.5,,,57502,,consolidated:full_oil_filter_workbook,"{""napa_gold_filter"":""7502"",""source_status"":""EXACT_PRIOR_YEAR_CONTINUITY — Engine Oil: exact 2023 continuity; Oil Capacity: exact 2023 continuity; Oil Plug Torque: exact 2023 continuity. WIX official application matched; NAPA Gold cross-reference derived from WIX/NAPA convention; STP cross-reference not verified."",""verification_status"":""incomplete"",""source_files"":""fulloilandfilter2022to2027;release_2022_2027_final_audit""}",incomplete,oil_type;oil_capacity;stp_filter,2024|ford|expedition|turbo35
93893c0f525696961fbda602,2024,Ford,Explorer,Turbo 3,,,WL10050,,consolidated:full_oil_filter_workbook,"{""napa_gold_filter"":""10050"",""stp_filter"":""S11955 / S11955XL"",""source_status"":""EXACT_PRIOR_YEAR_CONTINUITY — Engine Oil: exact 2023 continuity; Oil Capacity: exact 2023 continuity; Oil Plug Torque: exact 2023 continuity. WIX official application matched; NAPA Gold cross-reference derived from WIX/NAPA convention; STP product-level cross-reference validated."",""verification_status"":""incomplete"",""source_files"":""fulloilandfilter2022to2027;release_2022_2027_final_audit""}",incomplete,oil_type;oil_capacity,2024|ford|explorer|turbo3
84471861495ce2fece4a7f8b,2024,Ford,F-150 Hybrid,Turbo 3.5,,,57502,,consolidated:full_oil_filter_workbook,"{""napa_gold_filter"":""7502"",""source_status"":""ENGINE_FILTER_FAMILY_CONTINUITY — Engine Oil: 7/7 same engine/filter family; Oil Capacity: 7/7 same engine/filter family; Oil Plug Torque: 7/7 same engine/filter family. WIX official application matched; NAPA Gold cross-reference derived from WIX/NAPA convention; STP cross-reference not verified."",""verification_status"":""incomplete"",""source_files"":""fulloilandfilter2022to2027;release_2022_2027_final_audit""}",incomplete,oil_type;oil_capacity;stp_filter,2024|ford|f150hybrid|turbo35
c728f4d90aa2cd2998129c39,2024,Ford,F250 Super Duty,6.8,,,51372,,consolidated:full_oil_filter_workbook,"{""napa_gold_filter"":""1372"",""source_status"":""ENGINE_FILTER_FAMILY_CONTINUITY — Engine Oil: 1/1 same engine/filter family; Oil Capacity: 1/1 same engine/filter family; Oil Plug Torque: 1/1 same engine/filter family. WIX official application matched; NAPA Gold cross-reference derived from WIX/NAPA convention; STP cross-reference not verified."",""verification_status"":""incomplete"",""source_files"":""fulloilandfilter2022to2027;release_2022_2027_final_audit""}",incomplete,oil_type;oil_capacity;stp_filter,2024|ford|f250superduty|68
1874d1106cc73a5a92ffbf03,2024,Ford,Maverick,2.5,,,51348,,consolidated:full_oil_filter_workbook,"{""napa_gold_filter"":""1348"",""stp_filter"":""PH2811"",""source_status"":""UNVERIFIED_OIL_SERVICE_DATA — Engine Oil: no validated continuity source; Oil Capacity: no validated continuity source; Oil Plug Torque: no validated continuity source. WIX official application matched; NAPA Gold cross-reference derived from WIX/NAPA convention; STP product-level cross-reference validated."",""verification_status"":""unverified"",""source_files"":""fulloilandfilter2022to2027;release_2022_2027_final_audit""}",unverified,oil_type;oil_capacity,2024|ford|maverick|25
e8f2ab3e290f27a4049a5eac,2024,Ford,Maverick,Turbo 2,,,51348,,consolidated:full_oil_filter_workbook,"{""napa_gold_filter"":""1348"",""stp_filter"":""PH2811"",""source_status"":""EXACT_PRIOR_YEAR_CONTINUITY — Engine Oil: exact 2023 continuity; Oil Capacity: exact 2023 continuity; Oil Plug Torque: exact 2023 continuity. WIX official application matched; NAPA Gold cross-reference derived from WIX/NAPA convention; STP product-level cross-reference validated."",""verification_status"":""incomplete"",""source_files"":""fulloilandfilter2022to2027;release_2022_2027_final_audit""}",incomplete,oil_type;oil_capacity,2024|ford|maverick|turbo2
9b521fef0fa268cb15579137,2024,Ford,Pickup F-Series Super Duty (Up To 550 Series),6.8,,,51372,,consolidated:full_oil_filter_workbook,"{""napa_gold_filter"":""1372"",""source_status"":""EXACT_PRIOR_YEAR_CONTINUITY — Engine Oil: exact 2023 continuity; Oil Capacity: exact 2023 continuity; Oil Plug Torque: exact 2023 continuity. WIX official application matched; NAPA Gold cross-reference derived from WIX/NAPA convention; STP cross-reference not verified."",""verification_status"":""incomplete"",""source_files"":""fulloilandfilter2022to2027;release_2022_2027_final_audit""}",incomplete,oil_type;oil_capacity;stp_filter,2024|ford|pickupfseriessuperdutyupto550series|68
f5b21711ebb671b972eb4424,2024,Ford,Pickup F-Series Super Duty (Up To 550 Series),7.3,,,51372,,consolidated:full_oil_filter_workbook,"{""napa_gold_filter"":""1372"",""source_status"":""EXACT_PRIOR_YEAR_CONTINUITY — Engine Oil: exact 2023 continuity; Oil Capacity: exact 2023 continuity; Oil Plug Torque: exact 2023 continuity. WIX official application matched; NAPA Gold cross-reference derived from WIX/NAPA convention; STP cross-reference not verified."",""verification_status"":""incomplete"",""source_files"":""fulloilandfilter2022to2027;release_2022_2027_final_audit""}",incomplete,oil_type;oil_capacity;stp_filter,2024|ford|pickupfseriessuperdutyupto550series|73
2cb129fb91a7683ea59249c5,2024,Ford,Pickup F-Series Super Duty (Up To 550 Series),Diesel 6.7,,,57151,,consolidated:full_oil_filter_workbook,"{""napa_gold_filter"":""7151"",""stp_filter"":""S10890 / S10890XL"",""source_status"":""EXACT_PRIOR_YEAR_CONTINUITY — Engine Oil: exact 2023 continuity; Oil Capacity: exact 2023 continuity; Oil Plug Torque: exact 2023 continuity. WIX official application matched; NAPA Gold cross-reference derived from WIX/NAPA convention; STP product-level cross-reference validated."",""verification_status"":""incomplete"",""source_files"":""fulloilandfilter2022to2027;release_2022_2027_final_audit""}",incomplete,oil_type;oil_capacity,2024|ford|pickupfseriessuperdutyupto550series|diesel67
1c69f7e977d8dac419e687b0,2024,Ford,Pickup F150 All,5.2,,,57502,,consolidated:full_oil_filter_workbook,"{""napa_gold_filter"":""7502"",""source_status"":""EXACT_PRIOR_YEAR_CONTINUITY — Engine Oil: exact 2023 continuity; Oil Capacity: exact 2023 continuity; Oil Plug Torque: exact 2023 continuity. WIX official application matched; NAPA Gold cross-reference derived from WIX/NAPA convention; STP cross-reference not verified."",""verification_status"":""incomplete"",""source_files"":""fulloilandfilter2022to2027;release_2022_2027_final_audit""}",incomplete,oil_type;oil_capacity;stp_filter,2024|ford|pickupf150all|52
5a7a195cbe6819f1b783d998,2024,Ford,Pickup F150 All,Turbo 3.5,,,57502,,consolidated:full_oil_filter_workbook,"{""napa_gold_filter"":""7502"",""source_status"":""EXACT_PRIOR_YEAR_CONTINUITY — Engine Oil: exact 2023 continuity; Oil Capacity: exact 2023 continuity; Oil Plug Torque: exact 2023 continuity. WIX official application matched; NAPA Gold cross-reference derived from WIX/NAPA convention; STP cross-reference not verified."",""verification_status"":""incomplete"",""source_files"":""fulloilandfilter2022to2027;release_2022_2027_final_audit""}",incomplete,oil_type;oil_capacity;stp_filter,2024|ford|pickupf150all|turbo35
cc6002006e9e0cbe6607be07,2024,Ford,Police Interceptor Utility,3.3,,,57502,,consolidated:full_oil_filter_workbook,"{""napa_gold_filter"":""7502"",""source_status"":""EXACT_PRIOR_YEAR_CONTINUITY — Engine Oil: exact 2023 continuity; Oil Capacity: exact 2023 continuity; Oil Plug Torque: exact 2023 continuity. WIX official application matched; NAPA Gold cross-reference derived from WIX/NAPA convention; STP cross-reference not verified."",""verification_status"":""incomplete"",""source_files"":""fulloilandfilter2022to2027;release_2022_2027_final_audit""}",incomplete,oil_type;oil_capacity;stp_filter,2024|ford|policeinterceptorutility|33
5f321e2da4d48659b58c9bf9,2024,Ford,Police Interceptor Utility,Turbo 3,,,WL10050,,consolidated:full_oil_filter_workbook,"{""napa_gold_filter"":""10050"",""stp_filter"":""S11955 / S11955XL"",""source_status"":""EXACT_PRIOR_YEAR_CONTINUITY — Engine Oil: exact 2023 continuity; Oil Capacity: exact 2023 continuity; Oil Plug Torque: exact 2023 continuity. WIX official application matched; NAPA Gold cross-reference derived from WIX/NAPA convention; STP product-level cross-reference validated."",""verification_status"":""incomplete"",""source_files"":""fulloilandfilter2022to2027;release_2022_2027_final_audit""}",incomplete,oil_type;oil_capacity,2024|ford|policeinterceptorutility|turbo3
a9df00d9a2d3d7bd1302c48c,2024,Ford,Ranger,Turbo 3,,,WL10050,,consolidated:full_oil_filter_workbook,"{""napa_gold_filter"":""10050"",""stp_filter"":""S11955 / S11955XL"",""source_status"":""ENGINE_FILTER_FAMILY_CONTINUITY — Engine Oil: 6/6 same engine/filter family; Oil Capacity: 6/6 same engine/filter family; Oil Plug Torque: 6/6 same engine/filter family. WIX official application matched; NAPA Gold cross-reference derived from WIX/NAPA convention; STP product-level cross-reference validated."",""verification_status"":""incomplete"",""source_files"":""fulloilandfilter2022to2027;release_2022_2027_final_audit""}",incomplete,oil_type;oil_capacity,2024|ford|ranger|turbo3
f6ba44bb5c4a4335d5e768d7,2024,Ford,Transit-150,3.5,,,57502,,consolidated:full_oil_filter_workbook,"{""napa_gold_filter"":""7502"",""source_status"":""EXACT_PRIOR_YEAR_CONTINUITY — Engine Oil: exact 2023 continuity; Oil Capacity: exact 2023 continuity; Oil Plug Torque: exact 2023 continuity. WIX official application matched; NAPA Gold cross-reference derived from WIX/NAPA convention; STP cross-reference not verified."",""verification_status"":""incomplete"",""source_files"":""fulloilandfilter2022to2027;release_2022_2027_final_audit""}",incomplete,oil_type;oil_capacity;stp_filter,2024|ford|transit150|35
2e3389d8a6b4547452cf96e7,2024,Ford,Transit-150,Turbo 3.5,,,57502,,consolidated:full_oil_filter_workbook,"{""napa_gold_filter"":""7502"",""source_status"":""EXACT_PRIOR_YEAR_CONTINUITY — Engine Oil: exact 2023 continuity; Oil Capacity: exact 2023 continuity; Oil Plug Torque: exact 2023 continuity. WIX official application matched; NAPA Gold cross-reference derived from WIX/NAPA convention; STP cross-reference not verified."",""verification_status"":""incomplete"",""source_files"":""fulloilandfilter2022to2027;release_2022_2027_final_audit""}",incomplete,oil_type;oil_capacity;stp_filter,2024|ford|transit150|turbo35
3e479f444720053878abf573,2024,Ford,Transit-250,3.5,,,57502,,consolidated:full_oil_filter_workbook,"{""napa_gold_filter"":""7502"",""source_status"":""EXACT_PRIOR_YEAR_CONTINUITY — Engine Oil: exact 2023 continuity; Oil Capacity: exact 2023 continuity; Oil Plug Torque: exact 2023 continuity. WIX official application matched; NAPA Gold cross-reference derived from WIX/NAPA convention; STP cross-reference not verified."",""verification_status"":""incomplete"",""source_files"":""fulloilandfilter2022to2027;release_2022_2027_final_audit""}",incomplete,oil_type;oil_capacity;stp_filter,2024|ford|transit250|35
f02ddada1595828cfbc06c0d,2024,Ford,Transit-250,Turbo 3.5,,,57502,,consolidated:full_oil_filter_workbook,"{""napa_gold_filter"":""7502"",""source_status"":""EXACT_PRIOR_YEAR_CONTINUITY — Engine Oil: exact 2023 continuity; Oil Capacity: exact 2023 continuity; Oil Plug Torque: exact 2023 continuity. WIX official application matched; NAPA Gold cross-reference derived from WIX/NAPA convention; STP cross-reference not verified."",""verification_status"":""incomplete"",""source_files"":""fulloilandfilter2022to2027;release_2022_2027_final_audit""}",incomplete,oil_type;oil_capacity;stp_filter,2024|ford|transit250|turbo35
ba4ca70bf57082c8aa02d380,2024,Ford,Transit-350,3.5,,,57502,,consolidated:full_oil_filter_workbook,"{""napa_gold_filter"":""7502"",""source_status"":""EXACT_PRIOR_YEAR_CONTINUITY — Engine Oil: exact 2023 continuity; Oil Capacity: exact 2023 continuity; Oil Plug Torque: exact 2023 continuity. WIX official application matched; NAPA Gold cross-reference derived from WIX/NAPA convention; STP cross-reference not verified."",""verification_status"":""incomplete"",""source_files"":""fulloilandfilter2022to2027;release_2022_2027_final_audit""}",incomplete,oil_type;oil_capacity;stp_filter,2024|ford|transit350|35
2fa40a736da39be71411f8c7,2024,Ford,Transit-350,Turbo 3.5,,,57502,,consolidated:full_oil_filter_workbook,"{""napa_gold_filter"":""7502"",""source_status"":""EXACT_PRIOR_YEAR_CONTINUITY — Engine Oil: exact 2023 continuity; Oil Capacity: exact 2023 continuity; Oil Plug Torque: exact 2023 continuity. WIX official application matched; NAPA Gold cross-reference derived from WIX/NAPA convention; STP cross-reference not verified."",""verification_status"":""incomplete"",""source_files"":""fulloilandfilter2022to2027;release_2022_2027_final_audit""}",incomplete,oil_type;oil_capacity;stp_filter,2024|ford|transit350|turbo35
1880ca7caafeacf592f3f01a,2024,Ford,Transit-350 Hd,3.5,,,57502,,consolidated:full_oil_filter_workbook,"{""napa_gold_filter"":""7502"",""source_status"":""EXACT_PRIOR_YEAR_CONTINUITY — Engine Oil: exact 2023 continuity; Oil Capacity: exact 2023 continuity; Oil Plug Torque: exact 2023 continuity. WIX official application matched; NAPA Gold cross-reference derived from WIX/NAPA convention; STP cross-reference not verified."",""verification_status"":""incomplete"",""source_files"":""fulloilandfilter2022to2027;release_2022_2027_final_audit""}",incomplete,oil_type;oil_capacity;stp_filter,2024|ford|transit350hd|35
3a773896294655210ca30d09,2024,Ford,Transit-350 Hd,Turbo 3.5,,,57502,,consolidated:full_oil_filter_workbook,"{""napa_gold_filter"":""7502"",""source_status"":""EXACT_PRIOR_YEAR_CONTINUITY — Engine Oil: exact 2023 continuity; Oil Capacity: exact 2023 continuity; Oil Plug Torque: exact 2023 continuity. WIX official application matched; NAPA Gold cross-reference derived from WIX/NAPA convention; STP cross-reference not verified."",""verification_status"":""incomplete"",""source_files"":""fulloilandfilter2022to2027;release_2022_2027_final_audit""}",incomplete,oil_type;oil_capacity;stp_filter,2024|ford|transit350hd|turbo35
87d9c8108c36c59acd6bd2a6,2024,Ford Trucks,Bronco,Turbo 3,,,WL10050,,consolidated:full_oil_filter_workbook,"{""napa_gold_filter"":""10050"",""stp_filter"":""S11955 / S11955XL"",""source_status"":""EXACT_PRIOR_YEAR_CONTINUITY — Engine Oil: exact 2023 continuity; Oil Capacity: exact 2023 continuity; Oil Plug Torque: exact 2023 continuity. WIX official application matched; NAPA Gold cross-reference derived from WIX/NAPA convention; STP product-level cross-reference validated."",""verification_status"":""incomplete"",""source_files"":""fulloilandfilter2022to2027;release_2022_2027_final_audit""}",incomplete,oil_type;oil_capacity,2024|fordtrucks|bronco|turbo3
b55a39ae6a3d12ebc85a27ce,2024,Ford Trucks,Bronco Sport,Turbo 2,,,51348,,consolidated:full_oil_filter_workbook,"{""napa_gold_filter"":""1348"",""stp_filter"":""PH2811"",""source_status"":""EXACT_PRIOR_YEAR_CONTINUITY — Engine Oil: exact 2023 continuity; Oil Capacity: exact 2023 continuity; Oil Plug Torque: exact 2023 continuity. WIX official application matched; NAPA Gold cross-reference derived from WIX/NAPA convention; STP product-level cross-reference validated."",""verification_status"":""incomplete"",""source_files"":""fulloilandfilter2022to2027;release_2022_2027_final_audit""}",incomplete,oil_type;oil_capacity,2024|fordtrucks|broncosport|turbo2
ec2df2e25baa9f038abb988e,2024,Ford Trucks,Edge,Turbo 2,,,51348,,consolidated:full_oil_filter_workbook,"{""napa_gold_filter"":""1348"",""stp_filter"":""PH2811"",""source_status"":""EXACT_PRIOR_YEAR_CONTINUITY — Engine Oil: exact 2023 continuity; Oil Capacity: exact 2023 continuity; Oil Plug Torque: exact 2023 continuity. WIX official application matched; NAPA Gold cross-reference derived from WIX/NAPA convention; STP product-level cross-reference validated."",""verification_status"":""incomplete"",""source_files"":""fulloilandfilter2022to2027;release_2022_2027_final_audit""}",incomplete,oil_type;oil_capacity,2024|fordtrucks|edge|turbo2
c3de339cdcc427ea1a547d29,2024,Ford Trucks,Escape,Hybrid 2.5,,,51348,,consolidated:full_oil_filter_workbook,"{""napa_gold_filter"":""1348"",""stp_filter"":""PH2811"",""source_status"":""EXACT_PRIOR_YEAR_CONTINUITY — Engine Oil: exact 2023 continuity; Oil Capacity: exact 2023 continuity; Oil Plug Torque: exact 2023 continuity. WIX official application matched; NAPA Gold cross-reference derived from WIX/NAPA convention; STP product-level cross-reference validated."",""verification_status"":""incomplete"",""source_files"":""fulloilandfilter2022to2027;release_2022_2027_final_audit""}",incomplete,oil_type;oil_capacity,2024|fordtrucks|escape|hybrid25
0a4c8a8342dafd3be300a993,2024,Ford Trucks,Escape,Turbo 2,,,51348,,consolidated:full_oil_filter_workbook,"{""napa_gold_filter"":""1348"",""stp_filter"":""PH2811"",""source_status"":""EXACT_PRIOR_YEAR_CONTINUITY — Engine Oil: exact 2023 continuity; Oil Capacity: exact 2023 continuity; Oil Plug Torque: exact 2023 continuity. WIX official application matched; NAPA Gold cross-reference derived from WIX/NAPA convention; STP product-level cross-reference validated."",""verification_status"":""incomplete"",""source_files"":""fulloilandfilter2022to2027;release_2022_2027_final_audit""}",incomplete,oil_type;oil_capacity,2024|fordtrucks|escape|turbo2
a6391adfe57264d74131fca4,2024,Ford Trucks,Explorer,Turbo 3,,,WL10050,,consolidated:full_oil_filter_workbook,"{""napa_gold_filter"":""10050"",""stp_filter"":""S11955 / S11955XL"",""source_status"":""EXACT_PRIOR_YEAR_CONTINUITY — Engine Oil: exact 2023 continuity; Oil Capacity: exact 2023 continuity; Oil Plug Torque: exact 2023 continuity. WIX official application matched; NAPA Gold cross-reference derived from WIX/NAPA convention; STP product-level cross-reference validated."",""verification_status"":""incomplete"",""source_files"":""fulloilandfilter2022to2027;release_2022_2027_final_audit""}",incomplete,oil_type;oil_capacity,2024|fordtrucks|explorer|turbo3
1f75de7b6b8c18c1181f2f6e,2024,Ford Trucks,F250 Super Duty,6.8,,,51372,,consolidated:full_oil_filter_workbook,"{""napa_gold_filter"":""1372"",""source_status"":""ENGINE_FILTER_FAMILY_CONTINUITY — Engine Oil: 1/1 same engine/filter family; Oil Capacity: 1/1 same engine/filter family; Oil Plug Torque: 1/1 same engine/filter family. WIX official application matched; NAPA Gold cross-reference derived from WIX/NAPA convention; STP cross-reference not verified."",""verification_status"":""incomplete"",""source_files"":""fulloilandfilter2022to2027;release_2022_2027_final_audit""}",incomplete,oil_type;oil_capacity;stp_filter,2024|fordtrucks|f250superduty|68
387288f561dfb75f162da6b6,2024,Ford Trucks,Maverick,Turbo 2,,,51348,,consolidated:full_oil_filter_workbook,"{""napa_gold_filter"":""1348"",""stp_filter"":""PH2811"",""source_status"":""EXACT_PRIOR_YEAR_CONTINUITY — Engine Oil: exact 2023 continuity; Oil Capacity: exact 2023 continuity; Oil Plug Torque: exact 2023 continuity. WIX official application matched; NAPA Gold cross-reference derived from WIX/NAPA convention; STP product-level cross-reference validated."",""verification_status"":""incomplete"",""source_files"":""fulloilandfilter2022to2027;release_2022_2027_final_audit""}",incomplete,oil_type;oil_capacity,2024|fordtrucks|maverick|turbo2
2e4a4b07dd49ee5737d2ec71,2024,Ford Trucks,Pickup F-Series Super Duty (Up To 550 Series),6.8,,,51372,,consolidated:full_oil_filter_workbook,"{""napa_gold_filter"":""1372"",""source_status"":""EXACT_PRIOR_YEAR_CONTINUITY — Engine Oil: exact 2023 continuity; Oil Capacity: exact 2023 continuity; Oil Plug Torque: exact 2023 continuity. WIX official application matched; NAPA Gold cross-reference derived from WIX/NAPA convention; STP cross-reference not verified."",""verification_status"":""incomplete"",""source_files"":""fulloilandfilter2022to2027;release_2022_2027_final_audit""}",incomplete,oil_type;oil_capacity;stp_filter,2024|fordtrucks|pickupfseriessuperdutyupto550series|68
df9c2061f2c6a80d8facddb4,2024,Ford Trucks,Pickup F-Series Super Duty (Up To 550 Series),Diesel 6.7,,,57151,,consolidated:full_oil_filter_workbook,"{""napa_gold_filter"":""7151"",""stp_filter"":""S10890 / S10890XL"",""source_status"":""EXACT_PRIOR_YEAR_CONTINUITY — Engine Oil: exact 2023 continuity; Oil Capacity: exact 2023 continuity; Oil Plug Torque: exact 2023 continuity. WIX official application matched; NAPA Gold cross-reference derived from WIX/NAPA convention; STP product-level cross-reference validated."",""verification_status"":""incomplete"",""source_files"":""fulloilandfilter2022to2027;release_2022_2027_final_audit""}",incomplete,oil_type;oil_capacity,2024|fordtrucks|pickupfseriessuperdutyupto550series|diesel67
73993a2f918fa58631b130a1,2024,Ford Trucks,Pickup F150 All,5.2,,,57502,,consolidated:full_oil_filter_workbook,"{""napa_gold_filter"":""7502"",""source_status"":""EXACT_PRIOR_YEAR_CONTINUITY — Engine Oil: exact 2023 continuity; Oil Capacity: exact 2023 continuity; Oil Plug Torque: exact 2023 continuity. WIX official application matched; NAPA Gold cross-reference derived from WIX/NAPA convention; STP cross-reference not verified."",""verification_status"":""incomplete"",""source_files"":""fulloilandfilter2022to2027;release_2022_2027_final_audit""}",incomplete,oil_type;oil_capacity;stp_filter,2024|fordtrucks|pickupf150all|52
7a10f02838b7c70c3e021b6e,2024,Ford Trucks,Police Interceptor Utility,Turbo 3,,,WL10050,,consolidated:full_oil_filter_workbook,"{""napa_gold_filter"":""10050"",""stp_filter"":""S11955 / S11955XL"",""source_status"":""EXACT_PRIOR_YEAR_CONTINUITY — Engine Oil: exact 2023 continuity; Oil Capacity: exact 2023 continuity; Oil Plug Torque: exact 2023 continuity. WIX official application matched; NAPA Gold cross-reference derived from WIX/NAPA convention; STP product-level cross-reference validated."",""verification_status"":""incomplete"",""source_files"":""fulloilandfilter2022to2027;release_2022_2027_final_audit""}",incomplete,oil_type;oil_capacity,2024|fordtrucks|policeinterceptorutility|turbo3
c3a7ce51d833810cd7a6abf5,2024,Ford Trucks,Ranger,Turbo 3,,,WL10050,,consolidated:full_oil_filter_workbook,"{""napa_gold_filter"":""10050"",""stp_filter"":""S11955 / S11955XL"",""source_status"":""ENGINE_FILTER_FAMILY_CONTINUITY — Engine Oil: 6/6 same engine/filter family; Oil Capacity: 6/6 same engine/filter family; Oil Plug Torque: 6/6 same engine/filter family. WIX official application matched; NAPA Gold cross-reference derived from WIX/NAPA convention; STP product-level cross-reference validated."",""verification_status"":""incomplete"",""source_files"":""fulloilandfilter2022to2027;release_2022_2027_final_audit""}",incomplete,oil_type;oil_capacity,2024|fordtrucks|ranger|turbo3
05758d44e1c6ab59bb772c00,2024,GMC Trucks,Acadia,Turbo 2.5,,,WL10351,,consolidated:full_oil_filter_workbook,"{""napa_gold_filter"":""10351"",""stp_filter"":""S45008"",""source_status"":""UNVERIFIED_OIL_SERVICE_DATA — Engine Oil: no validated continuity source; Oil Capacity: no validated continuity source; Oil Plug Torque: no validated continuity source. WIX official application matched; NAPA Gold cross-reference derived from WIX/NAPA convention; STP product-level cross-reference validated."",""verification_status"":""unverified"",""source_files"":""fulloilandfilter2022to2027;release_2022_2027_final_audit""}",unverified,oil_type;oil_capacity,2024|gmctrucks|acadia|turbo25
62b09dc41a30db264f0da957,2024,GMC Trucks,Sierra 1500,Diesel 3,,,WL10351,,consolidated:full_oil_filter_workbook,"{""napa_gold_filter"":""10351"",""stp_filter"":""S45008"",""source_status"":""EXACT_PRIOR_YEAR_CONTINUITY — Engine Oil: exact 2023 continuity; Oil Capacity: exact 2023 continuity; Oil Plug Torque: exact 2023 continuity. WIX official application matched; NAPA Gold cross-reference derived from WIX/NAPA convention; STP product-level cross-reference validated."",""verification_status"":""incomplete"",""source_files"":""fulloilandfilter2022to2027;release_2022_2027_final_audit""}",incomplete,oil_type;oil_capacity,2024|gmctrucks|sierra1500|diesel3
a493843e79f2fc1da08e5864,2024,GMC Trucks,Yukon,Diesel 3,,,WL10351,,consolidated:full_oil_filter_workbook,"{""napa_gold_filter"":""10351"",""stp_filter"":""S45008"",""source_status"":""EXACT_PRIOR_YEAR_CONTINUITY — Engine Oil: exact 2023 continuity; Oil Capacity: exact 2023 continuity; Oil Plug Torque: exact 2023 continuity. WIX official application matched; NAPA Gold cross-reference derived from WIX/NAPA convention; STP product-level cross-reference validated."",""verification_status"":""incomplete"",""source_files"":""fulloilandfilter2022to2027;release_2022_2027_final_audit""}",incomplete,oil_type;oil_capacity,2024|gmctrucks|yukon|diesel3
9b7fb27c022f03c39e105fcf,2024,GMC Trucks,Yukon Xl,Diesel 3,,,WL10351,,consolidated:full_oil_filter_workbook,"{""napa_gold_filter"":""10351"",""stp_filter"":""S45008"",""source_status"":""EXACT_PRIOR_YEAR_CONTINUITY — Engine Oil: exact 2023 continuity; Oil Capacity: exact 2023 continuity; Oil Plug Torque: exact 2023 continuity. WIX official application matched; NAPA Gold cross-reference derived from WIX/NAPA convention; STP product-level cross-reference validated."",""verification_status"":""incomplete"",""source_files"":""fulloilandfilter2022to2027;release_2022_2027_final_audit""}",incomplete,oil_type;oil_capacity,2024|gmctrucks|yukonxl|diesel3
32676d18551f47af97f6f6ca,2024,Honda,Accord,Hybrid 2,,,57356,,consolidated:full_oil_filter_workbook,"{""napa_gold_filter"":""7356"",""source_status"":""EXACT_PRIOR_YEAR_CONTINUITY — Engine Oil: exact 2023 continuity; Oil Capacity: exact 2023 continuity; Oil Plug Torque: exact 2023 continuity. WIX official application matched; NAPA Gold cross-reference derived from WIX/NAPA convention; STP cross-reference not verified."",""verification_status"":""incomplete"",""source_files"":""fulloilandfilter2022to2027;release_2022_2027_final_audit""}",incomplete,oil_type;oil_capacity;stp_filter,2024|honda|accord|hybrid2
2f9b103511d4ebbed7513632,2024,Honda,Civic,Turbo 2,,,57356,,consolidated:full_oil_filter_workbook,"{""napa_gold_filter"":""7356"",""source_status"":""EXACT_PRIOR_YEAR_CONTINUITY — Engine Oil: exact 2023 continuity; Oil Capacity: exact 2023 continuity; Oil Plug Torque: exact 2023 continuity. WIX official application matched; NAPA Gold cross-reference derived from WIX/NAPA convention; STP cross-reference not verified."",""verification_status"":""incomplete"",""source_files"":""fulloilandfilter2022to2027;release_2022_2027_final_audit""}",incomplete,oil_type;oil_capacity;stp_filter,2024|honda|civic|turbo2
6c018c9633175358198246d6,2024,Honda,Cr-V,Hybrid 2,,,57356,,consolidated:full_oil_filter_workbook,"{""napa_gold_filter"":""7356"",""source_status"":""EXACT_PRIOR_YEAR_CONTINUITY — Engine Oil: exact 2023 continuity; Oil Capacity: exact 2023 continuity; Oil Plug Torque: exact 2023 continuity. WIX official application matched; NAPA Gold cross-reference derived from WIX/NAPA convention; STP cross-reference not verified."",""verification_status"":""incomplete"",""source_files"":""fulloilandfilter2022to2027;release_2022_2027_final_audit""}",incomplete,oil_type;oil_capacity;stp_filter,2024|honda|crv|hybrid2
25f8df6490e1fb3a72aecda8,2024,Hyundai,Elantra,Hybrid 1.6,,,51334,,consolidated:full_oil_filter_workbook,"{""napa_gold_filter"":""1334"",""stp_filter"":""PH7010"",""source_status"":""EXACT_PRIOR_YEAR_CONTINUITY — Engine Oil: exact 2023 continuity; Oil Capacity: exact 2023 continuity; Oil Plug Torque: exact 2023 continuity. WIX official application matched; NAPA Gold cross-reference derived from WIX/NAPA convention; STP product-level cross-reference validated."",""verification_status"":""incomplete"",""source_files"":""fulloilandfilter2022to2027;release_2022_2027_final_audit""}",incomplete,oil_type;oil_capacity,2024|hyundai|elantra|hybrid16
118386f3822fef1d488fdc96,2024,Hyundai,Elantra N,Turbo 2,,,51334,,consolidated:full_oil_filter_workbook,"{""napa_gold_filter"":""1334"",""stp_filter"":""PH7010"",""source_status"":""EXACT_PRIOR_YEAR_CONTINUITY — Engine Oil: exact 2023 continuity; Oil Capacity: exact 2023 continuity; Oil Plug Torque: exact 2023 continuity. WIX official application matched; NAPA Gold cross-reference derived from WIX/NAPA convention; STP product-level cross-reference validated."",""verification_status"":""incomplete"",""source_files"":""fulloilandfilter2022to2027;release_2022_2027_final_audit""}",incomplete,oil_type;oil_capacity,2024|hyundai|elantran|turbo2
34c6eedd82559edd7833c0d9,2024,Hyundai,GRAND i10,1,,,51334,,consolidated:full_oil_filter_workbook,"{""napa_gold_filter"":""1334"",""stp_filter"":""PH7010"",""source_status"":""UNVERIFIED_OIL_SERVICE_DATA — Engine Oil: no validated continuity source; Oil Capacity: no validated continuity source; Oil Plug Torque: no validated continuity source. WIX official application matched; NAPA Gold cross-reference derived from WIX/NAPA convention; STP product-level cross-reference validated."",""verification_status"":""unverified"",""source_files"":""fulloilandfilter2022to2027;release_2022_2027_final_audit""}",unverified,oil_type;oil_capacity,2024|hyundai|grandi10|1
1a5b18b8c4dbb39468a3991a,2024,Infiniti,Q50,Turbo 3,,,51358,,consolidated:full_oil_filter_workbook,"{""napa_gold_filter"":""1358"",""stp_filter"":""PH2865 / PH7028"",""source_status"":""EXACT_PRIOR_YEAR_CONTINUITY — Engine Oil: exact 2023 continuity; Oil Capacity: exact 2023 continuity; Oil Plug Torque: exact 2023 continuity. WIX official application matched; NAPA Gold cross-reference derived from WIX/NAPA convention; STP product-level cross-reference validated."",""verification_status"":""incomplete"",""source_files"":""fulloilandfilter2022to2027;release_2022_2027_final_audit""}",incomplete,oil_type;oil_capacity,2024|infiniti|q50|turbo3
9f9db79bc80a4cdda39fc881,2024,Infiniti,Qx50,Turbo 2,,,51358,,consolidated:full_oil_filter_workbook,"{""napa_gold_filter"":""1358"",""stp_filter"":""PH2865 / PH7028"",""source_status"":""EXACT_PRIOR_YEAR_CONTINUITY — Engine Oil: exact 2023 continuity; Oil Capacity: exact 2023 continuity; Oil Plug Torque: exact 2023 continuity. WIX official application matched; NAPA Gold cross-reference derived from WIX/NAPA convention; STP product-level cross-reference validated."",""verification_status"":""incomplete"",""source_files"":""fulloilandfilter2022to2027;release_2022_2027_final_audit""}",incomplete,oil_type;oil_capacity,2024|infiniti|qx50|turbo2
7699b90b6012c8d178938b47,2024,Infiniti,Qx55,Turbo 2,,,51358,,consolidated:full_oil_filter_workbook,"{""napa_gold_filter"":""1358"",""stp_filter"":""PH2865 / PH7028"",""source_status"":""EXACT_PRIOR_YEAR_CONTINUITY — Engine Oil: exact 2023 continuity; Oil Capacity: exact 2023 continuity; Oil Plug Torque: exact 2023 continuity. WIX official application matched; NAPA Gold cross-reference derived from WIX/NAPA convention; STP product-level cross-reference validated."",""verification_status"":""incomplete"",""source_files"":""fulloilandfilter2022to2027;release_2022_2027_final_audit""}",incomplete,oil_type;oil_capacity,2024|infiniti|qx55|turbo2
b6f26747f24228f7c2caf802,2024,Jaguar,E-Pace,Turbo 2,,,WL10419,,consolidated:full_oil_filter_workbook,"{""napa_gold_filter"":""10419"",""stp_filter"":""S45004"",""source_status"":""EXACT_PRIOR_YEAR_CONTINUITY — Engine Oil: exact 2023 continuity; Oil Capacity: exact 2023 continuity; Oil Plug Torque: exact 2023 continuity. WIX official application matched; NAPA Gold cross-reference derived from WIX/NAPA convention; STP product-level cross-reference validated."",""verification_status"":""incomplete"",""source_files"":""fulloilandfilter2022to2027;release_2022_2027_final_audit""}",incomplete,oil_type;oil_capacity,2024|jaguar|epace|turbo2
7a9a61eb77d6b1894c4aa817,2024,Jaguar,F-Pace,Turbo 2,,,WL10419,,consolidated:full_oil_filter_workbook,"{""napa_gold_filter"":""10419"",""stp_filter"":""S45004"",""source_status"":""EXACT_PRIOR_YEAR_CONTINUITY — Engine Oil: exact 2023 continuity; Oil Capacity: exact 2023 continuity; Oil Plug Torque: exact 2023 continuity. WIX official application matched; NAPA Gold cross-reference derived from WIX/NAPA convention; STP product-level cross-reference validated."",""verification_status"":""incomplete"",""source_files"":""fulloilandfilter2022to2027;release_2022_2027_final_audit""}",incomplete,oil_type;oil_capacity,2024|jaguar|fpace|turbo2
b7eeb3b7559b484b4df6402a,2024,Jaguar,F-Pace,Turbo 3,,,WL10513,,consolidated:full_oil_filter_workbook,"{""napa_gold_filter"":""10513"",""source_status"":""EXACT_PRIOR_YEAR_CONTINUITY — Engine Oil: exact 2023 continuity; Oil Capacity: exact 2023 continuity; Oil Plug Torque: exact 2023 continuity. WIX official application matched; NAPA Gold cross-reference derived from WIX/NAPA convention; STP cross-reference not verified."",""verification_status"":""incomplete"",""source_files"":""fulloilandfilter2022to2027;release_2022_2027_final_audit""}",incomplete,oil_type;oil_capacity;stp_filter,2024|jaguar|fpace|turbo3
5d2ebf44c55815616253adb8,2024,Jaguar,Xf,Turbo 2,,,WL10419,,consolidated:full_oil_filter_workbook,"{""napa_gold_filter"":""10419"",""stp_filter"":""S45004"",""source_status"":""EXACT_PRIOR_YEAR_CONTINUITY — Engine Oil: exact 2023 continuity; Oil Capacity: exact 2023 continuity; Oil Plug Torque: exact 2023 continuity. WIX official application matched; NAPA Gold cross-reference derived from WIX/NAPA convention; STP product-level cross-reference validated."",""verification_status"":""incomplete"",""source_files"":""fulloilandfilter2022to2027;release_2022_2027_final_audit""}",incomplete,oil_type;oil_capacity,2024|jaguar|xf|turbo2
4be957a48846ee1843a469eb,2024,Jeep,Compass,Turbo 2,,,57060,,consolidated:full_oil_filter_workbook,"{""napa_gold_filter"":""7060"",""stp_filter"":""S3506"",""source_status"":""EXACT_PRIOR_YEAR_CONTINUITY — Engine Oil: exact 2023 continuity; Oil Capacity: exact 2023 continuity; Oil Plug Torque: exact 2023 continuity. WIX official application matched; NAPA Gold cross-reference derived from WIX/NAPA convention; STP product-level cross-reference validated."",""verification_status"":""incomplete"",""source_files"":""fulloilandfilter2022to2027;release_2022_2027_final_audit""}",incomplete,oil_type;oil_capacity,2024|jeep|compass|turbo2
9be0fe9ed96bc4c5a2044af3,2024,Jeep,Grand Cherokee,Turbo 2,,,57060,,consolidated:full_oil_filter_workbook,"{""napa_gold_filter"":""7060"",""stp_filter"":""S3506"",""source_status"":""EXACT_PRIOR_YEAR_CONTINUITY — Engine Oil: exact 2023 continuity; Oil Capacity: exact 2023 continuity; Oil Plug Torque: exact 2023 continuity. WIX official application matched; NAPA Gold cross-reference derived from WIX/NAPA convention; STP product-level cross-reference validated."",""verification_status"":""incomplete"",""source_files"":""fulloilandfilter2022to2027;release_2022_2027_final_audit""}",incomplete,oil_type;oil_capacity,2024|jeep|grandcherokee|turbo2
1f20926f1fb1c1324588dd5e,2024,Jeep,Grand Wagoneer,Turbo 3,,,57045,,consolidated:full_oil_filter_workbook,"{""napa_gold_filter"":""7045"",""stp_filter"":""S10590 / S10590XL"",""source_status"":""EXACT_PRIOR_YEAR_CONTINUITY — Engine Oil: exact 2023 continuity; Oil Capacity: exact 2023 continuity; Oil Plug Torque: exact 2023 continuity. WIX official application matched; NAPA Gold cross-reference derived from WIX/NAPA convention; STP product-level cross-reference validated."",""verification_status"":""incomplete"",""source_files"":""fulloilandfilter2022to2027;release_2022_2027_final_audit""}",incomplete,oil_type;oil_capacity,2024|jeep|grandwagoneer|turbo3
e40ac2e75049f599a3c5a3c6,2024,Jeep,Grand Wagoneer L,Turbo 3,,,WL10255,,consolidated:full_oil_filter_workbook,"{""napa_gold_filter"":""10255"",""stp_filter"":""S45013"",""source_status"":""EXACT_PRIOR_YEAR_CONTINUITY — Engine Oil: exact 2023 continuity; Oil Capacity: exact 2023 continuity; Oil Plug Torque: exact 2023 continuity. WIX official application matched; NAPA Gold cross-reference derived from WIX/NAPA convention; STP product-level cross-reference validated."",""verification_status"":""incomplete"",""source_files"":""fulloilandfilter2022to2027;release_2022_2027_final_audit""}",incomplete,oil_type;oil_capacity,2024|jeep|grandwagoneerl|turbo3
c7c5610618c63b89876ef2b7,2024,Jeep,Wagoneer,Turbo 3,,,WL10255,,consolidated:full_oil_filter_workbook,"{""napa_gold_filter"":""10255"",""stp_filter"":""S45013"",""source_status"":""EXACT_PRIOR_YEAR_CONTINUITY — Engine Oil: exact 2023 continuity; Oil Capacity: exact 2023 continuity; Oil Plug Torque: exact 2023 continuity. WIX official application matched; NAPA Gold cross-reference derived from WIX/NAPA convention; STP product-level cross-reference validated."",""verification_status"":""incomplete"",""source_files"":""fulloilandfilter2022to2027;release_2022_2027_final_audit""}",incomplete,oil_type;oil_capacity,2024|jeep|wagoneer|turbo3
86127f2c78574d830d589725,2024,Jeep,Wagoneer L,Turbo 3,,,57045,,consolidated:full_oil_filter_workbook,"{""napa_gold_filter"":""7045"",""stp_filter"":""S10590 / S10590XL"",""source_status"":""EXACT_PRIOR_YEAR_CONTINUITY — Engine Oil: exact 2023 continuity; Oil Capacity: exact 2023 continuity; Oil Plug Torque: exact 2023 continuity. WIX official application matched; NAPA Gold cross-reference derived from WIX/NAPA convention; STP product-level cross-reference validated."",""verification_status"":""incomplete"",""source_files"":""fulloilandfilter2022to2027;release_2022_2027_final_audit""}",incomplete,oil_type;oil_capacity,2024|jeep|wagoneerl|turbo3
057fe242c7c0fc83cecd19b6,2024,Jeep,Wrangler,Turbo 2,,,57060,,consolidated:full_oil_filter_workbook,"{""napa_gold_filter"":""7060"",""stp_filter"":""S3506"",""source_status"":""EXACT_PRIOR_YEAR_CONTINUITY — Engine Oil: exact 2023 continuity; Oil Capacity: exact 2023 continuity; Oil Plug Torque: exact 2023 continuity. WIX official application matched; NAPA Gold cross-reference derived from WIX/NAPA convention; STP product-level cross-reference validated."",""verification_status"":""incomplete"",""source_files"":""fulloilandfilter2022to2027;release_2022_2027_final_audit""}",incomplete,oil_type;oil_capacity,2024|jeep|wrangler|turbo2
500f55ac8685ef92c1e7389a,2024,Land Rover,Defender 110,Turbo 2,,,WL10419,,consolidated:full_oil_filter_workbook,"{""napa_gold_filter"":""10419"",""stp_filter"":""S45004"",""source_status"":""EXACT_PRIOR_YEAR_CONTINUITY — Engine Oil: exact 2023 continuity; Oil Capacity: exact 2023 continuity; Oil Plug Torque: exact 2023 continuity. WIX official application matched; NAPA Gold cross-reference derived from WIX/NAPA convention; STP product-level cross-reference validated."",""verification_status"":""incomplete"",""source_files"":""fulloilandfilter2022to2027;release_2022_2027_final_audit""}",incomplete,oil_type;oil_capacity,2024|landrover|defender110|turbo2
0b0705bf4a7f27d18da72466,2024,Land Rover,Defender 110,Turbo 3,,,WL10513,,consolidated:full_oil_filter_workbook,"{""napa_gold_filter"":""10513"",""source_status"":""EXACT_PRIOR_YEAR_CONTINUITY — Engine Oil: exact 2023 continuity; Oil Capacity: exact 2023 continuity; Oil Plug Torque: exact 2023 continuity. WIX official application matched; NAPA Gold cross-reference derived from WIX/NAPA convention; STP cross-reference not verified."",""verification_status"":""incomplete"",""source_files"":""fulloilandfilter2022to2027;release_2022_2027_final_audit""}",incomplete,oil_type;oil_capacity;stp_filter,2024|landrover|defender110|turbo3
3ab31661e988bc98b7c98436,2024,Land Rover,Defender 90,Turbo 2,,,WL10419,,consolidated:full_oil_filter_workbook,"{""napa_gold_filter"":""10419"",""stp_filter"":""S45004"",""source_status"":""EXACT_PRIOR_YEAR_CONTINUITY — Engine Oil: exact 2023 continuity; Oil Capacity: exact 2023 continuity; Oil Plug Torque: exact 2023 continuity. WIX official application matched; NAPA Gold cross-reference derived from WIX/NAPA convention; STP product-level cross-reference validated."",""verification_status"":""incomplete"",""source_files"":""fulloilandfilter2022to2027;release_2022_2027_final_audit""}",incomplete,oil_type;oil_capacity,2024|landrover|defender90|turbo2
7b9f1c8cbfbe5cfc13cecf52,2024,Land Rover,Defender 90,Turbo 3,,,WL10513,,consolidated:full_oil_filter_workbook,"{""napa_gold_filter"":""10513"",""source_status"":""EXACT_PRIOR_YEAR_CONTINUITY — Engine Oil: exact 2023 continuity; Oil Capacity: exact 2023 continuity; Oil Plug Torque: exact 2023 continuity. WIX official application matched; NAPA Gold cross-reference derived from WIX/NAPA convention; STP cross-reference not verified."",""verification_status"":""incomplete"",""source_files"":""fulloilandfilter2022to2027;release_2022_2027_final_audit""}",incomplete,oil_type;oil_capacity;stp_filter,2024|landrover|defender90|turbo3
bab85f078b4af3ff02e81e81,2024,Land Rover,Discovery,Turbo 2,,,WL10419,,consolidated:full_oil_filter_workbook,"{""napa_gold_filter"":""10419"",""stp_filter"":""S45004"",""source_status"":""EXACT_PRIOR_YEAR_CONTINUITY — Engine Oil: exact 2023 continuity; Oil Capacity: exact 2023 continuity; Oil Plug Torque: exact 2023 continuity. WIX official application matched; NAPA Gold cross-reference derived from WIX/NAPA convention; STP product-level cross-reference validated."",""verification_status"":""incomplete"",""source_files"":""fulloilandfilter2022to2027;release_2022_2027_final_audit""}",incomplete,oil_type;oil_capacity,2024|landrover|discovery|turbo2
85fb4fada130362f872ecf31,2024,Land Rover,Discovery,Turbo 3,,,WL10513,,consolidated:full_oil_filter_workbook,"{""napa_gold_filter"":""10513"",""source_status"":""EXACT_PRIOR_YEAR_CONTINUITY — Engine Oil: exact 2023 continuity; Oil Capacity: exact 2023 continuity; Oil Plug Torque: exact 2023 continuity. WIX official application matched; NAPA Gold cross-reference derived from WIX/NAPA convention; STP cross-reference not verified."",""verification_status"":""incomplete"",""source_files"":""fulloilandfilter2022to2027;release_2022_2027_final_audit""}",incomplete,oil_type;oil_capacity;stp_filter,2024|landrover|discovery|turbo3
3f91657884ca269d36561fdf,2024,Land Rover,Discovery Sport,Turbo 2,,,WL10419,,consolidated:full_oil_filter_workbook,"{""napa_gold_filter"":""10419"",""stp_filter"":""S45004"",""source_status"":""EXACT_PRIOR_YEAR_CONTINUITY — Engine Oil: exact 2023 continuity; Oil Capacity: exact 2023 continuity; Oil Plug Torque: exact 2023 continuity. WIX official application matched; NAPA Gold cross-reference derived from WIX/NAPA convention; STP product-level cross-reference validated."",""verification_status"":""incomplete"",""source_files"":""fulloilandfilter2022to2027;release_2022_2027_final_audit""}",incomplete,oil_type;oil_capacity,2024|landrover|discoverysport|turbo2
1d4f30e773a50dbbe939b51a,2024,Land Rover,Range Rover,Turbo 4.4,,,57279,,consolidated:full_oil_filter_workbook,"{""napa_gold_filter"":""7279"",""stp_filter"":""S10992 / S10992XL"",""source_status"":""EXACT_PRIOR_YEAR_CONTINUITY — Engine Oil: exact 2023 continuity; Oil Capacity: exact 2023 continuity; Oil Plug Torque: exact 2023 continuity. WIX official application matched; NAPA Gold cross-reference derived from WIX/NAPA convention; STP product-level cross-reference validated."",""verification_status"":""incomplete"",""source_files"":""fulloilandfilter2022to2027;release_2022_2027_final_audit""}",incomplete,oil_type;oil_capacity,2024|landrover|rangerover|turbo44
be8e09814e21b320803e626b,2024,Land Rover,Range Rover Evoque,Turbo 2,,,WL10419,,consolidated:full_oil_filter_workbook,"{""napa_gold_filter"":""10419"",""stp_filter"":""S45004"",""source_status"":""EXACT_PRIOR_YEAR_CONTINUITY — Engine Oil: exact 2023 continuity; Oil Capacity: exact 2023 continuity; Oil Plug Torque: exact 2023 continuity. WIX official application matched; NAPA Gold cross-reference derived from WIX/NAPA convention; STP product-level cross-reference validated."",""verification_status"":""incomplete"",""source_files"":""fulloilandfilter2022to2027;release_2022_2027_final_audit""}",incomplete,oil_type;oil_capacity,2024|landrover|rangeroverevoque|turbo2
06afb66c5a2ca852e8b958d0,2024,Land Rover,Range Rover Sport,Turbo 4.4,,,57279,,consolidated:full_oil_filter_workbook,"{""napa_gold_filter"":""7279"",""stp_filter"":""S10992 / S10992XL"",""source_status"":""EXACT_PRIOR_YEAR_CONTINUITY — Engine Oil: exact 2023 continuity; Oil Capacity: exact 2023 continuity; Oil Plug Torque: exact 2023 continuity. WIX official application matched; NAPA Gold cross-reference derived from WIX/NAPA convention; STP product-level cross-reference validated."",""verification_status"":""incomplete"",""source_files"":""fulloilandfilter2022to2027;release_2022_2027_final_audit""}",incomplete,oil_type;oil_capacity,2024|landrover|rangeroversport|turbo44
1e73c4b0f48c9f0449d70495,2024,Land Rover,Range Rover Velar,Turbo 2,,,WL10419,,consolidated:full_oil_filter_workbook,"{""napa_gold_filter"":""10419"",""stp_filter"":""S45004"",""source_status"":""EXACT_PRIOR_YEAR_CONTINUITY — Engine Oil: exact 2023 continuity; Oil Capacity: exact 2023 continuity; Oil Plug Torque: exact 2023 continuity. WIX official application matched; NAPA Gold cross-reference derived from WIX/NAPA convention; STP product-level cross-reference validated."",""verification_status"":""incomplete"",""source_files"":""fulloilandfilter2022to2027;release_2022_2027_final_audit""}",incomplete,oil_type;oil_capacity,2024|landrover|rangerovervelar|turbo2
f2acfafb23567af21dc8474b,2024,Land Rover,Range Rover Velar,Turbo 3,,,WL10513,,consolidated:full_oil_filter_workbook,"{""napa_gold_filter"":""10513"",""source_status"":""EXACT_PRIOR_YEAR_CONTINUITY — Engine Oil: exact 2023 continuity; Oil Capacity: exact 2023 continuity; Oil Plug Torque: exact 2023 continuity. WIX official application matched; NAPA Gold cross-reference derived from WIX/NAPA convention; STP cross-reference not verified."",""verification_status"":""incomplete"",""source_files"":""fulloilandfilter2022to2027;release_2022_2027_final_audit""}",incomplete,oil_type;oil_capacity;stp_filter,2024|landrover|rangerovervelar|turbo3
2e1fd721852d2963ad7e8dca,2024,Lexus,Gx550,Turbo 3.4,0W-20,7.7 qts. with filter,57145,,consolidated:full_oil_filter_workbook,"{""napa_gold_filter"":""7145"",""source_status"":""UNVERIFIED_OIL_SERVICE_DATA — Engine Oil: no validated continuity source; Oil Capacity: no validated continuity source; Oil Plug Torque: no validated continuity source. WIX official application matched; NAPA Gold cross-reference derived from WIX/NAPA convention; STP cross-reference not verified."",""verification_status"":""unverified"",""source_files"":""fulloilandfilter2022to2027;release_2022_2027_final_audit;yearmakemodel.json;completevehiclelist.xlsx-Sheet1.csv""}",unverified,stp_filter,2024|lexus|gx550|turbo34
4542e62b7f44cf69ffae87f3,2024,Lexus,Is 300,Turbo 2,,,57047,,consolidated:full_oil_filter_workbook,"{""napa_gold_filter"":""7047"",""stp_filter"":""S9972 / S9972XL"",""source_status"":""EXACT_PRIOR_YEAR_CONTINUITY — Engine Oil: exact 2023 continuity; Oil Capacity: exact 2023 continuity; Oil Plug Torque: exact 2023 continuity. WIX official application matched; NAPA Gold cross-reference derived from WIX/NAPA convention; STP product-level cross-reference validated."",""verification_status"":""incomplete"",""source_files"":""fulloilandfilter2022to2027;release_2022_2027_final_audit""}",incomplete,oil_type;oil_capacity,2024|lexus|is300|turbo2
8c664cdd9dcf60bb7b0cc4a6,2024,Lexus,Rc 300,Turbo 2,,,57047,,consolidated:full_oil_filter_workbook,"{""napa_gold_filter"":""7047"",""stp_filter"":""S9972 / S9972XL"",""source_status"":""EXACT_PRIOR_YEAR_CONTINUITY — Engine Oil: exact 2023 continuity; Oil Capacity: exact 2023 continuity; Oil Plug Torque: exact 2023 continuity. WIX official application matched; NAPA Gold cross-reference derived from WIX/NAPA convention; STP product-level cross-reference validated."",""verification_status"":""incomplete"",""source_files"":""fulloilandfilter2022to2027;release_2022_2027_final_audit""}",incomplete,oil_type;oil_capacity,2024|lexus|rc300|turbo2
d24b6c01624cd6a6efbc94f9,2024,Lexus,UX 250h,Hybrid 2,,,51394,,consolidated:full_oil_filter_workbook,"{""napa_gold_filter"":""1394"",""source_status"":""EXACT_PRIOR_YEAR_CONTINUITY — Engine Oil: exact 2023 continuity; Oil Capacity: exact 2023 continuity; Oil Plug Torque: exact 2023 continuity. WIX official application matched; NAPA Gold cross-reference derived from WIX/NAPA convention; STP cross-reference not verified."",""verification_status"":""incomplete"",""source_files"":""fulloilandfilter2022to2027;release_2022_2027_final_audit""}",incomplete,oil_type;oil_capacity;stp_filter,2024|lexus|ux250h|hybrid2
141d6250ffe6a6ff63cb07f9,2024,Lincoln,Aviator,Turbo 3,,,WL10050,,consolidated:full_oil_filter_workbook,"{""napa_gold_filter"":""10050"",""stp_filter"":""S11955 / S11955XL"",""source_status"":""EXACT_PRIOR_YEAR_CONTINUITY — Engine Oil: exact 2023 continuity; Oil Capacity: exact 2023 continuity; Oil Plug Torque: exact 2023 continuity. WIX official application matched; NAPA Gold cross-reference derived from WIX/NAPA convention; STP product-level cross-reference validated."",""verification_status"":""incomplete"",""source_files"":""fulloilandfilter2022to2027;release_2022_2027_final_audit""}",incomplete,oil_type;oil_capacity,2024|lincoln|aviator|turbo3
ad008609c0bb5563f22cbfa2,2024,Lincoln,Corsair,Turbo 2,,,WL10290,,consolidated:full_oil_filter_workbook,"{""napa_gold_filter"":""10290"",""stp_filter"":""S12060 / S12060XL"",""source_status"":""EXACT_PRIOR_YEAR_CONTINUITY — Engine Oil: exact 2023 continuity; Oil Capacity: exact 2023 continuity; Oil Plug Torque: exact 2023 continuity. WIX official application matched; NAPA Gold cross-reference derived from WIX/NAPA convention; STP product-level cross-reference validated."",""verification_status"":""incomplete"",""source_files"":""fulloilandfilter2022to2027;release_2022_2027_final_audit""}",incomplete,oil_type;oil_capacity,2024|lincoln|corsair|turbo2
c0674e0ed242264cd37836cd,2024,Lincoln,Nautilus,Hybrid 2,,,WL10290,,consolidated:full_oil_filter_workbook,"{""napa_gold_filter"":""10290"",""stp_filter"":""S12060 / S12060XL"",""source_status"":""UNVERIFIED_OIL_SERVICE_DATA — Engine Oil: no validated continuity source; Oil Capacity: no validated continuity source; Oil Plug Torque: no validated continuity source. WIX official application matched; NAPA Gold cross-reference derived from WIX/NAPA convention; STP product-level cross-reference validated."",""verification_status"":""unverified"",""source_files"":""fulloilandfilter2022to2027;release_2022_2027_final_audit""}",unverified,oil_type;oil_capacity,2024|lincoln|nautilus|hybrid2
06db95536323fb3299e8c6d8,2024,Lincoln,Nautilus,Turbo 2,,,WL10290,,consolidated:full_oil_filter_workbook,"{""napa_gold_filter"":""10290"",""stp_filter"":""S12060 / S12060XL"",""source_status"":""EXACT_PRIOR_YEAR_CONTINUITY — Engine Oil: exact 2023 continuity; Oil Capacity: exact 2023 continuity; Oil Plug Torque: exact 2023 continuity. WIX official application matched; NAPA Gold cross-reference derived from WIX/NAPA convention; STP product-level cross-reference validated."",""verification_status"":""incomplete"",""source_files"":""fulloilandfilter2022to2027;release_2022_2027_final_audit""}",incomplete,oil_type;oil_capacity,2024|lincoln|nautilus|turbo2
55f78081e75d64b2cd254c76,2024,Mazda,3,Hybrid 2.5,,,57002,,consolidated:full_oil_filter_workbook,"{""napa_gold_filter"":""7002"",""source_status"":""UNVERIFIED_OIL_SERVICE_DATA — Engine Oil: no validated continuity source; Oil Capacity: no validated continuity source; Oil Plug Torque: no validated continuity source. WIX official application matched; NAPA Gold cross-reference derived from WIX/NAPA convention; STP cross-reference not verified."",""verification_status"":""unverified"",""source_files"":""fulloilandfilter2022to2027;release_2022_2027_final_audit""}",unverified,oil_type;oil_capacity;stp_filter,2024|mazda|3|hybrid25
5a3a955e130d9e1d08b2fc01,2024,Mazda,Cx-5,Hybrid 2.5,,,57002,,consolidated:full_oil_filter_workbook,"{""napa_gold_filter"":""7002"",""source_status"":""ENGINE_FILTER_FAMILY_CONTINUITY — Engine Oil: 1/1 same engine/filter family; Oil Capacity: 1/1 same engine/filter family; Oil Plug Torque: 1/1 same engine/filter family. WIX official application matched; NAPA Gold cross-reference derived from WIX/NAPA convention; STP cross-reference not verified."",""verification_status"":""incomplete"",""source_files"":""fulloilandfilter2022to2027;release_2022_2027_final_audit""}",incomplete,oil_type;oil_capacity;stp_filter,2024|mazda|cx5|hybrid25
a40191b933ceb3f87a8eacb7,2024,Mazda,Cx-90,Hybrid 2.5,,,57002,,consolidated:full_oil_filter_workbook,"{""napa_gold_filter"":""7002"",""source_status"":""ENGINE_FILTER_FAMILY_CONTINUITY — Engine Oil: 2/2 same engine/filter family; Oil Capacity: 2/2 same engine/filter family; Oil Plug Torque: 2/2 same engine/filter family. WIX official application matched; NAPA Gold cross-reference derived from WIX/NAPA convention; STP cross-reference not verified."",""verification_status"":""incomplete"",""source_files"":""fulloilandfilter2022to2027;release_2022_2027_final_audit""}",incomplete,oil_type;oil_capacity;stp_filter,2024|mazda|cx90|hybrid25
2e09c983bb477f3ae8e51bbc,2024,Mazda,Cx-90,Turbo 3.3,0W-20,6.3 qts. with filter,51348,,consolidated:full_oil_filter_workbook,"{""napa_gold_filter"":""1348"",""stp_filter"":""PH2811"",""source_status"":""UNVERIFIED_OIL_SERVICE_DATA — Engine Oil: no validated continuity source; Oil Capacity: no validated continuity source; Oil Plug Torque: no validated continuity source. WIX official application matched; NAPA Gold cross-reference derived from WIX/NAPA convention; STP product-level cross-reference validated."",""verification_status"":""unverified"",""source_files"":""fulloilandfilter2022to2027;release_2022_2027_final_audit;yearmakemodel.json;completevehiclelist.xlsx-Sheet1.csv""}",unverified,,2024|mazda|cx90|turbo33
6547be4c6c13db0e70af12d1,2024,Mercedes Benz,AMG GT 55,Turbo 4.0,,,,,consolidated:year_make_model_json,"{""verification_status"":""incomplete"",""source_files"":""yearmakemodel.json;completevehiclelist.xlsx-Sheet1.csv""}",incomplete,oil_type;oil_capacity;wix_filter;napa_gold_filter;stp_filter,2024|mercedesbenz|amggt55|turbo40
28ae2288f47e44ea0852ec20,2024,Mercedes Benz,AMG GT 63,Turbo 4.0,,,,,consolidated:year_make_model_json,"{""verification_status"":""incomplete"",""source_files"":""yearmakemodel.json;completevehiclelist.xlsx-Sheet1.csv""}",incomplete,oil_type;oil_capacity;wix_filter;napa_gold_filter;stp_filter,2024|mercedesbenz|amggt63|turbo40
c292769f9430d06cdd711092,2024,Mercedes Benz,AMG GT 63 S E Performance,Turbo 4,,,WL10077,,consolidated:full_oil_filter_workbook,"{""napa_gold_filter"":""10077"",""stp_filter"":""S11792 / S11792XL"",""source_status"":""ENGINE_FILTER_FAMILY_CONTINUITY — Engine Oil: 18/18 same engine/filter family; Oil Capacity: 18/18 same engine/filter family; Oil Plug Torque: 18/18 same engine/filter family. WIX official application matched; NAPA Gold cross-reference derived from WIX/NAPA convention; STP product-level cross-reference validated."",""verification_status"":""incomplete"",""source_files"":""fulloilandfilter2022to2027;release_2022_2027_final_audit""}",incomplete,oil_type;oil_capacity,2024|mercedesbenz|amggt63seperformance|turbo4
140f1c9e5795fccace878b08,2024,Mercedes Benz,Amg Gt 43,Turbo 3,,,WL10433,,consolidated:full_oil_filter_workbook,"{""napa_gold_filter"":""10433"",""source_status"":""EXACT_PRIOR_YEAR_CONTINUITY — Engine Oil: exact 2023 continuity; Oil Capacity: exact 2023 continuity; Oil Plug Torque: exact 2023 continuity. WIX official application matched; NAPA Gold cross-reference derived from WIX/NAPA convention; STP cross-reference not verified."",""verification_status"":""incomplete"",""source_files"":""fulloilandfilter2022to2027;release_2022_2027_final_audit""}",incomplete,oil_type;oil_capacity;stp_filter,2024|mercedesbenz|amggt43|turbo3
ce60ab95ba0dbf21c31f7bf8,2024,Mercedes Benz,Amg Gt 53,Turbo 3,,,WL10433,,consolidated:full_oil_filter_workbook,"{""napa_gold_filter"":""10433"",""source_status"":""EXACT_PRIOR_YEAR_CONTINUITY — Engine Oil: exact 2023 continuity; Oil Capacity: exact 2023 continuity; Oil Plug Torque: exact 2023 continuity. WIX official application matched; NAPA Gold cross-reference derived from WIX/NAPA convention; STP cross-reference not verified."",""verification_status"":""incomplete"",""source_files"":""fulloilandfilter2022to2027;release_2022_2027_final_audit""}",incomplete,oil_type;oil_capacity;stp_filter,2024|mercedesbenz|amggt53|turbo3
23b2b7c97a3e803e64f4dc49,2024,Mercedes Benz,Amg Gt 55,Turbo 4,,,WL10077,,consolidated:full_oil_filter_workbook,"{""napa_gold_filter"":""10077"",""stp_filter"":""S11792 / S11792XL"",""source_status"":""ENGINE_FILTER_FAMILY_CONTINUITY — Engine Oil: 19/19 same engine/filter family; Oil Capacity: 19/19 same engine/filter family; Oil Plug Torque: 19/19 same engine/filter family. WIX official application matched; NAPA Gold cross-reference derived from WIX/NAPA convention; STP product-level cross-reference validated."",""verification_status"":""incomplete"",""source_files"":""fulloilandfilter2022to2027;release_2022_2027_final_audit""}",incomplete,oil_type;oil_capacity,2024|mercedesbenz|amggt55|turbo4
3227c0de4be98adc46afc686,2024,Mercedes Benz,Amg Gt 63,Turbo 4,,,WL10077,,consolidated:full_oil_filter_workbook,"{""napa_gold_filter"":""10077"",""stp_filter"":""S11792 / S11792XL"",""source_status"":""EXACT_PRIOR_YEAR_CONTINUITY — Engine Oil: exact 2023 continuity; Oil Capacity: exact 2023 continuity; Oil Plug Torque: exact 2023 continuity. WIX official application matched; NAPA Gold cross-reference derived from WIX/NAPA convention; STP product-level cross-reference validated."",""verification_status"":""incomplete"",""source_files"":""fulloilandfilter2022to2027;release_2022_2027_final_audit""}",incomplete,oil_type;oil_capacity,2024|mercedesbenz|amggt63|turbo4
adc4b3d818b134a81d554c32,2024,Mercedes Benz,Amg Gt 63 S,Turbo 4,,,WL10077,,consolidated:full_oil_filter_workbook,"{""napa_gold_filter"":""10077"",""stp_filter"":""S11792 / S11792XL"",""source_status"":""EXACT_PRIOR_YEAR_CONTINUITY — Engine Oil: exact 2023 continuity; Oil Capacity: exact 2023 continuity; Oil Plug Torque: exact 2023 continuity. WIX official application matched; NAPA Gold cross-reference derived from WIX/NAPA convention; STP product-level cross-reference validated."",""verification_status"":""incomplete"",""source_files"":""fulloilandfilter2022to2027;release_2022_2027_final_audit""}",incomplete,oil_type;oil_capacity,2024|mercedesbenz|amggt63s|turbo4
87b36b087d70da73d4976d0a,2024,Mercedes Benz,C43 Amg,Turbo 2,,,WL10760,,consolidated:full_oil_filter_workbook,"{""napa_gold_filter"":""10760"",""stp_filter"":""S45037XL"",""source_status"":""EXACT_PRIOR_YEAR_CONTINUITY — Engine Oil: exact 2023 continuity; Oil Capacity: exact 2023 continuity; Oil Plug Torque: exact 2023 continuity. WIX official application matched; NAPA Gold cross-reference derived from WIX/NAPA convention; STP product-level cross-reference validated."",""verification_status"":""incomplete"",""source_files"":""fulloilandfilter2022to2027;release_2022_2027_final_audit""}",incomplete,oil_type;oil_capacity,2024|mercedesbenz|c43amg|turbo2
58eae0026423fd09639f6aed,2024,Mercedes Benz,C63 AMG S E Performance,Turbo 2,,,WL10760,,consolidated:full_oil_filter_workbook,"{""napa_gold_filter"":""10760"",""stp_filter"":""S45037XL"",""source_status"":""ENGINE_FILTER_FAMILY_CONTINUITY — Engine Oil: 2/2 same engine/filter family; Oil Capacity: 2/2 same engine/filter family; Oil Plug Torque: 2/2 same engine/filter family. WIX official application matched; NAPA Gold cross-reference derived from WIX/NAPA convention; STP product-level cross-reference validated."",""verification_status"":""incomplete"",""source_files"":""fulloilandfilter2022to2027;release_2022_2027_final_audit""}",incomplete,oil_type;oil_capacity,2024|mercedesbenz|c63amgseperformance|turbo2
0d64afc6596b89843a6d5195,2024,Mercedes Benz,Cla250,Turbo 2,,,WL7515,,consolidated:full_oil_filter_workbook,"{""napa_gold_filter"":""7515"",""stp_filter"":""S11473 / S11473XL"",""source_status"":""EXACT_PRIOR_YEAR_CONTINUITY — Engine Oil: exact 2023 continuity; Oil Capacity: exact 2023 continuity; Oil Plug Torque: exact 2023 continuity. WIX official application matched; NAPA Gold cross-reference derived from WIX/NAPA convention; STP product-level cross-reference validated."",""verification_status"":""incomplete"",""source_files"":""fulloilandfilter2022to2027;release_2022_2027_final_audit""}",incomplete,oil_type;oil_capacity,2024|mercedesbenz|cla250|turbo2
ac53335adc7e78725482514c,2024,Mercedes Benz,Cla35 Amg,Turbo 2,,,WL7515,,consolidated:full_oil_filter_workbook,"{""napa_gold_filter"":""7515"",""stp_filter"":""S11473 / S11473XL"",""source_status"":""EXACT_PRIOR_YEAR_CONTINUITY — Engine Oil: exact 2023 continuity; Oil Capacity: exact 2023 continuity; Oil Plug Torque: exact 2023 continuity. WIX official application matched; NAPA Gold cross-reference derived from WIX/NAPA convention; STP product-level cross-reference validated."",""verification_status"":""incomplete"",""source_files"":""fulloilandfilter2022to2027;release_2022_2027_final_audit""}",incomplete,oil_type;oil_capacity,2024|mercedesbenz|cla35amg|turbo2
e956cceb2fd6bd06b1a7af04,2024,Mercedes Benz,Cla45 Amg S,Turbo 2,,,WL7515,,consolidated:full_oil_filter_workbook,"{""napa_gold_filter"":""7515"",""stp_filter"":""S11473 / S11473XL"",""source_status"":""ENGINE_FILTER_FAMILY_CONTINUITY — Engine Oil: 17/17 same engine/filter family; Oil Capacity: 17/17 same engine/filter family; Oil Plug Torque: 17/17 same engine/filter family. WIX official application matched; NAPA Gold cross-reference derived from WIX/NAPA convention; STP product-level cross-reference validated."",""verification_status"":""incomplete"",""source_files"":""fulloilandfilter2022to2027;release_2022_2027_final_audit""}",incomplete,oil_type;oil_capacity,2024|mercedesbenz|cla45amgs|turbo2
cdcf4ff4c3a3dc4e874137cf,2024,Mercedes Benz,Cle 300,Turbo 2,,,WL7515,,consolidated:full_oil_filter_workbook,"{""napa_gold_filter"":""7515"",""stp_filter"":""S11473 / S11473XL"",""source_status"":""ENGINE_FILTER_FAMILY_CONTINUITY — Engine Oil: 18/18 same engine/filter family; Oil Capacity: 18/18 same engine/filter family; Oil Plug Torque: 18/18 same engine/filter family. WIX official application matched; NAPA Gold cross-reference derived from WIX/NAPA convention; STP product-level cross-reference validated."",""verification_status"":""incomplete"",""source_files"":""fulloilandfilter2022to2027;release_2022_2027_final_audit""}",incomplete,oil_type;oil_capacity,2024|mercedesbenz|cle300|turbo2
d8363fb27ae17fc7fca3edfe,2024,Mercedes Benz,Cle 450,Turbo 3,,,WL10433,,consolidated:full_oil_filter_workbook,"{""napa_gold_filter"":""10433"",""source_status"":""ENGINE_FILTER_FAMILY_CONTINUITY — Engine Oil: 14/14 same engine/filter family; Oil Capacity: 14/14 same engine/filter family; Oil Plug Torque: 14/14 same engine/filter family. WIX official application matched; NAPA Gold cross-reference derived from WIX/NAPA convention; STP cross-reference not verified."",""verification_status"":""incomplete"",""source_files"":""fulloilandfilter2022to2027;release_2022_2027_final_audit""}",incomplete,oil_type;oil_capacity;stp_filter,2024|mercedesbenz|cle450|turbo3
a4c5731425330cc24ac1de50,2024,Mercedes Benz,Cle53 Amg,Turbo 3,,,WL10433,,consolidated:full_oil_filter_workbook,"{""napa_gold_filter"":""10433"",""source_status"":""ENGINE_FILTER_FAMILY_CONTINUITY — Engine Oil: 15/15 same engine/filter family; Oil Capacity: 15/15 same engine/filter family; Oil Plug Torque: 15/15 same engine/filter family. WIX official application matched; NAPA Gold cross-reference derived from WIX/NAPA convention; STP cross-reference not verified."",""verification_status"":""incomplete"",""source_files"":""fulloilandfilter2022to2027;release_2022_2027_final_audit""}",incomplete,oil_type;oil_capacity;stp_filter,2024|mercedesbenz|cle53amg|turbo3
bbedc85b907caab68fdc6e3e,2024,Mercedes Benz,E350,Turbo 2,,,WL10760,,consolidated:full_oil_filter_workbook,"{""napa_gold_filter"":""10760"",""stp_filter"":""S45037XL"",""source_status"":""EXACT_PRIOR_YEAR_CONTINUITY — Engine Oil: exact 2023 continuity; Oil Capacity: exact 2023 continuity; Oil Plug Torque: exact 2023 continuity. WIX official application matched; NAPA Gold cross-reference derived from WIX/NAPA convention; STP product-level cross-reference validated."",""verification_status"":""incomplete"",""source_files"":""fulloilandfilter2022to2027;release_2022_2027_final_audit""}",incomplete,oil_type;oil_capacity,2024|mercedesbenz|e350|turbo2
8bda2d93b658eb54051d3e26,2024,Mercedes Benz,E450,Turbo 3,,,WL10433,,consolidated:full_oil_filter_workbook,"{""napa_gold_filter"":""10433"",""source_status"":""EXACT_PRIOR_YEAR_CONTINUITY — Engine Oil: exact 2023 continuity; Oil Capacity: exact 2023 continuity; Oil Plug Torque: exact 2023 continuity. WIX official application matched; NAPA Gold cross-reference derived from WIX/NAPA convention; STP cross-reference not verified."",""verification_status"":""incomplete"",""source_files"":""fulloilandfilter2022to2027;release_2022_2027_final_audit""}",incomplete,oil_type;oil_capacity;stp_filter,2024|mercedesbenz|e450|turbo3
2cb213c4dc663b4da5b703ab,2024,Mercedes Benz,G 63 4X4 Squared Amg,Turbo 4,,,WL10077,,consolidated:full_oil_filter_workbook,"{""napa_gold_filter"":""10077"",""stp_filter"":""S11792 / S11792XL"",""source_status"":""EXACT_PRIOR_YEAR_CONTINUITY — Engine Oil: exact 2023 continuity; Oil Capacity: exact 2023 continuity; Oil Plug Torque: exact 2023 continuity. WIX official application matched; NAPA Gold cross-reference derived from WIX/NAPA convention; STP product-level cross-reference validated."",""verification_status"":""incomplete"",""source_files"":""fulloilandfilter2022to2027;release_2022_2027_final_audit""}",incomplete,oil_type;oil_capacity,2024|mercedesbenz|g634x4squaredamg|turbo4
b3fdfb00df0cd3dfccd425d3,2024,Mercedes Benz,G550,Turbo 4,,,WL10077,,consolidated:full_oil_filter_workbook,"{""napa_gold_filter"":""10077"",""stp_filter"":""S11792 / S11792XL"",""source_status"":""EXACT_PRIOR_YEAR_CONTINUITY — Engine Oil: exact 2023 continuity; Oil Capacity: exact 2023 continuity; Oil Plug Torque: exact 2023 continuity. WIX official application matched; NAPA Gold cross-reference derived from WIX/NAPA convention; STP product-level cross-reference validated."",""verification_status"":""incomplete"",""source_files"":""fulloilandfilter2022to2027;release_2022_2027_final_audit""}",incomplete,oil_type;oil_capacity,2024|mercedesbenz|g550|turbo4
b03c65c4719c404c88d5c6d5,2024,Mercedes Benz,G63 Amg,Turbo 4,,,WL10077,,consolidated:full_oil_filter_workbook,"{""napa_gold_filter"":""10077"",""stp_filter"":""S11792 / S11792XL"",""source_status"":""EXACT_PRIOR_YEAR_CONTINUITY — Engine Oil: exact 2023 continuity; Oil Capacity: exact 2023 continuity; Oil Plug Torque: exact 2023 continuity. WIX official application matched; NAPA Gold cross-reference derived from WIX/NAPA convention; STP product-level cross-reference validated."",""verification_status"":""incomplete"",""source_files"":""fulloilandfilter2022to2027;release_2022_2027_final_audit""}",incomplete,oil_type;oil_capacity,2024|mercedesbenz|g63amg|turbo4
b28897c876b6696ba00da9b2,2024,Mercedes Benz,Gla250,Turbo 2,,,WL7515,,consolidated:full_oil_filter_workbook,"{""napa_gold_filter"":""7515"",""stp_filter"":""S11473 / S11473XL"",""source_status"":""EXACT_PRIOR_YEAR_CONTINUITY — Engine Oil: exact 2023 continuity; Oil Capacity: exact 2023 continuity; Oil Plug Torque: exact 2023 continuity. WIX official application matched; NAPA Gold cross-reference derived from WIX/NAPA convention; STP product-level cross-reference validated."",""verification_status"":""incomplete"",""source_files"":""fulloilandfilter2022to2027;release_2022_2027_final_audit""}",incomplete,oil_type;oil_capacity,2024|mercedesbenz|gla250|turbo2
5bfa1fcff68f40a463f39225,2024,Mercedes Benz,Gla35 Amg,Turbo 2,,,WL7515,,consolidated:full_oil_filter_workbook,"{""napa_gold_filter"":""7515"",""stp_filter"":""S11473 / S11473XL"",""source_status"":""EXACT_PRIOR_YEAR_CONTINUITY — Engine Oil: exact 2023 continuity; Oil Capacity: exact 2023 continuity; Oil Plug Torque: exact 2023 continuity. WIX official application matched; NAPA Gold cross-reference derived from WIX/NAPA convention; STP product-level cross-reference validated."",""verification_status"":""incomplete"",""source_files"":""fulloilandfilter2022to2027;release_2022_2027_final_audit""}",incomplete,oil_type;oil_capacity,2024|mercedesbenz|gla35amg|turbo2
6ec0a1bf3b130cec81a7a795,2024,Mercedes Benz,Glb 250,Turbo 2,,,WL7515,,consolidated:full_oil_filter_workbook,"{""napa_gold_filter"":""7515"",""stp_filter"":""S11473 / S11473XL"",""source_status"":""EXACT_PRIOR_YEAR_CONTINUITY — Engine Oil: exact 2023 continuity; Oil Capacity: exact 2023 continuity; Oil Plug Torque: exact 2023 continuity. WIX official application matched; NAPA Gold cross-reference derived from WIX/NAPA convention; STP product-level cross-reference validated."",""verification_status"":""incomplete"",""source_files"":""fulloilandfilter2022to2027;release_2022_2027_final_audit""}",incomplete,oil_type;oil_capacity,2024|mercedesbenz|glb250|turbo2
1be828b5632e4d42ea5990be,2024,Mercedes Benz,Glb35 Amg,Turbo 2,,,WL7515,,consolidated:full_oil_filter_workbook,"{""napa_gold_filter"":""7515"",""stp_filter"":""S11473 / S11473XL"",""source_status"":""EXACT_PRIOR_YEAR_CONTINUITY — Engine Oil: exact 2023 continuity; Oil Capacity: exact 2023 continuity; Oil Plug Torque: exact 2023 continuity. WIX official application matched; NAPA Gold cross-reference derived from WIX/NAPA convention; STP product-level cross-reference validated."",""verification_status"":""incomplete"",""source_files"":""fulloilandfilter2022to2027;release_2022_2027_final_audit""}",incomplete,oil_type;oil_capacity,2024|mercedesbenz|glb35amg|turbo2
f74a295a027d732e33cfea84,2024,Mercedes Benz,Glc300,Hybrid 2,,,WL10760,,consolidated:full_oil_filter_workbook,"{""napa_gold_filter"":""10760"",""stp_filter"":""S45037XL"",""source_status"":""UNVERIFIED_OIL_SERVICE_DATA — Engine Oil: no validated continuity source; Oil Capacity: no validated continuity source; Oil Plug Torque: no validated continuity source. WIX official application matched; NAPA Gold cross-reference derived from WIX/NAPA convention; STP product-level cross-reference validated."",""verification_status"":""unverified"",""source_files"":""fulloilandfilter2022to2027;release_2022_2027_final_audit""}",unverified,oil_type;oil_capacity,2024|mercedesbenz|glc300|hybrid2
b0fea7ebbb94b18a2a441035,2024,Mercedes Benz,Glc43 Amg,Turbo 2,,,WL10760,,consolidated:full_oil_filter_workbook,"{""napa_gold_filter"":""10760"",""stp_filter"":""S45037XL"",""source_status"":""ENGINE_FILTER_FAMILY_CONTINUITY — Engine Oil: 4/4 same engine/filter family; Oil Capacity: 4/4 same engine/filter family; Oil Plug Torque: 4/4 same engine/filter family. WIX official application matched; NAPA Gold cross-reference derived from WIX/NAPA convention; STP product-level cross-reference validated."",""verification_status"":""incomplete"",""source_files"":""fulloilandfilter2022to2027;release_2022_2027_final_audit""}",incomplete,oil_type;oil_capacity,2024|mercedesbenz|glc43amg|turbo2
cd7d796a8d565c397bb9706b,2024,Mercedes Benz,Gle350,Turbo 2,,,WL7515,,consolidated:full_oil_filter_workbook,"{""napa_gold_filter"":""7515"",""stp_filter"":""S11473 / S11473XL"",""source_status"":""EXACT_PRIOR_YEAR_CONTINUITY — Engine Oil: exact 2023 continuity; Oil Capacity: exact 2023 continuity; Oil Plug Torque: exact 2023 continuity. WIX official application matched; NAPA Gold cross-reference derived from WIX/NAPA convention; STP product-level cross-reference validated."",""verification_status"":""incomplete"",""source_files"":""fulloilandfilter2022to2027;release_2022_2027_final_audit""}",incomplete,oil_type;oil_capacity,2024|mercedesbenz|gle350|turbo2
000e6aea2ff717093344363c,2024,Mercedes Benz,Gle450,Turbo 3,,,WL10760,,consolidated:full_oil_filter_workbook,"{""napa_gold_filter"":""10760"",""stp_filter"":""S45037XL"",""source_status"":""EXACT_PRIOR_YEAR_CONTINUITY — Engine Oil: exact 2023 continuity; Oil Capacity: exact 2023 continuity; Oil Plug Torque: exact 2023 continuity. WIX official application matched; NAPA Gold cross-reference derived from WIX/NAPA convention; STP product-level cross-reference validated."",""verification_status"":""incomplete"",""source_files"":""fulloilandfilter2022to2027;release_2022_2027_final_audit""}",incomplete,oil_type;oil_capacity,2024|mercedesbenz|gle450|turbo3
0cb9d6d5a5ad38c12fbe116e,2024,Mercedes Benz,Gle53 Amg,Turbo 3,,,WL10760,,consolidated:full_oil_filter_workbook,"{""napa_gold_filter"":""10760"",""stp_filter"":""S45037XL"",""source_status"":""EXACT_PRIOR_YEAR_CONTINUITY — Engine Oil: exact 2023 continuity; Oil Capacity: exact 2023 continuity; Oil Plug Torque: exact 2023 continuity. WIX official application matched; NAPA Gold cross-reference derived from WIX/NAPA convention; STP product-level cross-reference validated."",""verification_status"":""incomplete"",""source_files"":""fulloilandfilter2022to2027;release_2022_2027_final_audit""}",incomplete,oil_type;oil_capacity,2024|mercedesbenz|gle53amg|turbo3
69e45123cc74e72865a1ae88,2024,Mercedes Benz,Gle580,Turbo 4,,,WL10399,,consolidated:full_oil_filter_workbook,"{""napa_gold_filter"":""10399"",""source_status"":""ENGINE_FILTER_FAMILY_CONTINUITY — Engine Oil: 3/3 same engine/filter family; Oil Capacity: 3/3 same engine/filter family; Oil Plug Torque: 3/3 same engine/filter family. WIX official application matched; NAPA Gold cross-reference derived from WIX/NAPA convention; STP cross-reference not verified."",""verification_status"":""incomplete"",""source_files"":""fulloilandfilter2022to2027;release_2022_2027_final_audit""}",incomplete,oil_type;oil_capacity;stp_filter,2024|mercedesbenz|gle580|turbo4
8d18e54a6a53ff6c2c670ea1,2024,Mercedes Benz,Gle63 Amg S,Turbo 4,,,WL10077,,consolidated:full_oil_filter_workbook,"{""napa_gold_filter"":""10077"",""stp_filter"":""S11792 / S11792XL"",""source_status"":""EXACT_PRIOR_YEAR_CONTINUITY — Engine Oil: exact 2023 continuity; Oil Capacity: exact 2023 continuity; Oil Plug Torque: exact 2023 continuity. WIX official application matched; NAPA Gold cross-reference derived from WIX/NAPA convention; STP product-level cross-reference validated."",""verification_status"":""incomplete"",""source_files"":""fulloilandfilter2022to2027;release_2022_2027_final_audit""}",incomplete,oil_type;oil_capacity,2024|mercedesbenz|gle63amgs|turbo4
d9594aac4b406aaf7a6f3d3a,2024,Mercedes Benz,Gls 450,Turbo 3,,,WL10760,,consolidated:full_oil_filter_workbook,"{""napa_gold_filter"":""10760"",""stp_filter"":""S45037XL"",""source_status"":""EXACT_PRIOR_YEAR_CONTINUITY — Engine Oil: exact 2023 continuity; Oil Capacity: exact 2023 continuity; Oil Plug Torque: exact 2023 continuity. WIX official application matched; NAPA Gold cross-reference derived from WIX/NAPA convention; STP product-level cross-reference validated."",""verification_status"":""incomplete"",""source_files"":""fulloilandfilter2022to2027;release_2022_2027_final_audit""}",incomplete,oil_type;oil_capacity,2024|mercedesbenz|gls450|turbo3
22502ed717543795e64ded43,2024,Mercedes Benz,Gls 580,Turbo 4,,,WL10399,,consolidated:full_oil_filter_workbook,"{""napa_gold_filter"":""10399"",""source_status"":""EXACT_PRIOR_YEAR_CONTINUITY — Engine Oil: exact 2023 continuity; Oil Capacity: exact 2023 continuity; Oil Plug Torque: exact 2023 continuity. WIX official application matched; NAPA Gold cross-reference derived from WIX/NAPA convention; STP cross-reference not verified."",""verification_status"":""incomplete"",""source_files"":""fulloilandfilter2022to2027;release_2022_2027_final_audit""}",incomplete,oil_type;oil_capacity;stp_filter,2024|mercedesbenz|gls580|turbo4
d7d497ea281194b44626df32,2024,Mercedes Benz,Gls63 Amg,Turbo 4,,,WL10399,,consolidated:full_oil_filter_workbook,"{""napa_gold_filter"":""10399"",""source_status"":""EXACT_PRIOR_YEAR_CONTINUITY — Engine Oil: exact 2023 continuity; Oil Capacity: exact 2023 continuity; Oil Plug Torque: exact 2023 continuity. WIX official application matched; NAPA Gold cross-reference derived from WIX/NAPA convention; STP cross-reference not verified."",""verification_status"":""incomplete"",""source_files"":""fulloilandfilter2022to2027;release_2022_2027_final_audit""}",incomplete,oil_type;oil_capacity;stp_filter,2024|mercedesbenz|gls63amg|turbo4
7c00acd29e6dfa6080e6c96b,2024,Mercedes Benz,Maybach GLS600,Turbo 4,,,WL10077,,consolidated:full_oil_filter_workbook,"{""napa_gold_filter"":""10077"",""stp_filter"":""S11792 / S11792XL"",""source_status"":""EXACT_PRIOR_YEAR_CONTINUITY — Engine Oil: exact 2023 continuity; Oil Capacity: exact 2023 continuity; Oil Plug Torque: exact 2023 continuity. WIX official application matched; NAPA Gold cross-reference derived from WIX/NAPA convention; STP product-level cross-reference validated."",""verification_status"":""incomplete"",""source_files"":""fulloilandfilter2022to2027;release_2022_2027_final_audit""}",incomplete,oil_type;oil_capacity,2024|mercedesbenz|maybachgls600|turbo4
6653c449cedbcb50e3f601e5,2024,Mercedes Benz,Maybach S680,Turbo 6,,,57198,,consolidated:full_oil_filter_workbook,"{""napa_gold_filter"":""7198"",""stp_filter"":""S10682"",""source_status"":""EXACT_PRIOR_YEAR_CONTINUITY — Engine Oil: exact 2023 continuity; Oil Capacity: exact 2023 continuity; Oil Plug Torque: exact 2023 continuity. WIX official application matched; NAPA Gold cross-reference derived from WIX/NAPA convention; STP product-level cross-reference validated."",""verification_status"":""incomplete"",""source_files"":""fulloilandfilter2022to2027;release_2022_2027_final_audit""}",incomplete,oil_type;oil_capacity,2024|mercedesbenz|maybachs680|turbo6
fb3a9fd2279e326c435d912c,2024,Mercedes Benz,S500,Turbo 3,,,WL10433,,consolidated:full_oil_filter_workbook,"{""napa_gold_filter"":""10433"",""source_status"":""ENGINE_FILTER_FAMILY_CONTINUITY — Engine Oil: 17/17 same engine/filter family; Oil Capacity: 17/17 same engine/filter family; Oil Plug Torque: 17/17 same engine/filter family. WIX official application matched; NAPA Gold cross-reference derived from WIX/NAPA convention; STP cross-reference not verified."",""verification_status"":""incomplete"",""source_files"":""fulloilandfilter2022to2027;release_2022_2027_final_audit""}",incomplete,oil_type;oil_capacity;stp_filter,2024|mercedesbenz|s500|turbo3
0776e109d1d3600ac5913b8e,2024,Mercedes Benz,S580,Turbo 4,,,WL10399,,consolidated:full_oil_filter_workbook,"{""napa_gold_filter"":""10399"",""source_status"":""ENGINE_FILTER_FAMILY_CONTINUITY — Engine Oil: 6/6 same engine/filter family; Oil Capacity: 6/6 same engine/filter family; Oil Plug Torque: 6/6 same engine/filter family. WIX official application matched; NAPA Gold cross-reference derived from WIX/NAPA convention; STP cross-reference not verified."",""verification_status"":""incomplete"",""source_files"":""fulloilandfilter2022to2027;release_2022_2027_final_audit""}",incomplete,oil_type;oil_capacity;stp_filter,2024|mercedesbenz|s580|turbo4
6bdac227a4af61d18f37c0d0,2024,Mercedes Benz,S580,Turbo 4.0,,,,,consolidated:year_make_model_json,"{""verification_status"":""incomplete"",""source_files"":""yearmakemodel.json;completevehiclelist.xlsx-Sheet1.csv""}",incomplete,oil_type;oil_capacity;wix_filter;napa_gold_filter;stp_filter,2024|mercedesbenz|s580|turbo40
d39cfc3e6261513b4a0795f0,2024,Mercedes Benz,S580e,Turbo 3,,,WL10433,,consolidated:full_oil_filter_workbook,"{""napa_gold_filter"":""10433"",""source_status"":""EXACT_PRIOR_YEAR_CONTINUITY — Engine Oil: exact 2023 continuity; Oil Capacity: exact 2023 continuity; Oil Plug Torque: exact 2023 continuity. WIX official application matched; NAPA Gold cross-reference derived from WIX/NAPA convention; STP cross-reference not verified."",""verification_status"":""incomplete"",""source_files"":""fulloilandfilter2022to2027;release_2022_2027_final_audit""}",incomplete,oil_type;oil_capacity;stp_filter,2024|mercedesbenz|s580e|turbo3
9a158066fa584e09b2a0fc65,2024,Mercedes Benz,S63 AMG E Performance,Turbo 4,,,WL10399,,consolidated:full_oil_filter_workbook,"{""napa_gold_filter"":""10399"",""source_status"":""ENGINE_FILTER_FAMILY_CONTINUITY — Engine Oil: 7/7 same engine/filter family; Oil Capacity: 7/7 same engine/filter family; Oil Plug Torque: 7/7 same engine/filter family. WIX official application matched; NAPA Gold cross-reference derived from WIX/NAPA convention; STP cross-reference not verified."",""verification_status"":""incomplete"",""source_files"":""fulloilandfilter2022to2027;release_2022_2027_final_audit""}",incomplete,oil_type;oil_capacity;stp_filter,2024|mercedesbenz|s63amgeperformance|turbo4
69d299b21be9a730a4078ffe,2024,Mercedes Benz,S63 AMG E Performance,Turbo 4.0,,,,,consolidated:year_make_model_json,"{""verification_status"":""incomplete"",""source_files"":""yearmakemodel.json;completevehiclelist.xlsx-Sheet1.csv""}",incomplete,oil_type;oil_capacity;wix_filter;napa_gold_filter;stp_filter,2024|mercedesbenz|s63amgeperformance|turbo40
c3d6f67c8acaed177c4de77d,2024,Mercedes Benz,SL63 AMG S E Performance,Turbo 4,,,WL10077,,consolidated:full_oil_filter_workbook,"{""napa_gold_filter"":""10077"",""stp_filter"":""S11792 / S11792XL"",""source_status"":""ENGINE_FILTER_FAMILY_CONTINUITY — Engine Oil: 27/27 same engine/filter family; Oil Capacity: 27/27 same engine/filter family; Oil Plug Torque: 27/27 same engine/filter family. WIX official application matched; NAPA Gold cross-reference derived from WIX/NAPA convention; STP product-level cross-reference validated."",""verification_status"":""incomplete"",""source_files"":""fulloilandfilter2022to2027;release_2022_2027_final_audit""}",incomplete,oil_type;oil_capacity,2024|mercedesbenz|sl63amgseperformance|turbo4
d583ba705266aee73e94772a,2024,Mercedes Benz,Sl43 Amg,Turbo 2,,,WL7515,,consolidated:full_oil_filter_workbook,"{""napa_gold_filter"":""7515"",""stp_filter"":""S11473 / S11473XL"",""source_status"":""ENGINE_FILTER_FAMILY_CONTINUITY — Engine Oil: 24/24 same engine/filter family; Oil Capacity: 24/24 same engine/filter family; Oil Plug Torque: 24/24 same engine/filter family. WIX official application matched; NAPA Gold cross-reference derived from WIX/NAPA convention; STP product-level cross-reference validated."",""verification_status"":""incomplete"",""source_files"":""fulloilandfilter2022to2027;release_2022_2027_final_audit""}",incomplete,oil_type;oil_capacity,2024|mercedesbenz|sl43amg|turbo2
d90a585f298fa44c5d0e01d6,2024,Mercedes Benz,Sl55 Amg,Turbo 4,,,WL10399,,consolidated:full_oil_filter_workbook,"{""napa_gold_filter"":""10399"",""source_status"":""EXACT_PRIOR_YEAR_CONTINUITY — Engine Oil: exact 2023 continuity; Oil Capacity: exact 2023 continuity; Oil Plug Torque: exact 2023 continuity. WIX official application matched; NAPA Gold cross-reference derived from WIX/NAPA convention; STP cross-reference not verified."",""verification_status"":""incomplete"",""source_files"":""fulloilandfilter2022to2027;release_2022_2027_final_audit""}",incomplete,oil_type;oil_capacity;stp_filter,2024|mercedesbenz|sl55amg|turbo4
82b9260eb99dde5a5df028da,2024,Mercedes Benz,Sl63 Amg,Turbo 4,,,WL10077,,consolidated:full_oil_filter_workbook,"{""napa_gold_filter"":""10077"",""stp_filter"":""S11792 / S11792XL"",""source_status"":""EXACT_PRIOR_YEAR_CONTINUITY — Engine Oil: exact 2023 continuity; Oil Capacity: exact 2023 continuity; Oil Plug Torque: exact 2023 continuity. WIX official application matched; NAPA Gold cross-reference derived from WIX/NAPA convention; STP product-level cross-reference validated."",""verification_status"":""incomplete"",""source_files"":""fulloilandfilter2022to2027;release_2022_2027_final_audit""}",incomplete,oil_type;oil_capacity,2024|mercedesbenz|sl63amg|turbo4
035587b7a2ec8da2ec5a1bdb,2024,Mercedes Benz,Sprinter 2500,Diesel 2,,,WL10789,,consolidated:full_oil_filter_workbook,"{""napa_gold_filter"":""10789"",""source_status"":""EXACT_PRIOR_YEAR_CONTINUITY — Engine Oil: exact 2023 continuity; Oil Capacity: exact 2023 continuity; Oil Plug Torque: exact 2023 continuity. WIX official application matched; NAPA Gold cross-reference derived from WIX/NAPA convention; STP cross-reference not verified."",""verification_status"":""incomplete"",""source_files"":""fulloilandfilter2022to2027;release_2022_2027_final_audit""}",incomplete,oil_type;oil_capacity;stp_filter,2024|mercedesbenz|sprinter2500|diesel2
0abd63b8bc972a4cb746a82c,2024,Mercedes Benz,Sprinter 2500,Turbo 2.0,,,,,consolidated:year_make_model_json,"{""verification_status"":""incomplete"",""source_files"":""yearmakemodel.json;completevehiclelist.xlsx-Sheet1.csv""}",incomplete,oil_type;oil_capacity;wix_filter;napa_gold_filter;stp_filter,2024|mercedesbenz|sprinter2500|turbo20
cff104d8fc42123b3fc83047,2024,Mercedes Benz,Sprinter 3500,Diesel 2,,,WL10789,,consolidated:full_oil_filter_workbook,"{""napa_gold_filter"":""10789"",""source_status"":""EXACT_PRIOR_YEAR_CONTINUITY — Engine Oil: exact 2023 continuity; Oil Capacity: exact 2023 continuity; Oil Plug Torque: exact 2023 continuity. WIX official application matched; NAPA Gold cross-reference derived from WIX/NAPA convention; STP cross-reference not verified."",""verification_status"":""incomplete"",""source_files"":""fulloilandfilter2022to2027;release_2022_2027_final_audit""}",incomplete,oil_type;oil_capacity;stp_filter,2024|mercedesbenz|sprinter3500|diesel2
da38e10a3429217e554dbac7,2024,Mercedes Benz,Sprinter 3500,Diesel 2.0,,,,,consolidated:year_make_model_json,"{""verification_status"":""incomplete"",""source_files"":""yearmakemodel.json;completevehiclelist.xlsx-Sheet1.csv""}",incomplete,oil_type;oil_capacity;wix_filter;napa_gold_filter;stp_filter,2024|mercedesbenz|sprinter3500|diesel20
9e6f4b016d22890a1137b077,2024,Mercedes Benz,Sprinter 3500Xd,Diesel 2,,,WL10789,,consolidated:full_oil_filter_workbook,"{""napa_gold_filter"":""10789"",""source_status"":""EXACT_PRIOR_YEAR_CONTINUITY — Engine Oil: exact 2023 continuity; Oil Capacity: exact 2023 continuity; Oil Plug Torque: exact 2023 continuity. WIX official application matched; NAPA Gold cross-reference derived from WIX/NAPA convention; STP cross-reference not verified."",""verification_status"":""incomplete"",""source_files"":""fulloilandfilter2022to2027;release_2022_2027_final_audit""}",incomplete,oil_type;oil_capacity;stp_filter,2024|mercedesbenz|sprinter3500xd|diesel2
4eefb3d0ffd1d514861eca56,2024,Mini,Cooper,Turbo 2,,,WL10518,,consolidated:full_oil_filter_workbook,"{""napa_gold_filter"":""10518"",""stp_filter"":""S45018"",""source_status"":""EXACT_PRIOR_YEAR_CONTINUITY — Engine Oil: exact 2023 continuity; Oil Capacity: exact 2023 continuity; Oil Plug Torque: exact 2023 continuity. WIX official application matched; NAPA Gold cross-reference derived from WIX/NAPA convention; STP product-level cross-reference validated."",""verification_status"":""incomplete"",""source_files"":""fulloilandfilter2022to2027;release_2022_2027_final_audit""}",incomplete,oil_type;oil_capacity,2024|mini|cooper|turbo2
835562c3ad44264f6e0934cd,2024,Mini,Cooper Clubman,Turbo 2,,,WL10518,,consolidated:full_oil_filter_workbook,"{""napa_gold_filter"":""10518"",""stp_filter"":""S45018"",""source_status"":""EXACT_PRIOR_YEAR_CONTINUITY — Engine Oil: exact 2023 continuity; Oil Capacity: exact 2023 continuity; Oil Plug Torque: exact 2023 continuity. WIX official application matched; NAPA Gold cross-reference derived from WIX/NAPA convention; STP product-level cross-reference validated."",""verification_status"":""incomplete"",""source_files"":""fulloilandfilter2022to2027;release_2022_2027_final_audit""}",incomplete,oil_type;oil_capacity,2024|mini|cooperclubman|turbo2
057864b1160f36d4513126f0,2024,Mini,Cooper Countryman,Hybrid 1.5,,,WL7522,,consolidated:full_oil_filter_workbook,"{""napa_gold_filter"":""7522"",""stp_filter"":""S11885"",""source_status"":""EXACT_PRIOR_YEAR_CONTINUITY — Engine Oil: exact 2023 continuity; Oil Capacity: exact 2023 continuity; Oil Plug Torque: exact 2023 continuity. WIX official application matched; NAPA Gold cross-reference derived from WIX/NAPA convention; STP product-level cross-reference validated."",""verification_status"":""incomplete"",""source_files"":""fulloilandfilter2022to2027;release_2022_2027_final_audit""}",incomplete,oil_type;oil_capacity,2024|mini|coopercountryman|hybrid15
8cd7130dc6b0966724566ff9,2024,Mini,Cooper Countryman,Turbo 2,,,WL10518,,consolidated:full_oil_filter_workbook,"{""napa_gold_filter"":""10518"",""stp_filter"":""S45018"",""source_status"":""EXACT_PRIOR_YEAR_CONTINUITY — Engine Oil: exact 2023 continuity; Oil Capacity: exact 2023 continuity; Oil Plug Torque: exact 2023 continuity. WIX official application matched; NAPA Gold cross-reference derived from WIX/NAPA convention; STP product-level cross-reference validated."",""verification_status"":""incomplete"",""source_files"":""fulloilandfilter2022to2027;release_2022_2027_final_audit""}",incomplete,oil_type;oil_capacity,2024|mini|coopercountryman|turbo2
3e1098d8596db0444d70b9af,2024,Mitsubishi,Outlander PHEV,Hybrid 2.4,,,57356,,consolidated:full_oil_filter_workbook,"{""napa_gold_filter"":""7356"",""source_status"":""EXACT_PRIOR_YEAR_CONTINUITY — Engine Oil: exact 2023 continuity; Oil Capacity: exact 2023 continuity; Oil Plug Torque: exact 2023 continuity. WIX official application matched; NAPA Gold cross-reference derived from WIX/NAPA convention; STP cross-reference not verified."",""verification_status"":""incomplete"",""source_files"":""fulloilandfilter2022to2027;release_2022_2027_final_audit""}",incomplete,oil_type;oil_capacity;stp_filter,2024|mitsubishi|outlanderphev|hybrid24
7774a7c440372d63fdb69cac,2024,Nissan,Altima,Turbo 2,,,51358,,consolidated:full_oil_filter_workbook,"{""napa_gold_filter"":""1358"",""stp_filter"":""PH2865 / PH7028"",""source_status"":""EXACT_PRIOR_YEAR_CONTINUITY — Engine Oil: exact 2023 continuity; Oil Capacity: exact 2023 continuity; Oil Plug Torque: exact 2023 continuity. WIX official application matched; NAPA Gold cross-reference derived from WIX/NAPA convention; STP product-level cross-reference validated."",""verification_status"":""incomplete"",""source_files"":""fulloilandfilter2022to2027;release_2022_2027_final_audit""}",incomplete,oil_type;oil_capacity,2024|nissan|altima|turbo2
de4accba42ee1c363838ba33,2024,Nissan,Z,Turbo 3,,,57356,,consolidated:full_oil_filter_workbook,"{""napa_gold_filter"":""7356"",""source_status"":""EXACT_PRIOR_YEAR_CONTINUITY — Engine Oil: exact 2023 continuity; Oil Capacity: exact 2023 continuity; Oil Plug Torque: exact 2023 continuity. WIX official application matched; NAPA Gold cross-reference derived from WIX/NAPA convention; STP cross-reference not verified."",""verification_status"":""incomplete"",""source_files"":""fulloilandfilter2022to2027;release_2022_2027_final_audit""}",incomplete,oil_type;oil_capacity;stp_filter,2024|nissan|z|turbo3
57cbc2ac4ebade819b827a4f,2024,Porsche,718 Boxster,Turbo 2,,,WL10359,,consolidated:full_oil_filter_workbook,"{""napa_gold_filter"":""10359"",""source_status"":""EXACT_PRIOR_YEAR_CONTINUITY — Engine Oil: exact 2023 continuity; Oil Capacity: exact 2023 continuity; Oil Plug Torque: exact 2023 continuity. WIX official application matched; NAPA Gold cross-reference derived from WIX/NAPA convention; STP cross-reference not verified."",""verification_status"":""incomplete"",""source_files"":""fulloilandfilter2022to2027;release_2022_2027_final_audit""}",incomplete,oil_type;oil_capacity;stp_filter,2024|porsche|718boxster|turbo2
3d184fb28186d1f4d54af1ac,2024,Porsche,718 Cayman,Turbo 2,,,WL10359,,consolidated:full_oil_filter_workbook,"{""napa_gold_filter"":""10359"",""source_status"":""EXACT_PRIOR_YEAR_CONTINUITY — Engine Oil: exact 2023 continuity; Oil Capacity: exact 2023 continuity; Oil Plug Torque: exact 2023 continuity. WIX official application matched; NAPA Gold cross-reference derived from WIX/NAPA convention; STP cross-reference not verified."",""verification_status"":""incomplete"",""source_files"":""fulloilandfilter2022to2027;release_2022_2027_final_audit""}",incomplete,oil_type;oil_capacity;stp_filter,2024|porsche|718cayman|turbo2
a1fa14d245b8404ce72a9de6,2024,Porsche,911,Turbo 3,,,WL10372,,consolidated:full_oil_filter_workbook,"{""napa_gold_filter"":""10372"",""source_status"":""EXACT_PRIOR_YEAR_CONTINUITY — Engine Oil: exact 2023 continuity; Oil Capacity: exact 2023 continuity; Oil Plug Torque: exact 2023 continuity. WIX official application matched; NAPA Gold cross-reference derived from WIX/NAPA convention; STP cross-reference not verified."",""verification_status"":""incomplete"",""source_files"":""fulloilandfilter2022to2027;release_2022_2027_final_audit""}",incomplete,oil_type;oil_capacity;stp_filter,2024|porsche|911|turbo3
1731671e15efb483f3a8258b,2024,Porsche,Cayenne,Turbo 3,,,WL10438,,consolidated:full_oil_filter_workbook,"{""napa_gold_filter"":""10438"",""stp_filter"":""S45005 / S45005XL"",""source_status"":""EXACT_PRIOR_YEAR_CONTINUITY — Engine Oil: exact 2023 continuity; Oil Capacity: exact 2023 continuity; Oil Plug Torque: exact 2023 continuity. WIX official application matched; NAPA Gold cross-reference derived from WIX/NAPA convention; STP product-level cross-reference validated."",""verification_status"":""incomplete"",""source_files"":""fulloilandfilter2022to2027;release_2022_2027_final_audit""}",incomplete,oil_type;oil_capacity,2024|porsche|cayenne|turbo3
9b1b6c9d459b453e99e333ed,2024,Porsche,Cayenne,Turbo 4,,,WL10438,,consolidated:full_oil_filter_workbook,"{""napa_gold_filter"":""10438"",""stp_filter"":""S45005 / S45005XL"",""source_status"":""EXACT_PRIOR_YEAR_CONTINUITY — Engine Oil: exact 2023 continuity; Oil Capacity: exact 2023 continuity; Oil Plug Torque: exact 2023 continuity. WIX official application matched; NAPA Gold cross-reference derived from WIX/NAPA convention; STP product-level cross-reference validated."",""verification_status"":""incomplete"",""source_files"":""fulloilandfilter2022to2027;release_2022_2027_final_audit""}",incomplete,oil_type;oil_capacity,2024|porsche|cayenne|turbo4
1cd0a0d75e1a75fafa9ef4cb,2024,Porsche,Macan,Turbo 2,,,WL10396,,consolidated:full_oil_filter_workbook,"{""napa_gold_filter"":""10396"",""stp_filter"":""S11784 / S11784XL"",""source_status"":""EXACT_PRIOR_YEAR_CONTINUITY — Engine Oil: exact 2023 continuity; Oil Capacity: exact 2023 continuity; Oil Plug Torque: exact 2023 continuity. WIX official application matched; NAPA Gold cross-reference derived from WIX/NAPA convention; STP product-level cross-reference validated."",""verification_status"":""incomplete"",""source_files"":""fulloilandfilter2022to2027;release_2022_2027_final_audit""}",incomplete,oil_type;oil_capacity,2024|porsche|macan|turbo2
c3f9f7f81fff785852397a32,2024,Ram,1500,Hybrid 3.6,,,WL10010,,consolidated:full_oil_filter_workbook,"{""napa_gold_filter"":""10010"",""stp_filter"":""S11665 / S11665XL"",""source_status"":""EXACT_PRIOR_YEAR_CONTINUITY — Engine Oil: exact 2023 continuity; Oil Capacity: exact 2023 continuity; Oil Plug Torque: exact 2023 continuity. WIX official application matched; NAPA Gold cross-reference derived from WIX/NAPA convention; STP product-level cross-reference validated."",""verification_status"":""incomplete"",""source_files"":""fulloilandfilter2022to2027;release_2022_2027_final_audit""}",incomplete,oil_type;oil_capacity,2024|ram|1500|hybrid36
53e416dd934628debaa5c361,2024,Toyota,Crown,2.5,,,,,consolidated:year_make_model_json,"{""verification_status"":""incomplete"",""source_files"":""yearmakemodel.json;completevehiclelist.xlsx-Sheet1.csv""}",incomplete,oil_type;oil_capacity;wix_filter;napa_gold_filter;stp_filter,2024|toyota|crown|25
a2d156ce30fb01fe44d25eb0,2024,Volkswagen,Atlas,Turbo 2,,,WL10396,,consolidated:full_oil_filter_workbook,"{""napa_gold_filter"":""10396"",""stp_filter"":""S11784 / S11784XL"",""source_status"":""EXACT_PRIOR_YEAR_CONTINUITY — Engine Oil: exact 2023 continuity; Oil Capacity: exact 2023 continuity; Oil Plug Torque: exact 2023 continuity. WIX official application matched; NAPA Gold cross-reference derived from WIX/NAPA convention; STP product-level cross-reference validated."",""verification_status"":""incomplete"",""source_files"":""fulloilandfilter2022to2027;release_2022_2027_final_audit""}",incomplete,oil_type;oil_capacity,2024|volkswagen|atlas|turbo2
a4e42618184033aaf0cd5b65,2024,Volkswagen,Golf R,Turbo 2,,,WL10396,,consolidated:full_oil_filter_workbook,"{""napa_gold_filter"":""10396"",""stp_filter"":""S11784 / S11784XL"",""source_status"":""EXACT_PRIOR_YEAR_CONTINUITY — Engine Oil: exact 2023 continuity; Oil Capacity: exact 2023 continuity; Oil Plug Torque: exact 2023 continuity. WIX official application matched; NAPA Gold cross-reference derived from WIX/NAPA convention; STP product-level cross-reference validated."",""verification_status"":""incomplete"",""source_files"":""fulloilandfilter2022to2027;release_2022_2027_final_audit""}",incomplete,oil_type;oil_capacity,2024|volkswagen|golfr|turbo2
0c5aacf2b655451dcb929296,2024,Volkswagen,Gti,Turbo 2,,,WL10396,,consolidated:full_oil_filter_workbook,"{""napa_gold_filter"":""10396"",""stp_filter"":""S11784 / S11784XL"",""source_status"":""EXACT_PRIOR_YEAR_CONTINUITY — Engine Oil: exact 2023 continuity; Oil Capacity: exact 2023 continuity; Oil Plug Torque: exact 2023 continuity. WIX official application matched; NAPA Gold cross-reference derived from WIX/NAPA convention; STP product-level cross-reference validated."",""verification_status"":""incomplete"",""source_files"":""fulloilandfilter2022to2027;release_2022_2027_final_audit""}",incomplete,oil_type;oil_capacity,2024|volkswagen|gti|turbo2
03465e97d202da0aa132e2f8,2024,Volkswagen,Jetta Gli,Turbo 2,,,WL10396,,consolidated:full_oil_filter_workbook,"{""napa_gold_filter"":""10396"",""stp_filter"":""S11784 / S11784XL"",""source_status"":""EXACT_PRIOR_YEAR_CONTINUITY — Engine Oil: exact 2023 continuity; Oil Capacity: exact 2023 continuity; Oil Plug Torque: exact 2023 continuity. WIX official application matched; NAPA Gold cross-reference derived from WIX/NAPA convention; STP product-level cross-reference validated."",""verification_status"":""incomplete"",""source_files"":""fulloilandfilter2022to2027;release_2022_2027_final_audit""}",incomplete,oil_type;oil_capacity,2024|volkswagen|jettagli|turbo2
59daab09653bf853c01d5756,2024,Volkswagen,Tiguan,Turbo 2,,,WL10396,,consolidated:full_oil_filter_workbook,"{""napa_gold_filter"":""10396"",""stp_filter"":""S11784 / S11784XL"",""source_status"":""EXACT_PRIOR_YEAR_CONTINUITY — Engine Oil: exact 2023 continuity; Oil Capacity: exact 2023 continuity; Oil Plug Torque: exact 2023 continuity. WIX official application matched; NAPA Gold cross-reference derived from WIX/NAPA convention; STP product-level cross-reference validated."",""verification_status"":""incomplete"",""source_files"":""fulloilandfilter2022to2027;release_2022_2027_final_audit""}",incomplete,oil_type;oil_capacity,2024|volkswagen|tiguan|turbo2
5e3948e11b62ac968b161c85,2024,Volvo,S60,Turbo 2,,,WL10241,,consolidated:full_oil_filter_workbook,"{""napa_gold_filter"":""10241"",""stp_filter"":""S45012 / S45012XL"",""source_status"":""EXACT_PRIOR_YEAR_CONTINUITY — Engine Oil: exact 2023 continuity; Oil Capacity: exact 2023 continuity; Oil Plug Torque: exact 2023 continuity. WIX official application matched; NAPA Gold cross-reference derived from WIX/NAPA convention; STP product-level cross-reference validated."",""verification_status"":""incomplete"",""source_files"":""fulloilandfilter2022to2027;release_2022_2027_final_audit""}",incomplete,oil_type;oil_capacity,2024|volvo|s60|turbo2
32268fa26e474f7a1d1921f0,2024,Volvo,S90,Turbo 2,,,WL10241,,consolidated:full_oil_filter_workbook,"{""napa_gold_filter"":""10241"",""stp_filter"":""S45012 / S45012XL"",""source_status"":""EXACT_PRIOR_YEAR_CONTINUITY — Engine Oil: exact 2023 continuity; Oil Capacity: exact 2023 continuity; Oil Plug Torque: exact 2023 continuity. WIX official application matched; NAPA Gold cross-reference derived from WIX/NAPA convention; STP product-level cross-reference validated."",""verification_status"":""incomplete"",""source_files"":""fulloilandfilter2022to2027;release_2022_2027_final_audit""}",incomplete,oil_type;oil_capacity,2024|volvo|s90|turbo2
a461878fab30857167427031,2024,Volvo,V60,Turbo 2,,,WL10241,,consolidated:full_oil_filter_workbook,"{""napa_gold_filter"":""10241"",""stp_filter"":""S45012 / S45012XL"",""source_status"":""EXACT_PRIOR_YEAR_CONTINUITY — Engine Oil: exact 2023 continuity; Oil Capacity: exact 2023 continuity; Oil Plug Torque: exact 2023 continuity. WIX official application matched; NAPA Gold cross-reference derived from WIX/NAPA convention; STP product-level cross-reference validated."",""verification_status"":""incomplete"",""source_files"":""fulloilandfilter2022to2027;release_2022_2027_final_audit""}",incomplete,oil_type;oil_capacity,2024|volvo|v60|turbo2
6c6b451897a6da382f55a303,2024,Volvo,V60 Cross Country,Turbo 2,,,WL10241,,consolidated:full_oil_filter_workbook,"{""napa_gold_filter"":""10241"",""stp_filter"":""S45012 / S45012XL"",""source_status"":""EXACT_PRIOR_YEAR_CONTINUITY — Engine Oil: exact 2023 continuity; Oil Capacity: exact 2023 continuity; Oil Plug Torque: exact 2023 continuity. WIX official application matched; NAPA Gold cross-reference derived from WIX/NAPA convention; STP product-level cross-reference validated."",""verification_status"":""incomplete"",""source_files"":""fulloilandfilter2022to2027;release_2022_2027_final_audit""}",incomplete,oil_type;oil_capacity,2024|volvo|v60crosscountry|turbo2
516774d553caf9b6fae950e6,2024,Volvo,V90 Cross Country,Turbo 2,,,WL10241,,consolidated:full_oil_filter_workbook,"{""napa_gold_filter"":""10241"",""stp_filter"":""S45012 / S45012XL"",""source_status"":""ENGINE_FILTER_FAMILY_CONTINUITY — Engine Oil: 11/11 same engine/filter family; Oil Capacity: 11/11 same engine/filter family; Oil Plug Torque: 11/11 same engine/filter family. WIX official application matched; NAPA Gold cross-reference derived from WIX/NAPA convention; STP product-level cross-reference validated."",""verification_status"":""incomplete"",""source_files"":""fulloilandfilter2022to2027;release_2022_2027_final_audit""}",incomplete,oil_type;oil_capacity,2024|volvo|v90crosscountry|turbo2
0c7ca62a52f99fbb5f19af9d,2024,Volvo,Xc40,Turbo 2,,,WL10241,,consolidated:full_oil_filter_workbook,"{""napa_gold_filter"":""10241"",""stp_filter"":""S45012 / S45012XL"",""source_status"":""EXACT_PRIOR_YEAR_CONTINUITY — Engine Oil: exact 2023 continuity; Oil Capacity: exact 2023 continuity; Oil Plug Torque: exact 2023 continuity. WIX official application matched; NAPA Gold cross-reference derived from WIX/NAPA convention; STP product-level cross-reference validated."",""verification_status"":""incomplete"",""source_files"":""fulloilandfilter2022to2027;release_2022_2027_final_audit""}",incomplete,oil_type;oil_capacity,2024|volvo|xc40|turbo2
64edb5efe7f7795268c61c3e,2024,Volvo,Xc60,Turbo 2,,,WL10241,,consolidated:full_oil_filter_workbook,"{""napa_gold_filter"":""10241"",""stp_filter"":""S45012 / S45012XL"",""source_status"":""EXACT_PRIOR_YEAR_CONTINUITY — Engine Oil: exact 2023 continuity; Oil Capacity: exact 2023 continuity; Oil Plug Torque: exact 2023 continuity. WIX official application matched; NAPA Gold cross-reference derived from WIX/NAPA convention; STP product-level cross-reference validated."",""verification_status"":""incomplete"",""source_files"":""fulloilandfilter2022to2027;release_2022_2027_final_audit""}",incomplete,oil_type;oil_capacity,2024|volvo|xc60|turbo2
be5e9712752c066b9ec86778,2024,Volvo,Xc90,Turbo 2,,,WL10241,,consolidated:full_oil_filter_workbook,"{""napa_gold_filter"":""10241"",""stp_filter"":""S45012 / S45012XL"",""source_status"":""EXACT_PRIOR_YEAR_CONTINUITY — Engine Oil: exact 2023 continuity; Oil Capacity: exact 2023 continuity; Oil Plug Torque: exact 2023 continuity. WIX official application matched; NAPA Gold cross-reference derived from WIX/NAPA convention; STP product-level cross-reference validated."",""verification_status"":""incomplete"",""source_files"":""fulloilandfilter2022to2027;release_2022_2027_final_audit""}",incomplete,oil_type;oil_capacity,2024|volvo|xc90|turbo2
03d0edae7f5f09d204ab7d3e,2025,Acura,Adx,Turbo 1.5,,,57356,,consolidated:full_oil_filter_workbook,"{""napa_gold_filter"":""7356"",""source_status"":""ENGINE_FILTER_FAMILY_CONTINUITY — Engine Oil: 2/2 same engine/filter family; Oil Capacity: 2/2 same engine/filter family; Oil Plug Torque: 2/2 same engine/filter family. WIX official application matched; NAPA Gold cross-reference derived from WIX/NAPA convention; STP cross-reference not verified."",""verification_status"":""incomplete"",""source_files"":""fulloilandfilter2022to2027;release_2022_2027_final_audit""}",incomplete,oil_type;oil_capacity;stp_filter,2025|acura|adx|turbo15
b195e0982c6f3ccba1a5d17e,2025,Acura,Mdx,Turbo 3,,,57356,,consolidated:full_oil_filter_workbook,"{""napa_gold_filter"":""7356"",""source_status"":""EXACT_PRIOR_YEAR_CONTINUITY — Engine Oil: exact 2024 continuity; Oil Capacity: exact 2024 continuity; Oil Plug Torque: exact 2024 continuity. WIX official application matched; NAPA Gold cross-reference derived from WIX/NAPA convention; STP cross-reference not verified."",""verification_status"":""incomplete"",""source_files"":""fulloilandfilter2022to2027;release_2022_2027_final_audit""}",incomplete,oil_type;oil_capacity;stp_filter,2025|acura|mdx|turbo3
c866d0893bdde7958759e750,2025,Acura,Rdx,Turbo 2,,,57356,,consolidated:full_oil_filter_workbook,"{""napa_gold_filter"":""7356"",""source_status"":""EXACT_PRIOR_YEAR_CONTINUITY — Engine Oil: exact 2024 continuity; Oil Capacity: exact 2024 continuity; Oil Plug Torque: exact 2024 continuity. WIX official application matched; NAPA Gold cross-reference derived from WIX/NAPA convention; STP cross-reference not verified."",""verification_status"":""incomplete"",""source_files"":""fulloilandfilter2022to2027;release_2022_2027_final_audit""}",incomplete,oil_type;oil_capacity;stp_filter,2025|acura|rdx|turbo2
e714c890e6bfc7def7ed6e48,2025,Acura,Tlx,Turbo 2,,,57356,,consolidated:full_oil_filter_workbook,"{""napa_gold_filter"":""7356"",""source_status"":""EXACT_PRIOR_YEAR_CONTINUITY — Engine Oil: exact 2024 continuity; Oil Capacity: exact 2024 continuity; Oil Plug Torque: exact 2024 continuity. WIX official application matched; NAPA Gold cross-reference derived from WIX/NAPA convention; STP cross-reference not verified."",""verification_status"":""incomplete"",""source_files"":""fulloilandfilter2022to2027;release_2022_2027_final_audit""}",incomplete,oil_type;oil_capacity;stp_filter,2025|acura|tlx|turbo2
8dac92814dd7018a1b344a62,2025,Acura,Tlx,Turbo 3,,,57356,,consolidated:full_oil_filter_workbook,"{""napa_gold_filter"":""7356"",""source_status"":""EXACT_PRIOR_YEAR_CONTINUITY — Engine Oil: exact 2024 continuity; Oil Capacity: exact 2024 continuity; Oil Plug Torque: exact 2024 continuity. WIX official application matched; NAPA Gold cross-reference derived from WIX/NAPA convention; STP cross-reference not verified."",""verification_status"":""incomplete"",""source_files"":""fulloilandfilter2022to2027;release_2022_2027_final_audit""}",incomplete,oil_type;oil_capacity;stp_filter,2025|acura|tlx|turbo3
05fb0be55cb8e5a376c1df2f,2025,Alfa Romeo,Giulia,Turbo 2,,,57060,,consolidated:full_oil_filter_workbook,"{""napa_gold_filter"":""7060"",""stp_filter"":""S3506"",""source_status"":""EXACT_PRIOR_YEAR_CONTINUITY — Engine Oil: exact 2024 continuity; Oil Capacity: exact 2024 continuity; Oil Plug Torque: exact 2024 continuity. WIX official application matched; NAPA Gold cross-reference derived from WIX/NAPA convention; STP product-level cross-reference validated."",""verification_status"":""incomplete"",""source_files"":""fulloilandfilter2022to2027;release_2022_2027_final_audit""}",incomplete,oil_type;oil_capacity,2025|alfaromeo|giulia|turbo2
131238e7ec05ee8736942f0e,2025,Alfa Romeo,Stelvio,Turbo 2,,,57060,,consolidated:full_oil_filter_workbook,"{""napa_gold_filter"":""7060"",""stp_filter"":""S3506"",""source_status"":""EXACT_PRIOR_YEAR_CONTINUITY — Engine Oil: exact 2024 continuity; Oil Capacity: exact 2024 continuity; Oil Plug Torque: exact 2024 continuity. WIX official application matched; NAPA Gold cross-reference derived from WIX/NAPA convention; STP product-level cross-reference validated."",""verification_status"":""incomplete"",""source_files"":""fulloilandfilter2022to2027;release_2022_2027_final_audit""}",incomplete,oil_type;oil_capacity,2025|alfaromeo|stelvio|turbo2
314ef38fbfc7cc1f375069a2,2025,Alfa Romeo,Tonale,Turbo 2,,,57060,,consolidated:full_oil_filter_workbook,"{""napa_gold_filter"":""7060"",""stp_filter"":""S3506"",""source_status"":""EXACT_PRIOR_YEAR_CONTINUITY — Engine Oil: exact 2023 continuity; Oil Capacity: exact 2023 continuity; Oil Plug Torque: exact 2023 continuity. WIX official application matched; NAPA Gold cross-reference derived from WIX/NAPA convention; STP product-level cross-reference validated."",""verification_status"":""incomplete"",""source_files"":""fulloilandfilter2022to2027;release_2022_2027_final_audit""}",incomplete,oil_type;oil_capacity,2025|alfaromeo|tonale|turbo2
8a0b9739a6976d487762f589,2025,Audi,A3,1.4,,,51348,,consolidated:full_oil_filter_workbook,"{""napa_gold_filter"":""1348"",""stp_filter"":""PH2811"",""source_status"":""EXACT_PRIOR_YEAR_CONTINUITY — Engine Oil: exact 2023 continuity; Oil Capacity: exact 2023 continuity; Oil Plug Torque: exact 2023 continuity. WIX official application matched; NAPA Gold cross-reference derived from WIX/NAPA convention; STP product-level cross-reference validated."",""verification_status"":""incomplete"",""source_files"":""fulloilandfilter2022to2027;release_2022_2027_final_audit""}",incomplete,oil_type;oil_capacity,2025|audi|a3|14
774ca749adfad70fd5fbabb5,2025,Audi,A3,Turbo 2,,,WL10396,,consolidated:full_oil_filter_workbook,"{""napa_gold_filter"":""10396"",""stp_filter"":""S11784 / S11784XL"",""source_status"":""EXACT_PRIOR_YEAR_CONTINUITY — Engine Oil: exact 2024 continuity; Oil Capacity: exact 2024 continuity; Oil Plug Torque: exact 2024 continuity. WIX official application matched; NAPA Gold cross-reference derived from WIX/NAPA convention; STP product-level cross-reference validated."",""verification_status"":""incomplete"",""source_files"":""fulloilandfilter2022to2027;release_2022_2027_final_audit""}",incomplete,oil_type;oil_capacity,2025|audi|a3|turbo2
b67afab096199c2f5774d07f,2025,Audi,A3 Quattro,Turbo 2,,,WL10396,,consolidated:full_oil_filter_workbook,"{""napa_gold_filter"":""10396"",""stp_filter"":""S11784 / S11784XL"",""source_status"":""EXACT_PRIOR_YEAR_CONTINUITY — Engine Oil: exact 2024 continuity; Oil Capacity: exact 2024 continuity; Oil Plug Torque: exact 2024 continuity. WIX official application matched; NAPA Gold cross-reference derived from WIX/NAPA convention; STP product-level cross-reference validated."",""verification_status"":""incomplete"",""source_files"":""fulloilandfilter2022to2027;release_2022_2027_final_audit""}",incomplete,oil_type;oil_capacity,2025|audi|a3quattro|turbo2
1de0881e82bf64fd82083a50,2025,Audi,A4 Quattro,Turbo 2,,,WL10396,,consolidated:full_oil_filter_workbook,"{""napa_gold_filter"":""10396"",""stp_filter"":""S11784 / S11784XL"",""source_status"":""EXACT_PRIOR_YEAR_CONTINUITY — Engine Oil: exact 2024 continuity; Oil Capacity: exact 2024 continuity; Oil Plug Torque: exact 2024 continuity. WIX official application matched; NAPA Gold cross-reference derived from WIX/NAPA convention; STP product-level cross-reference validated."",""verification_status"":""incomplete"",""source_files"":""fulloilandfilter2022to2027;release_2022_2027_final_audit""}",incomplete,oil_type;oil_capacity,2025|audi|a4quattro|turbo2
1f3dd42a09792e3d6f8a819a,2025,Audi,A4 allroad,Turbo 2,,,WL10396,,consolidated:full_oil_filter_workbook,"{""napa_gold_filter"":""10396"",""stp_filter"":""S11784 / S11784XL"",""source_status"":""EXACT_PRIOR_YEAR_CONTINUITY — Engine Oil: exact 2024 continuity; Oil Capacity: exact 2024 continuity; Oil Plug Torque: exact 2024 continuity. WIX official application matched; NAPA Gold cross-reference derived from WIX/NAPA convention; STP product-level cross-reference validated."",""verification_status"":""incomplete"",""source_files"":""fulloilandfilter2022to2027;release_2022_2027_final_audit""}",incomplete,oil_type;oil_capacity,2025|audi|a4allroad|turbo2
deeeb9505e3ee0b4bf809126,2025,Audi,A5 Quattro,Turbo 2,,,WL10396,,consolidated:full_oil_filter_workbook,"{""napa_gold_filter"":""10396"",""stp_filter"":""S11784 / S11784XL"",""source_status"":""EXACT_PRIOR_YEAR_CONTINUITY — Engine Oil: exact 2024 continuity; Oil Capacity: exact 2024 continuity; Oil Plug Torque: exact 2024 continuity. WIX official application matched; NAPA Gold cross-reference derived from WIX/NAPA convention; STP product-level cross-reference validated."",""verification_status"":""incomplete"",""source_files"":""fulloilandfilter2022to2027;release_2022_2027_final_audit""}",incomplete,oil_type;oil_capacity,2025|audi|a5quattro|turbo2
7f063344faad0dc5339adf16,2025,Audi,A5 Sportback,Turbo 2,,,WL10396,,consolidated:full_oil_filter_workbook,"{""napa_gold_filter"":""10396"",""stp_filter"":""S11784 / S11784XL"",""source_status"":""EXACT_PRIOR_YEAR_CONTINUITY — Engine Oil: exact 2024 continuity; Oil Capacity: exact 2024 continuity; Oil Plug Torque: exact 2024 continuity. WIX official application matched; NAPA Gold cross-reference derived from WIX/NAPA convention; STP product-level cross-reference validated."",""verification_status"":""incomplete"",""source_files"":""fulloilandfilter2022to2027;release_2022_2027_final_audit""}",incomplete,oil_type;oil_capacity,2025|audi|a5sportback|turbo2
60d434cd99002b8333b36619,2025,Audi,A6 Allroad,Turbo 3,,,WL10438,,consolidated:full_oil_filter_workbook,"{""napa_gold_filter"":""10438"",""stp_filter"":""S45005 / S45005XL"",""source_status"":""EXACT_PRIOR_YEAR_CONTINUITY — Engine Oil: exact 2024 continuity; Oil Capacity: exact 2024 continuity; Oil Plug Torque: exact 2024 continuity. WIX official application matched; NAPA Gold cross-reference derived from WIX/NAPA convention; STP product-level cross-reference validated."",""verification_status"":""incomplete"",""source_files"":""fulloilandfilter2022to2027;release_2022_2027_final_audit""}",incomplete,oil_type;oil_capacity,2025|audi|a6allroad|turbo3
4dc7d3a646f9bd2613c6b08d,2025,Audi,A6 Quattro,Turbo 2,,,WL10396,,consolidated:full_oil_filter_workbook,"{""napa_gold_filter"":""10396"",""stp_filter"":""S11784 / S11784XL"",""source_status"":""EXACT_PRIOR_YEAR_CONTINUITY — Engine Oil: exact 2024 continuity; Oil Capacity: exact 2024 continuity; Oil Plug Torque: exact 2024 continuity. WIX official application matched; NAPA Gold cross-reference derived from WIX/NAPA convention; STP product-level cross-reference validated."",""verification_status"":""incomplete"",""source_files"":""fulloilandfilter2022to2027;release_2022_2027_final_audit""}",incomplete,oil_type;oil_capacity,2025|audi|a6quattro|turbo2
63f108fb6b6bb78dd6d846d5,2025,Audi,A6 Quattro,Turbo 3,,,WL10438,,consolidated:full_oil_filter_workbook,"{""napa_gold_filter"":""10438"",""stp_filter"":""S45005 / S45005XL"",""source_status"":""EXACT_PRIOR_YEAR_CONTINUITY — Engine Oil: exact 2024 continuity; Oil Capacity: exact 2024 continuity; Oil Plug Torque: exact 2024 continuity. WIX official application matched; NAPA Gold cross-reference derived from WIX/NAPA convention; STP product-level cross-reference validated."",""verification_status"":""incomplete"",""source_files"":""fulloilandfilter2022to2027;release_2022_2027_final_audit""}",incomplete,oil_type;oil_capacity,2025|audi|a6quattro|turbo3
d143468b4b137805bab3d5bb,2025,Audi,A7 Sportback,Turbo 3,,,WL10438,,consolidated:full_oil_filter_workbook,"{""napa_gold_filter"":""10438"",""stp_filter"":""S45005 / S45005XL"",""source_status"":""ENGINE_FILTER_FAMILY_CONTINUITY — Engine Oil: 22/22 same engine/filter family; Oil Capacity: 22/22 same engine/filter family; Oil Plug Torque: 22/22 same engine/filter family. WIX official application matched; NAPA Gold cross-reference derived from WIX/NAPA convention; STP product-level cross-reference validated."",""verification_status"":""incomplete"",""source_files"":""fulloilandfilter2022to2027;release_2022_2027_final_audit""}",incomplete,oil_type;oil_capacity,2025|audi|a7sportback|turbo3
06436ffb5787d56976346d54,2025,Audi,A8 Quattro,Turbo 3,,,WL10438,,consolidated:full_oil_filter_workbook,"{""napa_gold_filter"":""10438"",""stp_filter"":""S45005 / S45005XL"",""source_status"":""ENGINE_FILTER_FAMILY_CONTINUITY — Engine Oil: 23/23 same engine/filter family; Oil Capacity: 23/23 same engine/filter family; Oil Plug Torque: 23/23 same engine/filter family. WIX official application matched; NAPA Gold cross-reference derived from WIX/NAPA convention; STP product-level cross-reference validated."",""verification_status"":""incomplete"",""source_files"":""fulloilandfilter2022to2027;release_2022_2027_final_audit""}",incomplete,oil_type;oil_capacity,2025|audi|a8quattro|turbo3
9e11f3d7627c455e7c4f4da1,2025,Audi,Q3,Turbo 2,,,WL10396,,consolidated:full_oil_filter_workbook,"{""napa_gold_filter"":""10396"",""stp_filter"":""S11784 / S11784XL"",""source_status"":""EXACT_PRIOR_YEAR_CONTINUITY — Engine Oil: exact 2024 continuity; Oil Capacity: exact 2024 continuity; Oil Plug Torque: exact 2024 continuity. WIX official application matched; NAPA Gold cross-reference derived from WIX/NAPA convention; STP product-level cross-reference validated."",""verification_status"":""incomplete"",""source_files"":""fulloilandfilter2022to2027;release_2022_2027_final_audit""}",incomplete,oil_type;oil_capacity,2025|audi|q3|turbo2
2ac583dd9f5ce6279f31c9d2,2025,Audi,Q5,Turbo 2,,,WL10396,,consolidated:full_oil_filter_workbook,"{""napa_gold_filter"":""10396"",""stp_filter"":""S11784 / S11784XL"",""source_status"":""EXACT_PRIOR_YEAR_CONTINUITY — Engine Oil: exact 2024 continuity; Oil Capacity: exact 2024 continuity; Oil Plug Torque: exact 2024 continuity. WIX official application matched; NAPA Gold cross-reference derived from WIX/NAPA convention; STP product-level cross-reference validated."",""verification_status"":""incomplete"",""source_files"":""fulloilandfilter2022to2027;release_2022_2027_final_audit""}",incomplete,oil_type;oil_capacity,2025|audi|q5|turbo2
d071c5af9e3fe30a2f7e7b11,2025,Audi,Q5 Phev,Turbo 2,,,WL10396,,consolidated:full_oil_filter_workbook,"{""napa_gold_filter"":""10396"",""stp_filter"":""S11784 / S11784XL"",""source_status"":""EXACT_PRIOR_YEAR_CONTINUITY — Engine Oil: exact 2024 continuity; Oil Capacity: exact 2024 continuity; Oil Plug Torque: exact 2024 continuity. WIX official application matched; NAPA Gold cross-reference derived from WIX/NAPA convention; STP product-level cross-reference validated."",""verification_status"":""incomplete"",""source_files"":""fulloilandfilter2022to2027;release_2022_2027_final_audit""}",incomplete,oil_type;oil_capacity,2025|audi|q5phev|turbo2
fe74e5790f759fcfb06e6a5c,2025,Audi,Q5 Sportback,Hybrid 2,,,WL10396,,consolidated:full_oil_filter_workbook,"{""napa_gold_filter"":""10396"",""stp_filter"":""S11784 / S11784XL"",""source_status"":""ENGINE_FILTER_FAMILY_CONTINUITY — Engine Oil: 1/1 same engine/filter family; Oil Capacity: 1/1 same engine/filter family; Oil Plug Torque: 1/1 same engine/filter family. WIX official application matched; NAPA Gold cross-reference derived from WIX/NAPA convention; STP product-level cross-reference validated."",""verification_status"":""incomplete"",""source_files"":""fulloilandfilter2022to2027;release_2022_2027_final_audit""}",incomplete,oil_type;oil_capacity,2025|audi|q5sportback|hybrid2
1ed22f5299e1c26a8df5178e,2025,Audi,Q7,Turbo 2,,,WL10396,,consolidated:full_oil_filter_workbook,"{""napa_gold_filter"":""10396"",""stp_filter"":""S11784 / S11784XL"",""source_status"":""EXACT_PRIOR_YEAR_CONTINUITY — Engine Oil: exact 2024 continuity; Oil Capacity: exact 2024 continuity; Oil Plug Torque: exact 2024 continuity. WIX official application matched; NAPA Gold cross-reference derived from WIX/NAPA convention; STP product-level cross-reference validated."",""verification_status"":""incomplete"",""source_files"":""fulloilandfilter2022to2027;release_2022_2027_final_audit""}",incomplete,oil_type;oil_capacity,2025|audi|q7|turbo2
0b1ff0ca4ca0c9ea425a6923,2025,Audi,Q7,Turbo 3,,,WL10438,,consolidated:full_oil_filter_workbook,"{""napa_gold_filter"":""10438"",""stp_filter"":""S45005 / S45005XL"",""source_status"":""EXACT_PRIOR_YEAR_CONTINUITY — Engine Oil: exact 2024 continuity; Oil Capacity: exact 2024 continuity; Oil Plug Torque: exact 2024 continuity. WIX official application matched; NAPA Gold cross-reference derived from WIX/NAPA convention; STP product-level cross-reference validated."",""verification_status"":""incomplete"",""source_files"":""fulloilandfilter2022to2027;release_2022_2027_final_audit""}",incomplete,oil_type;oil_capacity,2025|audi|q7|turbo3
e2eedccd58b9280f98def6b8,2025,Audi,Q8,Turbo 3,,,WL10438,,consolidated:full_oil_filter_workbook,"{""napa_gold_filter"":""10438"",""stp_filter"":""S45005 / S45005XL"",""source_status"":""EXACT_PRIOR_YEAR_CONTINUITY — Engine Oil: exact 2024 continuity; Oil Capacity: exact 2024 continuity; Oil Plug Torque: exact 2024 continuity. WIX official application matched; NAPA Gold cross-reference derived from WIX/NAPA convention; STP product-level cross-reference validated."",""verification_status"":""incomplete"",""source_files"":""fulloilandfilter2022to2027;release_2022_2027_final_audit""}",incomplete,oil_type;oil_capacity,2025|audi|q8|turbo3
1dcf3455fc96b2160e9ec2e4,2025,Audi,Rs 3,Turbo 2.5,0W-30,,57187,,consolidated:full_oil_filter_workbook,"{""oil_plug_torque"":""18 ft. lbs."",""napa_gold_filter"":""7187"",""stp_filter"":""S9911"",""source_status"":""EXACT_PRIOR_YEAR_CONTINUITY — Engine Oil: exact 2024 continuity; Oil Capacity: exact 2024 continuity; Oil Plug Torque: exact 2024 continuity. WIX official application matched; NAPA Gold cross-reference derived from WIX/NAPA convention; STP product-level cross-reference validated."",""verification_status"":""incomplete"",""source_files"":""fulloilandfilter2022to2027;release_2022_2027_final_audit""}",incomplete,oil_capacity,2025|audi|rs3|turbo25
46a64f5c1b5fb77e55c13647,2025,Audi,Rs Q8,Turbo 4,,,WL10438,,consolidated:full_oil_filter_workbook,"{""napa_gold_filter"":""10438"",""stp_filter"":""S45005 / S45005XL"",""source_status"":""EXACT_PRIOR_YEAR_CONTINUITY — Engine Oil: exact 2024 continuity; Oil Capacity: exact 2024 continuity; Oil Plug Torque: exact 2024 continuity. WIX official application matched; NAPA Gold cross-reference derived from WIX/NAPA convention; STP product-level cross-reference validated."",""verification_status"":""incomplete"",""source_files"":""fulloilandfilter2022to2027;release_2022_2027_final_audit""}",incomplete,oil_type;oil_capacity,2025|audi|rsq8|turbo4
f3a1090b65b5475fc47fbbc8,2025,Audi,Rs6 Avant,Turbo 4,,,WL10438,,consolidated:full_oil_filter_workbook,"{""napa_gold_filter"":""10438"",""stp_filter"":""S45005 / S45005XL"",""source_status"":""EXACT_PRIOR_YEAR_CONTINUITY — Engine Oil: exact 2024 continuity; Oil Capacity: exact 2024 continuity; Oil Plug Torque: exact 2024 continuity. WIX official application matched; NAPA Gold cross-reference derived from WIX/NAPA convention; STP product-level cross-reference validated."",""verification_status"":""incomplete"",""source_files"":""fulloilandfilter2022to2027;release_2022_2027_final_audit""}",incomplete,oil_type;oil_capacity,2025|audi|rs6avant|turbo4
724b1e601926640d0ac4748a,2025,Audi,Rs7 Sportback,Turbo 4,,,WL10438,,consolidated:full_oil_filter_workbook,"{""napa_gold_filter"":""10438"",""stp_filter"":""S45005 / S45005XL"",""source_status"":""EXACT_PRIOR_YEAR_CONTINUITY — Engine Oil: exact 2024 continuity; Oil Capacity: exact 2024 continuity; Oil Plug Torque: exact 2024 continuity. WIX official application matched; NAPA Gold cross-reference derived from WIX/NAPA convention; STP product-level cross-reference validated."",""verification_status"":""incomplete"",""source_files"":""fulloilandfilter2022to2027;release_2022_2027_final_audit""}",incomplete,oil_type;oil_capacity,2025|audi|rs7sportback|turbo4
50524e89618c48236fdd9785,2025,Audi,S3,Turbo 4,,,WL10396,,consolidated:full_oil_filter_workbook,"{""napa_gold_filter"":""10396"",""stp_filter"":""S11784 / S11784XL"",""source_status"":""EXACT_PRIOR_YEAR_CONTINUITY — Engine Oil: exact 2024 continuity; Oil Capacity: exact 2024 continuity; Oil Plug Torque: exact 2024 continuity. WIX official application matched; NAPA Gold cross-reference derived from WIX/NAPA convention; STP product-level cross-reference validated."",""verification_status"":""incomplete"",""source_files"":""fulloilandfilter2022to2027;release_2022_2027_final_audit""}",incomplete,oil_type;oil_capacity,2025|audi|s3|turbo4
875021e820bbdfc5f92e8326,2025,Audi,S4,Turbo 3,,,WL10438,,consolidated:full_oil_filter_workbook,"{""napa_gold_filter"":""10438"",""stp_filter"":""S45005 / S45005XL"",""source_status"":""EXACT_PRIOR_YEAR_CONTINUITY — Engine Oil: exact 2024 continuity; Oil Capacity: exact 2024 continuity; Oil Plug Torque: exact 2024 continuity. WIX official application matched; NAPA Gold cross-reference derived from WIX/NAPA convention; STP product-level cross-reference validated."",""verification_status"":""incomplete"",""source_files"":""fulloilandfilter2022to2027;release_2022_2027_final_audit""}",incomplete,oil_type;oil_capacity,2025|audi|s4|turbo3
ca13ea11b22e57a6e1f74ae0,2025,Audi,S5,Turbo 3,,,WL10438,,consolidated:full_oil_filter_workbook,"{""napa_gold_filter"":""10438"",""stp_filter"":""S45005 / S45005XL"",""source_status"":""EXACT_PRIOR_YEAR_CONTINUITY — Engine Oil: exact 2024 continuity; Oil Capacity: exact 2024 continuity; Oil Plug Torque: exact 2024 continuity. WIX official application matched; NAPA Gold cross-reference derived from WIX/NAPA convention; STP product-level cross-reference validated."",""verification_status"":""incomplete"",""source_files"":""fulloilandfilter2022to2027;release_2022_2027_final_audit""}",incomplete,oil_type;oil_capacity,2025|audi|s5|turbo3
2d3016929c0b9580c22844c7,2025,Audi,S5 Sportback,3,,,WL10438,,consolidated:full_oil_filter_workbook,"{""napa_gold_filter"":""10438"",""stp_filter"":""S45005 / S45005XL"",""source_status"":""EXACT_PRIOR_YEAR_CONTINUITY — Engine Oil: exact 2024 continuity; Oil Capacity: exact 2024 continuity; Oil Plug Torque: exact 2024 continuity. WIX official application matched; NAPA Gold cross-reference derived from WIX/NAPA convention; STP product-level cross-reference validated."",""verification_status"":""incomplete"",""source_files"":""fulloilandfilter2022to2027;release_2022_2027_final_audit""}",incomplete,oil_type;oil_capacity,2025|audi|s5sportback|3
6754903c8156a8f8a50e0fb4,2025,Audi,S8,Turbo 4,,,WL10438,,consolidated:full_oil_filter_workbook,"{""napa_gold_filter"":""10438"",""stp_filter"":""S45005 / S45005XL"",""source_status"":""EXACT_PRIOR_YEAR_CONTINUITY — Engine Oil: exact 2024 continuity; Oil Capacity: exact 2024 continuity; Oil Plug Torque: exact 2024 continuity. WIX official application matched; NAPA Gold cross-reference derived from WIX/NAPA convention; STP product-level cross-reference validated."",""verification_status"":""incomplete"",""source_files"":""fulloilandfilter2022to2027;release_2022_2027_final_audit""}",incomplete,oil_type;oil_capacity,2025|audi|s8|turbo4
061d53df122cd23fc2857ca7,2025,Audi,SQ5 Sportback,Turbo 3,,,WL10438,,consolidated:full_oil_filter_workbook,"{""napa_gold_filter"":""10438"",""stp_filter"":""S45005 / S45005XL"",""source_status"":""EXACT_PRIOR_YEAR_CONTINUITY — Engine Oil: exact 2024 continuity; Oil Capacity: exact 2024 continuity; Oil Plug Torque: exact 2024 continuity. WIX official application matched; NAPA Gold cross-reference derived from WIX/NAPA convention; STP product-level cross-reference validated."",""verification_status"":""incomplete"",""source_files"":""fulloilandfilter2022to2027;release_2022_2027_final_audit""}",incomplete,oil_type;oil_capacity,2025|audi|sq5sportback|turbo3
68758ab5582aa90459221a27,2025,Audi,Sq5,Turbo 3,,,WL10438,,consolidated:full_oil_filter_workbook,"{""napa_gold_filter"":""10438"",""stp_filter"":""S45005 / S45005XL"",""source_status"":""EXACT_PRIOR_YEAR_CONTINUITY — Engine Oil: exact 2024 continuity; Oil Capacity: exact 2024 continuity; Oil Plug Torque: exact 2024 continuity. WIX official application matched; NAPA Gold cross-reference derived from WIX/NAPA convention; STP product-level cross-reference validated."",""verification_status"":""incomplete"",""source_files"":""fulloilandfilter2022to2027;release_2022_2027_final_audit""}",incomplete,oil_type;oil_capacity,2025|audi|sq5|turbo3
94550e022bae2888aced5e0d,2025,Audi,Sq7,Turbo 4,,,WL10438,,consolidated:full_oil_filter_workbook,"{""napa_gold_filter"":""10438"",""stp_filter"":""S45005 / S45005XL"",""source_status"":""EXACT_PRIOR_YEAR_CONTINUITY — Engine Oil: exact 2024 continuity; Oil Capacity: exact 2024 continuity; Oil Plug Torque: exact 2024 continuity. WIX official application matched; NAPA Gold cross-reference derived from WIX/NAPA convention; STP product-level cross-reference validated."",""verification_status"":""incomplete"",""source_files"":""fulloilandfilter2022to2027;release_2022_2027_final_audit""}",incomplete,oil_type;oil_capacity,2025|audi|sq7|turbo4
1135afa143c7b4db8daf3a84,2025,Audi,Sq8,Turbo 4,,,WL10438,,consolidated:full_oil_filter_workbook,"{""napa_gold_filter"":""10438"",""stp_filter"":""S45005 / S45005XL"",""source_status"":""EXACT_PRIOR_YEAR_CONTINUITY — Engine Oil: exact 2024 continuity; Oil Capacity: exact 2024 continuity; Oil Plug Torque: exact 2024 continuity. WIX official application matched; NAPA Gold cross-reference derived from WIX/NAPA convention; STP product-level cross-reference validated."",""verification_status"":""incomplete"",""source_files"":""fulloilandfilter2022to2027;release_2022_2027_final_audit""}",incomplete,oil_type;oil_capacity,2025|audi|sq8|turbo4
efc6aca385d5d915ac0c90be,2025,BMW,218i Gran Coupe,1.5,,,WL10518,,consolidated:full_oil_filter_workbook,"{""napa_gold_filter"":""10518"",""stp_filter"":""S45018"",""source_status"":""ENGINE_FILTER_FAMILY_CONTINUITY — Engine Oil: 4/4 same engine/filter family; Oil Capacity: 4/4 same engine/filter family; Oil Plug Torque: 4/4 same engine/filter family. WIX official application matched; NAPA Gold cross-reference derived from WIX/NAPA convention; STP product-level cross-reference validated."",""verification_status"":""incomplete"",""source_files"":""fulloilandfilter2022to2027;release_2022_2027_final_audit""}",incomplete,oil_type;oil_capacity,2025|bmw|218igrancoupe|15
92ca0eb68855d94c4094c758,2025,BMW,228 xDrive Gran Coupe,Turbo 2,,,WL7522,,consolidated:full_oil_filter_workbook,"{""napa_gold_filter"":""7522"",""stp_filter"":""S11885"",""source_status"":""ENGINE_FILTER_FAMILY_CONTINUITY — Engine Oil: 3/3 same engine/filter family; Oil Capacity: 3/3 same engine/filter family; Oil Plug Torque: 3/3 same engine/filter family. WIX official application matched; NAPA Gold cross-reference derived from WIX/NAPA convention; STP product-level cross-reference validated."",""verification_status"":""incomplete"",""source_files"":""fulloilandfilter2022to2027;release_2022_2027_final_audit""}",incomplete,oil_type;oil_capacity,2025|bmw|228xdrivegrancoupe|turbo2
4e71be5befa2545af7e66ecc,2025,BMW,230i,Turbo 2,,,WL10358,,consolidated:full_oil_filter_workbook,"{""napa_gold_filter"":""10358"",""stp_filter"":""S45014 / S45014XL"",""source_status"":""EXACT_PRIOR_YEAR_CONTINUITY — Engine Oil: exact 2024 continuity; Oil Capacity: exact 2024 continuity; Oil Plug Torque: exact 2024 continuity. WIX official application matched; NAPA Gold cross-reference derived from WIX/NAPA convention; STP product-level cross-reference validated."",""verification_status"":""incomplete"",""source_files"":""fulloilandfilter2022to2027;release_2022_2027_final_audit""}",incomplete,oil_type;oil_capacity,2025|bmw|230i|turbo2
5b5ab17da515e2052e4258ef,2025,BMW,230i xDrive,Turbo 2,,,WL10358,,consolidated:full_oil_filter_workbook,"{""napa_gold_filter"":""10358"",""stp_filter"":""S45014 / S45014XL"",""source_status"":""EXACT_PRIOR_YEAR_CONTINUITY — Engine Oil: exact 2024 continuity; Oil Capacity: exact 2024 continuity; Oil Plug Torque: exact 2024 continuity. WIX official application matched; NAPA Gold cross-reference derived from WIX/NAPA convention; STP product-level cross-reference validated."",""verification_status"":""incomplete"",""source_files"":""fulloilandfilter2022to2027;release_2022_2027_final_audit""}",incomplete,oil_type;oil_capacity,2025|bmw|230ixdrive|turbo2
099352c941ed788073cd4f63,2025,BMW,330i,Turbo 2,,,WL7522,,consolidated:full_oil_filter_workbook,"{""napa_gold_filter"":""7522"",""stp_filter"":""S11885"",""source_status"":""EXACT_PRIOR_YEAR_CONTINUITY — Engine Oil: exact 2024 continuity; Oil Capacity: exact 2024 continuity; Oil Plug Torque: exact 2024 continuity. WIX official application matched; NAPA Gold cross-reference derived from WIX/NAPA convention; STP product-level cross-reference validated."",""verification_status"":""incomplete"",""source_files"":""fulloilandfilter2022to2027;release_2022_2027_final_audit""}",incomplete,oil_type;oil_capacity,2025|bmw|330i|turbo2
876254e16b0f62813894e3ca,2025,BMW,330i xDrive,Turbo 2,,,WL10358,,consolidated:full_oil_filter_workbook,"{""napa_gold_filter"":""10358"",""stp_filter"":""S45014 / S45014XL"",""source_status"":""EXACT_PRIOR_YEAR_CONTINUITY — Engine Oil: exact 2024 continuity; Oil Capacity: exact 2024 continuity; Oil Plug Torque: exact 2024 continuity. WIX official application matched; NAPA Gold cross-reference derived from WIX/NAPA convention; STP product-level cross-reference validated."",""verification_status"":""incomplete"",""source_files"":""fulloilandfilter2022to2027;release_2022_2027_final_audit""}",incomplete,oil_type;oil_capacity,2025|bmw|330ixdrive|turbo2
8645f6b789c8f258bdfc1c80,2025,BMW,430i,Turbo 2,,,WL10358,,consolidated:full_oil_filter_workbook,"{""napa_gold_filter"":""10358"",""stp_filter"":""S45014 / S45014XL"",""source_status"":""EXACT_PRIOR_YEAR_CONTINUITY — Engine Oil: exact 2024 continuity; Oil Capacity: exact 2024 continuity; Oil Plug Torque: exact 2024 continuity. WIX official application matched; NAPA Gold cross-reference derived from WIX/NAPA convention; STP product-level cross-reference validated."",""verification_status"":""incomplete"",""source_files"":""fulloilandfilter2022to2027;release_2022_2027_final_audit""}",incomplete,oil_type;oil_capacity,2025|bmw|430i|turbo2
314317a2ec867ebe8f2ee7c1,2025,BMW,430i Gran Coupe,Turbo 2,,,WL10358,,consolidated:full_oil_filter_workbook,"{""napa_gold_filter"":""10358"",""stp_filter"":""S45014 / S45014XL"",""source_status"":""EXACT_PRIOR_YEAR_CONTINUITY — Engine Oil: exact 2024 continuity; Oil Capacity: exact 2024 continuity; Oil Plug Torque: exact 2024 continuity. WIX official application matched; NAPA Gold cross-reference derived from WIX/NAPA convention; STP product-level cross-reference validated."",""verification_status"":""incomplete"",""source_files"":""fulloilandfilter2022to2027;release_2022_2027_final_audit""}",incomplete,oil_type;oil_capacity,2025|bmw|430igrancoupe|turbo2
f1802dc90fc7b910f5c8af56,2025,BMW,430i xDrive,Turbo 2,,,WL10358,,consolidated:full_oil_filter_workbook,"{""napa_gold_filter"":""10358"",""stp_filter"":""S45014 / S45014XL"",""source_status"":""EXACT_PRIOR_YEAR_CONTINUITY — Engine Oil: exact 2024 continuity; Oil Capacity: exact 2024 continuity; Oil Plug Torque: exact 2024 continuity. WIX official application matched; NAPA Gold cross-reference derived from WIX/NAPA convention; STP product-level cross-reference validated."",""verification_status"":""incomplete"",""source_files"":""fulloilandfilter2022to2027;release_2022_2027_final_audit""}",incomplete,oil_type;oil_capacity,2025|bmw|430ixdrive|turbo2
de42919c1ff65226c4409923,2025,BMW,430i xDrive Gran Coupe,Turbo 2,,,WL10358,,consolidated:full_oil_filter_workbook,"{""napa_gold_filter"":""10358"",""stp_filter"":""S45014 / S45014XL"",""source_status"":""EXACT_PRIOR_YEAR_CONTINUITY — Engine Oil: exact 2024 continuity; Oil Capacity: exact 2024 continuity; Oil Plug Torque: exact 2024 continuity. WIX official application matched; NAPA Gold cross-reference derived from WIX/NAPA convention; STP product-level cross-reference validated."",""verification_status"":""incomplete"",""source_files"":""fulloilandfilter2022to2027;release_2022_2027_final_audit""}",incomplete,oil_type;oil_capacity,2025|bmw|430ixdrivegrancoupe|turbo2
70210c8c52f00d14396d3314,2025,BMW,530I,Turbo 2,,,WL10358,,consolidated:full_oil_filter_workbook,"{""napa_gold_filter"":""10358"",""stp_filter"":""S45014 / S45014XL"",""source_status"":""EXACT_PRIOR_YEAR_CONTINUITY — Engine Oil: exact 2024 continuity; Oil Capacity: exact 2024 continuity; Oil Plug Torque: exact 2024 continuity. WIX official application matched; NAPA Gold cross-reference derived from WIX/NAPA convention; STP product-level cross-reference validated."",""verification_status"":""incomplete"",""source_files"":""fulloilandfilter2022to2027;release_2022_2027_final_audit""}",incomplete,oil_type;oil_capacity,2025|bmw|530i|turbo2
d58ef11ef1da19bd00e47073,2025,BMW,530i xDrive,Turbo 2,,,WL10358,,consolidated:full_oil_filter_workbook,"{""napa_gold_filter"":""10358"",""stp_filter"":""S45014 / S45014XL"",""source_status"":""EXACT_PRIOR_YEAR_CONTINUITY — Engine Oil: exact 2024 continuity; Oil Capacity: exact 2024 continuity; Oil Plug Torque: exact 2024 continuity. WIX official application matched; NAPA Gold cross-reference derived from WIX/NAPA convention; STP product-level cross-reference validated."",""verification_status"":""incomplete"",""source_files"":""fulloilandfilter2022to2027;release_2022_2027_final_audit""}",incomplete,oil_type;oil_capacity,2025|bmw|530ixdrive|turbo2
04285c453a351295ecbe9475,2025,BMW,540i xDrive,Turbo 3,,,WL10342,,consolidated:full_oil_filter_workbook,"{""napa_gold_filter"":""10342"",""stp_filter"":""S90186 / S90186XL"",""source_status"":""EXACT_PRIOR_YEAR_CONTINUITY — Engine Oil: exact 2024 continuity; Oil Capacity: exact 2024 continuity; Oil Plug Torque: exact 2024 continuity. WIX official application matched; NAPA Gold cross-reference derived from WIX/NAPA convention; STP product-level cross-reference validated."",""verification_status"":""incomplete"",""source_files"":""fulloilandfilter2022to2027;release_2022_2027_final_audit""}",incomplete,oil_type;oil_capacity,2025|bmw|540ixdrive|turbo3
15c7a06c3eb65affd2ab5025,2025,BMW,550e XDrive,Turbo 3,,,WL10342,,consolidated:full_oil_filter_workbook,"{""napa_gold_filter"":""10342"",""stp_filter"":""S90186 / S90186XL"",""source_status"":""ENGINE_FILTER_FAMILY_CONTINUITY — Engine Oil: 28/28 same engine/filter family; Oil Capacity: 28/28 same engine/filter family; Oil Plug Torque: 28/28 same engine/filter family. WIX official application matched; NAPA Gold cross-reference derived from WIX/NAPA convention; STP product-level cross-reference validated."",""verification_status"":""incomplete"",""source_files"":""fulloilandfilter2022to2027;release_2022_2027_final_audit""}",incomplete,oil_type;oil_capacity,2025|bmw|550exdrive|turbo3
b0515ab266c1954b6b1453b3,2025,BMW,740I,Turbo 3,,,WL10342,,consolidated:full_oil_filter_workbook,"{""napa_gold_filter"":""10342"",""stp_filter"":""S90186 / S90186XL"",""source_status"":""EXACT_PRIOR_YEAR_CONTINUITY — Engine Oil: exact 2024 continuity; Oil Capacity: exact 2024 continuity; Oil Plug Torque: exact 2024 continuity. WIX official application matched; NAPA Gold cross-reference derived from WIX/NAPA convention; STP product-level cross-reference validated."",""verification_status"":""incomplete"",""source_files"":""fulloilandfilter2022to2027;release_2022_2027_final_audit""}",incomplete,oil_type;oil_capacity,2025|bmw|740i|turbo3
68823ffd071cb11465bc6ac8,2025,BMW,740i xDrive,Turbo 3,,,WL10342,,consolidated:full_oil_filter_workbook,"{""napa_gold_filter"":""10342"",""stp_filter"":""S90186 / S90186XL"",""source_status"":""EXACT_PRIOR_YEAR_CONTINUITY — Engine Oil: exact 2024 continuity; Oil Capacity: exact 2024 continuity; Oil Plug Torque: exact 2024 continuity. WIX official application matched; NAPA Gold cross-reference derived from WIX/NAPA convention; STP product-level cross-reference validated."",""verification_status"":""incomplete"",""source_files"":""fulloilandfilter2022to2027;release_2022_2027_final_audit""}",incomplete,oil_type;oil_capacity,2025|bmw|740ixdrive|turbo3
9e11514023840f7aa0de14e3,2025,BMW,750e,Turbo 3,,,WL10342,,consolidated:full_oil_filter_workbook,"{""napa_gold_filter"":""10342"",""stp_filter"":""S90186 / S90186XL"",""source_status"":""EXACT_PRIOR_YEAR_CONTINUITY — Engine Oil: exact 2024 continuity; Oil Capacity: exact 2024 continuity; Oil Plug Torque: exact 2024 continuity. WIX official application matched; NAPA Gold cross-reference derived from WIX/NAPA convention; STP product-level cross-reference validated."",""verification_status"":""incomplete"",""source_files"":""fulloilandfilter2022to2027;release_2022_2027_final_audit""}",incomplete,oil_type;oil_capacity,2025|bmw|750e|turbo3
845b7365610c96a5a13a2354,2025,BMW,M2,Turbo 3,,,WL10656,,consolidated:full_oil_filter_workbook,"{""napa_gold_filter"":""10656"",""source_status"":""EXACT_PRIOR_YEAR_CONTINUITY — Engine Oil: exact 2024 continuity; Oil Capacity: exact 2024 continuity; Oil Plug Torque: exact 2024 continuity. WIX official application matched; NAPA Gold cross-reference derived from WIX/NAPA convention; STP cross-reference not verified."",""verification_status"":""incomplete"",""source_files"":""fulloilandfilter2022to2027;release_2022_2027_final_audit""}",incomplete,oil_type;oil_capacity;stp_filter,2025|bmw|m2|turbo3
03ae99906b9f2a48800a2a73,2025,BMW,M235 xDrive Gran Coupe,Turbo 2,,,WL7522,,consolidated:full_oil_filter_workbook,"{""napa_gold_filter"":""7522"",""stp_filter"":""S11885"",""source_status"":""ENGINE_FILTER_FAMILY_CONTINUITY — Engine Oil: 5/5 same engine/filter family; Oil Capacity: 5/5 same engine/filter family; Oil Plug Torque: 5/5 same engine/filter family. WIX official application matched; NAPA Gold cross-reference derived from WIX/NAPA convention; STP product-level cross-reference validated."",""verification_status"":""incomplete"",""source_files"":""fulloilandfilter2022to2027;release_2022_2027_final_audit""}",incomplete,oil_type;oil_capacity,2025|bmw|m235xdrivegrancoupe|turbo2
c2679f2c5376b20ce70a7c0d,2025,BMW,M235i xDrive Gran Coupe,Turbo 2,,,WL7522,,consolidated:full_oil_filter_workbook,"{""napa_gold_filter"":""7522"",""stp_filter"":""S11885"",""source_status"":""EXACT_PRIOR_YEAR_CONTINUITY — Engine Oil: exact 2024 continuity; Oil Capacity: exact 2024 continuity; Oil Plug Torque: exact 2024 continuity. WIX official application matched; NAPA Gold cross-reference derived from WIX/NAPA convention; STP product-level cross-reference validated."",""verification_status"":""incomplete"",""source_files"":""fulloilandfilter2022to2027;release_2022_2027_final_audit""}",incomplete,oil_type;oil_capacity,2025|bmw|m235ixdrivegrancoupe|turbo2
59d94d5e3825ed2c2b7da38f,2025,BMW,M240i,Turbo 3,,,WL10342,,consolidated:full_oil_filter_workbook,"{""napa_gold_filter"":""10342"",""stp_filter"":""S90186 / S90186XL"",""source_status"":""EXACT_PRIOR_YEAR_CONTINUITY — Engine Oil: exact 2024 continuity; Oil Capacity: exact 2024 continuity; Oil Plug Torque: exact 2024 continuity. WIX official application matched; NAPA Gold cross-reference derived from WIX/NAPA convention; STP product-level cross-reference validated."",""verification_status"":""incomplete"",""source_files"":""fulloilandfilter2022to2027;release_2022_2027_final_audit""}",incomplete,oil_type;oil_capacity,2025|bmw|m240i|turbo3
8779bd3fcbfae8f7bd141b97,2025,BMW,M3,Turbo 3,,,WL10656,,consolidated:full_oil_filter_workbook,"{""napa_gold_filter"":""10656"",""source_status"":""EXACT_PRIOR_YEAR_CONTINUITY — Engine Oil: exact 2024 continuity; Oil Capacity: exact 2024 continuity; Oil Plug Torque: exact 2024 continuity. WIX official application matched; NAPA Gold cross-reference derived from WIX/NAPA convention; STP cross-reference not verified."",""verification_status"":""incomplete"",""source_files"":""fulloilandfilter2022to2027;release_2022_2027_final_audit""}",incomplete,oil_type;oil_capacity;stp_filter,2025|bmw|m3|turbo3
b3b39caac26a5a9b5e537c59,2025,BMW,M4,Turbo 3,,,WL10656,,consolidated:full_oil_filter_workbook,"{""napa_gold_filter"":""10656"",""source_status"":""EXACT_PRIOR_YEAR_CONTINUITY — Engine Oil: exact 2024 continuity; Oil Capacity: exact 2024 continuity; Oil Plug Torque: exact 2024 continuity. WIX official application matched; NAPA Gold cross-reference derived from WIX/NAPA convention; STP cross-reference not verified."",""verification_status"":""incomplete"",""source_files"":""fulloilandfilter2022to2027;release_2022_2027_final_audit""}",incomplete,oil_type;oil_capacity;stp_filter,2025|bmw|m4|turbo3
34ff52c54b3ca9fda85a41e5,2025,BMW,M440i xDrive Gran Coupe,Turbo 3,,,WL10342,,consolidated:full_oil_filter_workbook,"{""napa_gold_filter"":""10342"",""stp_filter"":""S90186 / S90186XL"",""source_status"":""EXACT_PRIOR_YEAR_CONTINUITY — Engine Oil: exact 2024 continuity; Oil Capacity: exact 2024 continuity; Oil Plug Torque: exact 2024 continuity. WIX official application matched; NAPA Gold cross-reference derived from WIX/NAPA convention; STP product-level cross-reference validated."",""verification_status"":""incomplete"",""source_files"":""fulloilandfilter2022to2027;release_2022_2027_final_audit""}",incomplete,oil_type;oil_capacity,2025|bmw|m440ixdrivegrancoupe|turbo3
489440ecb44286753695d5f2,2025,BMW,X1,Turbo 2,,,WL7522,,consolidated:full_oil_filter_workbook,"{""napa_gold_filter"":""7522"",""stp_filter"":""S11885"",""source_status"":""EXACT_PRIOR_YEAR_CONTINUITY — Engine Oil: exact 2024 continuity; Oil Capacity: exact 2024 continuity; Oil Plug Torque: exact 2024 continuity. WIX official application matched; NAPA Gold cross-reference derived from WIX/NAPA convention; STP product-level cross-reference validated."",""verification_status"":""incomplete"",""source_files"":""fulloilandfilter2022to2027;release_2022_2027_final_audit""}",incomplete,oil_type;oil_capacity,2025|bmw|x1|turbo2
dee7aa69d2a92885ad7ef2c0,2025,BMW,X2,Turbo 2,,,WL10518,,consolidated:full_oil_filter_workbook,"{""napa_gold_filter"":""10518"",""stp_filter"":""S45018"",""source_status"":""EXACT_PRIOR_YEAR_CONTINUITY — Engine Oil: exact 2024 continuity; Oil Capacity: exact 2024 continuity; Oil Plug Torque: exact 2024 continuity. WIX official application matched; NAPA Gold cross-reference derived from WIX/NAPA convention; STP product-level cross-reference validated."",""verification_status"":""incomplete"",""source_files"":""fulloilandfilter2022to2027;release_2022_2027_final_audit""}",incomplete,oil_type;oil_capacity,2025|bmw|x2|turbo2
fd411cb9caf9196716be3e9c,2025,BMW,X3,Turbo 2,,,WL10358,,consolidated:full_oil_filter_workbook,"{""napa_gold_filter"":""10358"",""stp_filter"":""S45014 / S45014XL"",""source_status"":""EXACT_PRIOR_YEAR_CONTINUITY — Engine Oil: exact 2024 continuity; Oil Capacity: exact 2024 continuity; Oil Plug Torque: exact 2024 continuity. WIX official application matched; NAPA Gold cross-reference derived from WIX/NAPA convention; STP product-level cross-reference validated."",""verification_status"":""incomplete"",""source_files"":""fulloilandfilter2022to2027;release_2022_2027_final_audit""}",incomplete,oil_type;oil_capacity,2025|bmw|x3|turbo2
9a87909c212fca8f3c001e03,2025,BMW,X3,Turbo 3,,,WL10342,,consolidated:full_oil_filter_workbook,"{""napa_gold_filter"":""10342"",""stp_filter"":""S90186 / S90186XL"",""source_status"":""EXACT_PRIOR_YEAR_CONTINUITY — Engine Oil: exact 2024 continuity; Oil Capacity: exact 2024 continuity; Oil Plug Torque: exact 2024 continuity. WIX official application matched; NAPA Gold cross-reference derived from WIX/NAPA convention; STP product-level cross-reference validated."",""verification_status"":""incomplete"",""source_files"":""fulloilandfilter2022to2027;release_2022_2027_final_audit""}",incomplete,oil_type;oil_capacity,2025|bmw|x3|turbo3
1ab3f38400577db6e948a994,2025,BMW,X4,Turbo 2,,,WL10358,,consolidated:full_oil_filter_workbook,"{""napa_gold_filter"":""10358"",""stp_filter"":""S45014 / S45014XL"",""source_status"":""EXACT_PRIOR_YEAR_CONTINUITY — Engine Oil: exact 2024 continuity; Oil Capacity: exact 2024 continuity; Oil Plug Torque: exact 2024 continuity. WIX official application matched; NAPA Gold cross-reference derived from WIX/NAPA convention; STP product-level cross-reference validated."",""verification_status"":""incomplete"",""source_files"":""fulloilandfilter2022to2027;release_2022_2027_final_audit""}",incomplete,oil_type;oil_capacity,2025|bmw|x4|turbo2
d402874726a25c7b5eae9f7e,2025,BMW,X4,Turbo 3,,,WL10656,,consolidated:full_oil_filter_workbook,"{""napa_gold_filter"":""10656"",""source_status"":""EXACT_PRIOR_YEAR_CONTINUITY — Engine Oil: exact 2024 continuity; Oil Capacity: exact 2024 continuity; Oil Plug Torque: exact 2024 continuity. WIX official application matched; NAPA Gold cross-reference derived from WIX/NAPA convention; STP cross-reference not verified."",""verification_status"":""incomplete"",""source_files"":""fulloilandfilter2022to2027;release_2022_2027_final_audit""}",incomplete,oil_type;oil_capacity;stp_filter,2025|bmw|x4|turbo3
335ccb74cb5fde1d8152a0f8,2025,BMW,X5,Turbo 3,,,WL10342,,consolidated:full_oil_filter_workbook,"{""napa_gold_filter"":""10342"",""stp_filter"":""S90186 / S90186XL"",""source_status"":""EXACT_PRIOR_YEAR_CONTINUITY — Engine Oil: exact 2024 continuity; Oil Capacity: exact 2024 continuity; Oil Plug Torque: exact 2024 continuity. WIX official application matched; NAPA Gold cross-reference derived from WIX/NAPA convention; STP product-level cross-reference validated."",""verification_status"":""incomplete"",""source_files"":""fulloilandfilter2022to2027;release_2022_2027_final_audit""}",incomplete,oil_type;oil_capacity,2025|bmw|x5|turbo3
42a5582396228302c1e8717a,2025,BMW,Z4,Turbo 2,,,WL10358,,consolidated:full_oil_filter_workbook,"{""napa_gold_filter"":""10358"",""stp_filter"":""S45014 / S45014XL"",""source_status"":""EXACT_PRIOR_YEAR_CONTINUITY — Engine Oil: exact 2024 continuity; Oil Capacity: exact 2024 continuity; Oil Plug Torque: exact 2024 continuity. WIX official application matched; NAPA Gold cross-reference derived from WIX/NAPA convention; STP product-level cross-reference validated."",""verification_status"":""incomplete"",""source_files"":""fulloilandfilter2022to2027;release_2022_2027_final_audit""}",incomplete,oil_type;oil_capacity,2025|bmw|z4|turbo2
6f21cb1892e701b002abc57c,2025,BMW,Z4,Turbo 3,,,WL10342,,consolidated:full_oil_filter_workbook,"{""napa_gold_filter"":""10342"",""stp_filter"":""S90186 / S90186XL"",""source_status"":""EXACT_PRIOR_YEAR_CONTINUITY — Engine Oil: exact 2024 continuity; Oil Capacity: exact 2024 continuity; Oil Plug Torque: exact 2024 continuity. WIX official application matched; NAPA Gold cross-reference derived from WIX/NAPA convention; STP product-level cross-reference validated."",""verification_status"":""incomplete"",""source_files"":""fulloilandfilter2022to2027;release_2022_2027_final_audit""}",incomplete,oil_type;oil_capacity,2025|bmw|z4|turbo3
75874ecba1f848dbd414e8a2,2025,Buick,Enclave,Turbo 2.5,0W-20,5.5 qts. with filter,WL10351,,consolidated:full_oil_filter_workbook,"{""napa_gold_filter"":""10351"",""stp_filter"":""S45008"",""source_status"":""UNVERIFIED_OIL_SERVICE_DATA — Engine Oil: no validated continuity source; Oil Capacity: no validated continuity source; Oil Plug Torque: no validated continuity source. WIX official application matched; NAPA Gold cross-reference derived from WIX/NAPA convention; STP product-level cross-reference validated."",""verification_status"":""unverified"",""source_files"":""fulloilandfilter2022to2027;release_2022_2027_final_audit;car_data_2025-2.csv""}",unverified,,2025|buick|enclave|turbo25
22b042bf7c8c01681d6cd970,2025,Buick,Envision,Turbo 2,,,WL10351,,consolidated:full_oil_filter_workbook,"{""napa_gold_filter"":""10351"",""stp_filter"":""S45008"",""source_status"":""EXACT_PRIOR_YEAR_CONTINUITY — Engine Oil: exact 2024 continuity; Oil Capacity: exact 2024 continuity; Oil Plug Torque: exact 2024 continuity. WIX official application matched; NAPA Gold cross-reference derived from WIX/NAPA convention; STP product-level cross-reference validated."",""verification_status"":""incomplete"",""source_files"":""fulloilandfilter2022to2027;release_2022_2027_final_audit""}",incomplete,oil_type;oil_capacity,2025|buick|envision|turbo2
1851f19d1a9cc00274dfb820,2025,Cadillac,Ct4,Turbo 2,,,WL10351,,consolidated:full_oil_filter_workbook,"{""napa_gold_filter"":""10351"",""stp_filter"":""S45008"",""source_status"":""EXACT_PRIOR_YEAR_CONTINUITY — Engine Oil: exact 2024 continuity; Oil Capacity: exact 2024 continuity; Oil Plug Torque: exact 2024 continuity. WIX official application matched; NAPA Gold cross-reference derived from WIX/NAPA convention; STP product-level cross-reference validated."",""verification_status"":""incomplete"",""source_files"":""fulloilandfilter2022to2027;release_2022_2027_final_audit""}",incomplete,oil_type;oil_capacity,2025|cadillac|ct4|turbo2
7360b5d52d616d0fc7aab6e6,2025,Cadillac,Ct5,6.2,,,WL10290,,consolidated:full_oil_filter_workbook,"{""napa_gold_filter"":""10290"",""stp_filter"":""S12060 / S12060XL"",""source_status"":""EXACT_PRIOR_YEAR_CONTINUITY — Engine Oil: exact 2024 continuity; Oil Capacity: exact 2024 continuity; Oil Plug Torque: exact 2024 continuity. WIX official application matched; NAPA Gold cross-reference derived from WIX/NAPA convention; STP product-level cross-reference validated."",""verification_status"":""incomplete"",""source_files"":""fulloilandfilter2022to2027;release_2022_2027_final_audit""}",incomplete,oil_type;oil_capacity,2025|cadillac|ct5|62
1ed354fd534eb006a87869d7,2025,Cadillac,Ct5,Turbo 2,,,WL10351,,consolidated:full_oil_filter_workbook,"{""napa_gold_filter"":""10351"",""stp_filter"":""S45008"",""source_status"":""EXACT_PRIOR_YEAR_CONTINUITY — Engine Oil: exact 2024 continuity; Oil Capacity: exact 2024 continuity; Oil Plug Torque: exact 2024 continuity. WIX official application matched; NAPA Gold cross-reference derived from WIX/NAPA convention; STP product-level cross-reference validated."",""verification_status"":""incomplete"",""source_files"":""fulloilandfilter2022to2027;release_2022_2027_final_audit""}",incomplete,oil_type;oil_capacity,2025|cadillac|ct5|turbo2
593de7e8580d738e8e8acaa8,2025,Cadillac,Ct5,Turbo 3,,,WL10255,,consolidated:full_oil_filter_workbook,"{""napa_gold_filter"":""10255"",""stp_filter"":""S45013"",""source_status"":""EXACT_PRIOR_YEAR_CONTINUITY — Engine Oil: exact 2024 continuity; Oil Capacity: exact 2024 continuity; Oil Plug Torque: exact 2024 continuity. WIX official application matched; NAPA Gold cross-reference derived from WIX/NAPA convention; STP product-level cross-reference validated."",""verification_status"":""incomplete"",""source_files"":""fulloilandfilter2022to2027;release_2022_2027_final_audit""}",incomplete,oil_type;oil_capacity,2025|cadillac|ct5|turbo3
1682abc0a4d1585d1d525543,2025,Cadillac,Xt4,Turbo 2,,,WL10351,,consolidated:full_oil_filter_workbook,"{""napa_gold_filter"":""10351"",""stp_filter"":""S45008"",""source_status"":""EXACT_PRIOR_YEAR_CONTINUITY — Engine Oil: exact 2023 continuity; Oil Capacity: exact 2023 continuity; Oil Plug Torque: exact 2023 continuity. WIX official application matched; NAPA Gold cross-reference derived from WIX/NAPA convention; STP product-level cross-reference validated."",""verification_status"":""incomplete"",""source_files"":""fulloilandfilter2022to2027;release_2022_2027_final_audit""}",incomplete,oil_type;oil_capacity,2025|cadillac|xt4|turbo2
78a53f2cffee3ac8d7b39d8b,2025,Cadillac,Xt5,Turbo 2,,,WL10351,,consolidated:full_oil_filter_workbook,"{""napa_gold_filter"":""10351"",""stp_filter"":""S45008"",""source_status"":""EXACT_PRIOR_YEAR_CONTINUITY — Engine Oil: exact 2024 continuity; Oil Capacity: exact 2024 continuity; Oil Plug Torque: exact 2024 continuity. WIX official application matched; NAPA Gold cross-reference derived from WIX/NAPA convention; STP product-level cross-reference validated."",""verification_status"":""incomplete"",""source_files"":""fulloilandfilter2022to2027;release_2022_2027_final_audit""}",incomplete,oil_type;oil_capacity,2025|cadillac|xt5|turbo2
8a295416c867e11d13d0339b,2025,Cadillac,Xt6,Turbo 2,,,WL10351,,consolidated:full_oil_filter_workbook,"{""napa_gold_filter"":""10351"",""stp_filter"":""S45008"",""source_status"":""EXACT_PRIOR_YEAR_CONTINUITY — Engine Oil: exact 2024 continuity; Oil Capacity: exact 2024 continuity; Oil Plug Torque: exact 2024 continuity. WIX official application matched; NAPA Gold cross-reference derived from WIX/NAPA convention; STP product-level cross-reference validated."",""verification_status"":""incomplete"",""source_files"":""fulloilandfilter2022to2027;release_2022_2027_final_audit""}",incomplete,oil_type;oil_capacity,2025|cadillac|xt6|turbo2
1bde48ed1c99f59b654a4501,2025,Chevrolet,Blazer,Turbo 2,,,WL10351,,consolidated:full_oil_filter_workbook,"{""napa_gold_filter"":""10351"",""stp_filter"":""S45008"",""source_status"":""EXACT_PRIOR_YEAR_CONTINUITY — Engine Oil: exact 2024 continuity; Oil Capacity: exact 2024 continuity; Oil Plug Torque: exact 2024 continuity. WIX official application matched; NAPA Gold cross-reference derived from WIX/NAPA convention; STP product-level cross-reference validated."",""verification_status"":""incomplete"",""source_files"":""fulloilandfilter2022to2027;release_2022_2027_final_audit""}",incomplete,oil_type;oil_capacity,2025|chevrolet|blazer|turbo2
b91fe70cd1bfcd7d02054420,2025,Chevrolet,Colorado,Turbo 2.7,,,WL10351,,consolidated:full_oil_filter_workbook,"{""napa_gold_filter"":""10351"",""stp_filter"":""S45008"",""source_status"":""EXACT_PRIOR_YEAR_CONTINUITY — Engine Oil: exact 2024 continuity; Oil Capacity: exact 2024 continuity; Oil Plug Torque: exact 2024 continuity. WIX official application matched; NAPA Gold cross-reference derived from WIX/NAPA convention; STP product-level cross-reference validated."",""verification_status"":""incomplete"",""source_files"":""fulloilandfilter2022to2027;release_2022_2027_final_audit""}",incomplete,oil_type;oil_capacity,2025|chevrolet|colorado|turbo27
8f0f60e9fad58ccabbbcd101,2025,Chevrolet,Corvette,Hybrid 6.2,,,WL10290,,consolidated:full_oil_filter_workbook,"{""napa_gold_filter"":""10290"",""stp_filter"":""S12060 / S12060XL"",""source_status"":""EXACT_PRIOR_YEAR_CONTINUITY — Engine Oil: exact 2024 continuity; Oil Capacity: exact 2024 continuity; Oil Plug Torque: exact 2024 continuity. WIX official application matched; NAPA Gold cross-reference derived from WIX/NAPA convention; STP product-level cross-reference validated."",""verification_status"":""incomplete"",""source_files"":""fulloilandfilter2022to2027;release_2022_2027_final_audit""}",incomplete,oil_type;oil_capacity,2025|chevrolet|corvette|hybrid62
34dddea4f1f30110c3bd2a8a,2025,Chevrolet,Express 2500,4.3,,,WL10255,,consolidated:full_oil_filter_workbook,"{""napa_gold_filter"":""10255"",""stp_filter"":""S45013"",""source_status"":""EXACT_PRIOR_YEAR_CONTINUITY — Engine Oil: exact 2024 continuity; Oil Capacity: exact 2024 continuity; Oil Plug Torque: exact 2024 continuity. WIX official application matched; NAPA Gold cross-reference derived from WIX/NAPA convention; STP product-level cross-reference validated."",""verification_status"":""incomplete"",""source_files"":""fulloilandfilter2022to2027;release_2022_2027_final_audit""}",incomplete,oil_type;oil_capacity,2025|chevrolet|express2500|43
7585d0b64bbe6ae526da2cb2,2025,Chevrolet,Express 2500,6.6,,,WL10255,,consolidated:full_oil_filter_workbook,"{""napa_gold_filter"":""10255"",""stp_filter"":""S45013"",""source_status"":""EXACT_PRIOR_YEAR_CONTINUITY — Engine Oil: exact 2024 continuity; Oil Capacity: exact 2024 continuity; Oil Plug Torque: exact 2024 continuity. WIX official application matched; NAPA Gold cross-reference derived from WIX/NAPA convention; STP product-level cross-reference validated."",""verification_status"":""incomplete"",""source_files"":""fulloilandfilter2022to2027;release_2022_2027_final_audit""}",incomplete,oil_type;oil_capacity,2025|chevrolet|express2500|66
552fb44fcedec49715b2671e,2025,Chevrolet,Express 3500,4.3,,,WL10255,,consolidated:full_oil_filter_workbook,"{""napa_gold_filter"":""10255"",""stp_filter"":""S45013"",""source_status"":""EXACT_PRIOR_YEAR_CONTINUITY — Engine Oil: exact 2024 continuity; Oil Capacity: exact 2024 continuity; Oil Plug Torque: exact 2024 continuity. WIX official application matched; NAPA Gold cross-reference derived from WIX/NAPA convention; STP product-level cross-reference validated."",""verification_status"":""incomplete"",""source_files"":""fulloilandfilter2022to2027;release_2022_2027_final_audit""}",incomplete,oil_type;oil_capacity,2025|chevrolet|express3500|43
3cebd49befd1a092a33a8c5d,2025,Chevrolet,Express 3500,6.6,,,WL10255,,consolidated:full_oil_filter_workbook,"{""napa_gold_filter"":""10255"",""stp_filter"":""S45013"",""source_status"":""EXACT_PRIOR_YEAR_CONTINUITY — Engine Oil: exact 2024 continuity; Oil Capacity: exact 2024 continuity; Oil Plug Torque: exact 2024 continuity. WIX official application matched; NAPA Gold cross-reference derived from WIX/NAPA convention; STP product-level cross-reference validated."",""verification_status"":""incomplete"",""source_files"":""fulloilandfilter2022to2027;release_2022_2027_final_audit""}",incomplete,oil_type;oil_capacity,2025|chevrolet|express3500|66
65ed6635192ff53ac25012e5,2025,Chevrolet,Express Cargo,4.3,,,WL10255,,consolidated:full_oil_filter_workbook,"{""napa_gold_filter"":""10255"",""stp_filter"":""S45013"",""source_status"":""ENGINE_FILTER_FAMILY_CONTINUITY — Engine Oil: 6/6 same engine/filter family; Oil Capacity: 6/6 same engine/filter family; Oil Plug Torque: 6/6 same engine/filter family. WIX official application matched; NAPA Gold cross-reference derived from WIX/NAPA convention; STP product-level cross-reference validated."",""verification_status"":""incomplete"",""source_files"":""fulloilandfilter2022to2027;release_2022_2027_final_audit""}",incomplete,oil_type;oil_capacity,2025|chevrolet|expresscargo|43
1fe4f9cd42fe83ae3c798d5e,2025,Chevrolet,Express Cargo,6.6,,,WL10255,,consolidated:full_oil_filter_workbook,"{""napa_gold_filter"":""10255"",""stp_filter"":""S45013"",""source_status"":""ENGINE_FILTER_FAMILY_CONTINUITY — Engine Oil: 14/14 same engine/filter family; Oil Capacity: 14/14 same engine/filter family; Oil Plug Torque: 14/14 same engine/filter family. WIX official application matched; NAPA Gold cross-reference derived from WIX/NAPA convention; STP product-level cross-reference validated."",""verification_status"":""incomplete"",""source_files"":""fulloilandfilter2022to2027;release_2022_2027_final_audit""}",incomplete,oil_type;oil_capacity,2025|chevrolet|expresscargo|66
7729a114d3f0a0d897d32e55,2025,Chevrolet,Lcf 3500Hg,6.6,,,WL10255,,consolidated:full_oil_filter_workbook,"{""napa_gold_filter"":""10255"",""stp_filter"":""S45013"",""source_status"":""ENGINE_FILTER_FAMILY_CONTINUITY — Engine Oil: 15/15 same engine/filter family; Oil Capacity: 15/15 same engine/filter family; Oil Plug Torque: 15/15 same engine/filter family. WIX official application matched; NAPA Gold cross-reference derived from WIX/NAPA convention; STP product-level cross-reference validated."",""verification_status"":""incomplete"",""source_files"":""fulloilandfilter2022to2027;release_2022_2027_final_audit""}",incomplete,oil_type;oil_capacity,2025|chevrolet|lcf3500hg|66
05f2d6f53980de0ace9d72a9,2025,Chevrolet,Silverado 1500,5.3,,,WL10255,,consolidated:full_oil_filter_workbook,"{""napa_gold_filter"":""10255"",""stp_filter"":""S45013"",""source_status"":""EXACT_PRIOR_YEAR_CONTINUITY — Engine Oil: exact 2024 continuity; Oil Capacity: exact 2024 continuity; Oil Plug Torque: exact 2024 continuity. WIX official application matched; NAPA Gold cross-reference derived from WIX/NAPA convention; STP product-level cross-reference validated."",""verification_status"":""incomplete"",""source_files"":""fulloilandfilter2022to2027;release_2022_2027_final_audit""}",incomplete,oil_type;oil_capacity,2025|chevrolet|silverado1500|53
32b80ac1d2f84e28dfd5e3e6,2025,Chevrolet,Silverado 1500,6.2,,,WL10255,,consolidated:full_oil_filter_workbook,"{""napa_gold_filter"":""10255"",""stp_filter"":""S45013"",""source_status"":""EXACT_PRIOR_YEAR_CONTINUITY — Engine Oil: exact 2024 continuity; Oil Capacity: exact 2024 continuity; Oil Plug Torque: exact 2024 continuity. WIX official application matched; NAPA Gold cross-reference derived from WIX/NAPA convention; STP product-level cross-reference validated."",""verification_status"":""incomplete"",""source_files"":""fulloilandfilter2022to2027;release_2022_2027_final_audit""}",incomplete,oil_type;oil_capacity,2025|chevrolet|silverado1500|62
ece45a048e7aac1d95d1308c,2025,Chevrolet,Silverado 1500,Diesel 3,,,WL10351,,consolidated:full_oil_filter_workbook,"{""napa_gold_filter"":""10351"",""stp_filter"":""S45008"",""source_status"":""EXACT_PRIOR_YEAR_CONTINUITY — Engine Oil: exact 2024 continuity; Oil Capacity: exact 2024 continuity; Oil Plug Torque: exact 2024 continuity. WIX official application matched; NAPA Gold cross-reference derived from WIX/NAPA convention; STP product-level cross-reference validated."",""verification_status"":""incomplete"",""source_files"":""fulloilandfilter2022to2027;release_2022_2027_final_audit""}",incomplete,oil_type;oil_capacity,2025|chevrolet|silverado1500|diesel3
ff6b783e02f33dbc1d31287e,2025,Chevrolet,Silverado 1500,Turbo 2.7,,,WL10351,,consolidated:full_oil_filter_workbook,"{""napa_gold_filter"":""10351"",""stp_filter"":""S45008"",""source_status"":""EXACT_PRIOR_YEAR_CONTINUITY — Engine Oil: exact 2024 continuity; Oil Capacity: exact 2024 continuity; Oil Plug Torque: exact 2024 continuity. WIX official application matched; NAPA Gold cross-reference derived from WIX/NAPA convention; STP product-level cross-reference validated."",""verification_status"":""incomplete"",""source_files"":""fulloilandfilter2022to2027;release_2022_2027_final_audit""}",incomplete,oil_type;oil_capacity,2025|chevrolet|silverado1500|turbo27
fd820698f6603a7c88426837,2025,Chevrolet,Silverado 2500Hd,6.6,,,WL10255,,consolidated:full_oil_filter_workbook,"{""napa_gold_filter"":""10255"",""stp_filter"":""S45013"",""source_status"":""EXACT_PRIOR_YEAR_CONTINUITY — Engine Oil: exact 2024 continuity; Oil Capacity: exact 2024 continuity; Oil Plug Torque: exact 2024 continuity. WIX official application matched; NAPA Gold cross-reference derived from WIX/NAPA convention; STP product-level cross-reference validated."",""verification_status"":""incomplete"",""source_files"":""fulloilandfilter2022to2027;release_2022_2027_final_audit""}",incomplete,oil_type;oil_capacity,2025|chevrolet|silverado2500hd|66
041466c6a45b62065046e248,2025,Chevrolet,Silverado 2500Hd,Diesel 6.6,,,WL10255,,consolidated:full_oil_filter_workbook,"{""napa_gold_filter"":""10255"",""stp_filter"":""S45013"",""source_status"":""EXACT_PRIOR_YEAR_CONTINUITY — Engine Oil: exact 2024 continuity; Oil Capacity: exact 2024 continuity; Oil Plug Torque: exact 2024 continuity. WIX official application matched; NAPA Gold cross-reference derived from WIX/NAPA convention; STP product-level cross-reference validated."",""verification_status"":""incomplete"",""source_files"":""fulloilandfilter2022to2027;release_2022_2027_final_audit""}",incomplete,oil_type;oil_capacity,2025|chevrolet|silverado2500hd|diesel66
40e2cdb1de0d0fbd97aad3cc,2025,Chevrolet,Silverado 3500Hd,6.6,,,WL10255,,consolidated:full_oil_filter_workbook,"{""napa_gold_filter"":""10255"",""stp_filter"":""S45013"",""source_status"":""EXACT_PRIOR_YEAR_CONTINUITY — Engine Oil: exact 2024 continuity; Oil Capacity: exact 2024 continuity; Oil Plug Torque: exact 2024 continuity. WIX official application matched; NAPA Gold cross-reference derived from WIX/NAPA convention; STP product-level cross-reference validated."",""verification_status"":""incomplete"",""source_files"":""fulloilandfilter2022to2027;release_2022_2027_final_audit""}",incomplete,oil_type;oil_capacity,2025|chevrolet|silverado3500hd|66
f03402c941ac6e81c67461b7,2025,Chevrolet,Silverado 3500Hd,Diesel 6.6,,,WL10255,,consolidated:full_oil_filter_workbook,"{""napa_gold_filter"":""10255"",""stp_filter"":""S45013"",""source_status"":""EXACT_PRIOR_YEAR_CONTINUITY — Engine Oil: exact 2024 continuity; Oil Capacity: exact 2024 continuity; Oil Plug Torque: exact 2024 continuity. WIX official application matched; NAPA Gold cross-reference derived from WIX/NAPA convention; STP product-level cross-reference validated."",""verification_status"":""incomplete"",""source_files"":""fulloilandfilter2022to2027;release_2022_2027_final_audit""}",incomplete,oil_type;oil_capacity,2025|chevrolet|silverado3500hd|diesel66
426a35476061239734587cef,2025,Chevrolet,Silverado 4500 HD,Diesel 6.6,,,WL10255,,consolidated:full_oil_filter_workbook,"{""napa_gold_filter"":""10255"",""stp_filter"":""S45013"",""source_status"":""EXACT_PRIOR_YEAR_CONTINUITY — Engine Oil: exact 2024 continuity; Oil Capacity: exact 2024 continuity; Oil Plug Torque: exact 2024 continuity. WIX official application matched; NAPA Gold cross-reference derived from WIX/NAPA convention; STP product-level cross-reference validated."",""verification_status"":""incomplete"",""source_files"":""fulloilandfilter2022to2027;release_2022_2027_final_audit""}",incomplete,oil_type;oil_capacity,2025|chevrolet|silverado4500hd|diesel66
a7e9054f0e812706b0234d76,2025,Chevrolet,Silverado 5500 HD,Diesel 6.6,,,WL10255,,consolidated:full_oil_filter_workbook,"{""napa_gold_filter"":""10255"",""stp_filter"":""S45013"",""source_status"":""EXACT_PRIOR_YEAR_CONTINUITY — Engine Oil: exact 2024 continuity; Oil Capacity: exact 2024 continuity; Oil Plug Torque: exact 2024 continuity. WIX official application matched; NAPA Gold cross-reference derived from WIX/NAPA convention; STP product-level cross-reference validated."",""verification_status"":""incomplete"",""source_files"":""fulloilandfilter2022to2027;release_2022_2027_final_audit""}",incomplete,oil_type;oil_capacity,2025|chevrolet|silverado5500hd|diesel66
f03ee3f7b182e8b150752e53,2025,Chevrolet,Suburban (All),5.3,,,WL10255,,consolidated:full_oil_filter_workbook,"{""napa_gold_filter"":""10255"",""stp_filter"":""S45013"",""source_status"":""EXACT_PRIOR_YEAR_CONTINUITY — Engine Oil: exact 2024 continuity; Oil Capacity: exact 2024 continuity; Oil Plug Torque: exact 2024 continuity. WIX official application matched; NAPA Gold cross-reference derived from WIX/NAPA convention; STP product-level cross-reference validated."",""verification_status"":""incomplete"",""source_files"":""fulloilandfilter2022to2027;release_2022_2027_final_audit""}",incomplete,oil_type;oil_capacity,2025|chevrolet|suburbanall|53
659f4c02ded97ab85d109314,2025,Chevrolet,Suburban (All),6.2,,,WL10255,,consolidated:full_oil_filter_workbook,"{""napa_gold_filter"":""10255"",""stp_filter"":""S45013"",""source_status"":""EXACT_PRIOR_YEAR_CONTINUITY — Engine Oil: exact 2024 continuity; Oil Capacity: exact 2024 continuity; Oil Plug Torque: exact 2024 continuity. WIX official application matched; NAPA Gold cross-reference derived from WIX/NAPA convention; STP product-level cross-reference validated."",""verification_status"":""incomplete"",""source_files"":""fulloilandfilter2022to2027;release_2022_2027_final_audit""}",incomplete,oil_type;oil_capacity,2025|chevrolet|suburbanall|62
d80759711733bd8bf8dc986f,2025,Chevrolet,Suburban (All),Diesel 3,,,WL10351,,consolidated:full_oil_filter_workbook,"{""napa_gold_filter"":""10351"",""stp_filter"":""S45008"",""source_status"":""EXACT_PRIOR_YEAR_CONTINUITY — Engine Oil: exact 2024 continuity; Oil Capacity: exact 2024 continuity; Oil Plug Torque: exact 2024 continuity. WIX official application matched; NAPA Gold cross-reference derived from WIX/NAPA convention; STP product-level cross-reference validated."",""verification_status"":""incomplete"",""source_files"":""fulloilandfilter2022to2027;release_2022_2027_final_audit""}",incomplete,oil_type;oil_capacity,2025|chevrolet|suburbanall|diesel3
394ee0ab51da6a1bea9133bd,2025,Chevrolet,Tahoe,5.3,,,WL10255,,consolidated:full_oil_filter_workbook,"{""napa_gold_filter"":""10255"",""stp_filter"":""S45013"",""source_status"":""EXACT_PRIOR_YEAR_CONTINUITY — Engine Oil: exact 2024 continuity; Oil Capacity: exact 2024 continuity; Oil Plug Torque: exact 2024 continuity. WIX official application matched; NAPA Gold cross-reference derived from WIX/NAPA convention; STP product-level cross-reference validated."",""verification_status"":""incomplete"",""source_files"":""fulloilandfilter2022to2027;release_2022_2027_final_audit""}",incomplete,oil_type;oil_capacity,2025|chevrolet|tahoe|53
6cc2bf40cf24e12afcc1ab35,2025,Chevrolet,Tahoe,6.2,,,WL10255,,consolidated:full_oil_filter_workbook,"{""napa_gold_filter"":""10255"",""stp_filter"":""S45013"",""source_status"":""EXACT_PRIOR_YEAR_CONTINUITY — Engine Oil: exact 2024 continuity; Oil Capacity: exact 2024 continuity; Oil Plug Torque: exact 2024 continuity. WIX official application matched; NAPA Gold cross-reference derived from WIX/NAPA convention; STP product-level cross-reference validated."",""verification_status"":""incomplete"",""source_files"":""fulloilandfilter2022to2027;release_2022_2027_final_audit""}",incomplete,oil_type;oil_capacity,2025|chevrolet|tahoe|62
224e43522b69c4230f291eed,2025,Chevrolet,Tahoe,Diesel 3,,,WL10351,,consolidated:full_oil_filter_workbook,"{""napa_gold_filter"":""10351"",""stp_filter"":""S45008"",""source_status"":""EXACT_PRIOR_YEAR_CONTINUITY — Engine Oil: exact 2024 continuity; Oil Capacity: exact 2024 continuity; Oil Plug Torque: exact 2024 continuity. WIX official application matched; NAPA Gold cross-reference derived from WIX/NAPA convention; STP product-level cross-reference validated."",""verification_status"":""incomplete"",""source_files"":""fulloilandfilter2022to2027;release_2022_2027_final_audit""}",incomplete,oil_type;oil_capacity,2025|chevrolet|tahoe|diesel3
1a6a1931c1fa634f385c0dee,2025,Chevrolet,Trailblazer,Turbo 1.2,,,WL10290,,consolidated:full_oil_filter_workbook,"{""napa_gold_filter"":""10290"",""stp_filter"":""S12060 / S12060XL"",""source_status"":""EXACT_PRIOR_YEAR_CONTINUITY — Engine Oil: exact 2024 continuity; Oil Capacity: exact 2024 continuity; Oil Plug Torque: exact 2024 continuity. WIX official application matched; NAPA Gold cross-reference derived from WIX/NAPA convention; STP product-level cross-reference validated."",""verification_status"":""incomplete"",""source_files"":""fulloilandfilter2022to2027;release_2022_2027_final_audit""}",incomplete,oil_type;oil_capacity,2025|chevrolet|trailblazer|turbo12
8037d3dca9fd22374a3f3d41,2025,Chevrolet,Trailblazer,Turbo 1.3,,,WL10351,,consolidated:full_oil_filter_workbook,"{""napa_gold_filter"":""10351"",""stp_filter"":""S45008"",""source_status"":""EXACT_PRIOR_YEAR_CONTINUITY — Engine Oil: exact 2024 continuity; Oil Capacity: exact 2024 continuity; Oil Plug Torque: exact 2024 continuity. WIX official application matched; NAPA Gold cross-reference derived from WIX/NAPA convention; STP product-level cross-reference validated."",""verification_status"":""incomplete"",""source_files"":""fulloilandfilter2022to2027;release_2022_2027_final_audit""}",incomplete,oil_type;oil_capacity,2025|chevrolet|trailblazer|turbo13
2cad38bb8128885c54cfb155,2025,Chevrolet,Traverse,3.6,,,WL10412,,consolidated:full_oil_filter_workbook,"{""napa_gold_filter"":""10412"",""source_status"":""EXACT_PRIOR_YEAR_CONTINUITY — Engine Oil: exact 2024 continuity; Oil Capacity: exact 2024 continuity; Oil Plug Torque: exact 2024 continuity. WIX official application matched; NAPA Gold cross-reference derived from WIX/NAPA convention; STP cross-reference not verified."",""verification_status"":""incomplete"",""source_files"":""fulloilandfilter2022to2027;release_2022_2027_final_audit""}",incomplete,oil_type;oil_capacity;stp_filter,2025|chevrolet|traverse|36
5946dda0b851a87919da5a7c,2025,Chevrolet,Traverse,Turbo 2.5,,,WL10351,,consolidated:full_oil_filter_workbook,"{""napa_gold_filter"":""10351"",""stp_filter"":""S45008"",""source_status"":""EXACT_PRIOR_YEAR_CONTINUITY — Engine Oil: exact 2024 continuity; Oil Capacity: exact 2024 continuity; Oil Plug Torque: exact 2024 continuity. WIX official application matched; NAPA Gold cross-reference derived from WIX/NAPA convention; STP product-level cross-reference validated."",""verification_status"":""incomplete"",""source_files"":""fulloilandfilter2022to2027;release_2022_2027_final_audit""}",incomplete,oil_type;oil_capacity,2025|chevrolet|traverse|turbo25
db6b997249c405c2792e118f,2025,Chevrolet,Trax,Turbo 1.2,,,WL10290,,consolidated:full_oil_filter_workbook,"{""napa_gold_filter"":""10290"",""stp_filter"":""S12060 / S12060XL"",""source_status"":""EXACT_PRIOR_YEAR_CONTINUITY — Engine Oil: exact 2024 continuity; Oil Capacity: exact 2024 continuity; Oil Plug Torque: exact 2024 continuity. WIX official application matched; NAPA Gold cross-reference derived from WIX/NAPA convention; STP product-level cross-reference validated."",""verification_status"":""incomplete"",""source_files"":""fulloilandfilter2022to2027;release_2022_2027_final_audit""}",incomplete,oil_type;oil_capacity,2025|chevrolet|trax|turbo12
3bfba40e44dff1ff807f737a,2025,Chevrolet Trucks,Blazer,Turbo 2,,,WL10351,,consolidated:full_oil_filter_workbook,"{""napa_gold_filter"":""10351"",""stp_filter"":""S45008"",""source_status"":""EXACT_PRIOR_YEAR_CONTINUITY — Engine Oil: exact 2024 continuity; Oil Capacity: exact 2024 continuity; Oil Plug Torque: exact 2024 continuity. WIX official application matched; NAPA Gold cross-reference derived from WIX/NAPA convention; STP product-level cross-reference validated."",""verification_status"":""incomplete"",""source_files"":""fulloilandfilter2022to2027;release_2022_2027_final_audit""}",incomplete,oil_type;oil_capacity,2025|chevrolettrucks|blazer|turbo2
a19f30762d9444e950cd5edf,2025,Chevrolet Trucks,Corvette,6.2,,,WL10290,,consolidated:full_oil_filter_workbook,"{""napa_gold_filter"":""10290"",""stp_filter"":""S12060 / S12060XL"",""source_status"":""EXACT_PRIOR_YEAR_CONTINUITY — Engine Oil: exact 2024 continuity; Oil Capacity: exact 2024 continuity; Oil Plug Torque: exact 2024 continuity. WIX official application matched; NAPA Gold cross-reference derived from WIX/NAPA convention; STP product-level cross-reference validated."",""verification_status"":""incomplete"",""source_files"":""fulloilandfilter2022to2027;release_2022_2027_final_audit""}",incomplete,oil_type;oil_capacity,2025|chevrolettrucks|corvette|62
3b4cc673de203a450c53b184,2025,Chevrolet Trucks,Corvette,Hybrid 6.2,,,WL10290,,consolidated:full_oil_filter_workbook,"{""napa_gold_filter"":""10290"",""stp_filter"":""S12060 / S12060XL"",""source_status"":""EXACT_PRIOR_YEAR_CONTINUITY — Engine Oil: exact 2024 continuity; Oil Capacity: exact 2024 continuity; Oil Plug Torque: exact 2024 continuity. WIX official application matched; NAPA Gold cross-reference derived from WIX/NAPA convention; STP product-level cross-reference validated."",""verification_status"":""incomplete"",""source_files"":""fulloilandfilter2022to2027;release_2022_2027_final_audit""}",incomplete,oil_type;oil_capacity,2025|chevrolettrucks|corvette|hybrid62
7c3ed44d7b1eb329aaac8e64,2025,Chevrolet Trucks,Silverado 1500,Diesel 3,,,WL10351,,consolidated:full_oil_filter_workbook,"{""napa_gold_filter"":""10351"",""stp_filter"":""S45008"",""source_status"":""EXACT_PRIOR_YEAR_CONTINUITY — Engine Oil: exact 2024 continuity; Oil Capacity: exact 2024 continuity; Oil Plug Torque: exact 2024 continuity. WIX official application matched; NAPA Gold cross-reference derived from WIX/NAPA convention; STP product-level cross-reference validated."",""verification_status"":""incomplete"",""source_files"":""fulloilandfilter2022to2027;release_2022_2027_final_audit""}",incomplete,oil_type;oil_capacity,2025|chevrolettrucks|silverado1500|diesel3
a92e6fe28d0fb4d37f808cba,2025,Chevrolet Trucks,Suburban (All),Diesel 3,,,WL10351,,consolidated:full_oil_filter_workbook,"{""napa_gold_filter"":""10351"",""stp_filter"":""S45008"",""source_status"":""EXACT_PRIOR_YEAR_CONTINUITY — Engine Oil: exact 2024 continuity; Oil Capacity: exact 2024 continuity; Oil Plug Torque: exact 2024 continuity. WIX official application matched; NAPA Gold cross-reference derived from WIX/NAPA convention; STP product-level cross-reference validated."",""verification_status"":""incomplete"",""source_files"":""fulloilandfilter2022to2027;release_2022_2027_final_audit""}",incomplete,oil_type;oil_capacity,2025|chevrolettrucks|suburbanall|diesel3
dd28fcc0e7deae95c6e26156,2025,Chevrolet Trucks,Tahoe,Diesel 3,,,WL10351,,consolidated:full_oil_filter_workbook,"{""napa_gold_filter"":""10351"",""stp_filter"":""S45008"",""source_status"":""EXACT_PRIOR_YEAR_CONTINUITY — Engine Oil: exact 2024 continuity; Oil Capacity: exact 2024 continuity; Oil Plug Torque: exact 2024 continuity. WIX official application matched; NAPA Gold cross-reference derived from WIX/NAPA convention; STP product-level cross-reference validated."",""verification_status"":""incomplete"",""source_files"":""fulloilandfilter2022to2027;release_2022_2027_final_audit""}",incomplete,oil_type;oil_capacity,2025|chevrolettrucks|tahoe|diesel3
2b6e931d87f01e208fab2fa7,2025,Chrysler,Pacifica,Hybrid 3.6,,,WL10010,,consolidated:full_oil_filter_workbook,"{""napa_gold_filter"":""10010"",""stp_filter"":""S11665 / S11665XL"",""source_status"":""EXACT_PRIOR_YEAR_CONTINUITY — Engine Oil: exact 2024 continuity; Oil Capacity: exact 2024 continuity; Oil Plug Torque: exact 2024 continuity. WIX official application matched; NAPA Gold cross-reference derived from WIX/NAPA convention; STP product-level cross-reference validated."",""verification_status"":""incomplete"",""source_files"":""fulloilandfilter2022to2027;release_2022_2027_final_audit""}",incomplete,oil_type;oil_capacity,2025|chrysler|pacifica|hybrid36
47809c4216466bc4b65b9d4c,2025,Dodge,Hornet,2,,,57060,,consolidated:full_oil_filter_workbook,"{""napa_gold_filter"":""7060"",""stp_filter"":""S3506"",""source_status"":""EXACT_PRIOR_YEAR_CONTINUITY — Engine Oil: exact 2024 continuity; Oil Capacity: exact 2024 continuity; Oil Plug Torque: exact 2024 continuity. WIX official application matched; NAPA Gold cross-reference derived from WIX/NAPA convention; STP product-level cross-reference validated."",""verification_status"":""incomplete"",""source_files"":""fulloilandfilter2022to2027;release_2022_2027_final_audit""}",incomplete,oil_type;oil_capacity,2025|dodge|hornet|2
55e98e0439dff7558fc7d890,2025,Dodge,Hornet,Hybrid 1.3,,,WL10536,,consolidated:full_oil_filter_workbook,"{""napa_gold_filter"":""10536"",""stp_filter"":""S45030"",""source_status"":""EXACT_PRIOR_YEAR_CONTINUITY — Engine Oil: exact 2024 continuity; Oil Capacity: exact 2024 continuity; Oil Plug Torque: exact 2024 continuity. WIX official application matched; NAPA Gold cross-reference derived from WIX/NAPA convention; STP product-level cross-reference validated."",""verification_status"":""incomplete"",""source_files"":""fulloilandfilter2022to2027;release_2022_2027_final_audit""}",incomplete,oil_type;oil_capacity,2025|dodge|hornet|hybrid13
55b14cbe6bb4117351b00cfb,2025,Fiat,500E,,,,,,consolidated:vehicle_2025_csv,"{""verification_status"":""incomplete"",""source_files"":""car_data_2025-2.csv""}",incomplete,oil_type;oil_capacity;wix_filter;napa_gold_filter;stp_filter,2025|fiat|500e|
2ba722cb8cf2d820b3738817,2025,Ford,Bronco,Turbo 3,,,WL10050,,consolidated:full_oil_filter_workbook,"{""napa_gold_filter"":""10050"",""stp_filter"":""S11955 / S11955XL"",""source_status"":""EXACT_PRIOR_YEAR_CONTINUITY — Engine Oil: exact 2024 continuity; Oil Capacity: exact 2024 continuity; Oil Plug Torque: exact 2024 continuity. WIX official application matched; NAPA Gold cross-reference derived from WIX/NAPA convention; STP product-level cross-reference validated."",""verification_status"":""incomplete"",""source_files"":""fulloilandfilter2022to2027;release_2022_2027_final_audit""}",incomplete,oil_type;oil_capacity,2025|ford|bronco|turbo3
fd326ba437dee6c7b317ea89,2025,Ford,Bronco Sport,Turbo 1.5,,,51348,,consolidated:full_oil_filter_workbook,"{""napa_gold_filter"":""1348"",""stp_filter"":""PH2811"",""source_status"":""EXACT_PRIOR_YEAR_CONTINUITY — Engine Oil: exact 2024 continuity; Oil Capacity: exact 2024 continuity; Oil Plug Torque: exact 2024 continuity. WIX official application matched; NAPA Gold cross-reference derived from WIX/NAPA convention; STP product-level cross-reference validated."",""verification_status"":""incomplete"",""source_files"":""fulloilandfilter2022to2027;release_2022_2027_final_audit""}",incomplete,oil_type;oil_capacity,2025|ford|broncosport|turbo15
cca0ce2222b72e50ab0264fc,2025,Ford,Bronco Sport,Turbo 2,,,51348,,consolidated:full_oil_filter_workbook,"{""napa_gold_filter"":""1348"",""stp_filter"":""PH2811"",""source_status"":""EXACT_PRIOR_YEAR_CONTINUITY — Engine Oil: exact 2024 continuity; Oil Capacity: exact 2024 continuity; Oil Plug Torque: exact 2024 continuity. WIX official application matched; NAPA Gold cross-reference derived from WIX/NAPA convention; STP product-level cross-reference validated."",""verification_status"":""incomplete"",""source_files"":""fulloilandfilter2022to2027;release_2022_2027_final_audit""}",incomplete,oil_type;oil_capacity,2025|ford|broncosport|turbo2
2f4654e1d966d9fc95a17b10,2025,Ford,E-350 Super Duty,7.3,,,51372,,consolidated:full_oil_filter_workbook,"{""napa_gold_filter"":""1372"",""source_status"":""EXACT_PRIOR_YEAR_CONTINUITY — Engine Oil: exact 2024 continuity; Oil Capacity: exact 2024 continuity; Oil Plug Torque: exact 2024 continuity. WIX official application matched; NAPA Gold cross-reference derived from WIX/NAPA convention; STP cross-reference not verified."",""verification_status"":""incomplete"",""source_files"":""fulloilandfilter2022to2027;release_2022_2027_final_audit""}",incomplete,oil_type;oil_capacity;stp_filter,2025|ford|e350superduty|73
cb29c59aae58304f2e583366,2025,Ford,Escape,Hybrid 2.5,,,51348,,consolidated:full_oil_filter_workbook,"{""napa_gold_filter"":""1348"",""stp_filter"":""PH2811"",""source_status"":""EXACT_PRIOR_YEAR_CONTINUITY — Engine Oil: exact 2024 continuity; Oil Capacity: exact 2024 continuity; Oil Plug Torque: exact 2024 continuity. WIX official application matched; NAPA Gold cross-reference derived from WIX/NAPA convention; STP product-level cross-reference validated."",""verification_status"":""incomplete"",""source_files"":""fulloilandfilter2022to2027;release_2022_2027_final_audit""}",incomplete,oil_type;oil_capacity,2025|ford|escape|hybrid25
fcef3ff889d6a649b05bf50c,2025,Ford,Escape,Turbo 1.5,,,51348,,consolidated:full_oil_filter_workbook,"{""napa_gold_filter"":""1348"",""stp_filter"":""PH2811"",""source_status"":""EXACT_PRIOR_YEAR_CONTINUITY — Engine Oil: exact 2024 continuity; Oil Capacity: exact 2024 continuity; Oil Plug Torque: exact 2024 continuity. WIX official application matched; NAPA Gold cross-reference derived from WIX/NAPA convention; STP product-level cross-reference validated."",""verification_status"":""incomplete"",""source_files"":""fulloilandfilter2022to2027;release_2022_2027_final_audit""}",incomplete,oil_type;oil_capacity,2025|ford|escape|turbo15
cf250ccf0d8d755ddb7ff84e,2025,Ford,Escape,Turbo 2,,,51348,,consolidated:full_oil_filter_workbook,"{""napa_gold_filter"":""1348"",""stp_filter"":""PH2811"",""source_status"":""EXACT_PRIOR_YEAR_CONTINUITY — Engine Oil: exact 2024 continuity; Oil Capacity: exact 2024 continuity; Oil Plug Torque: exact 2024 continuity. WIX official application matched; NAPA Gold cross-reference derived from WIX/NAPA convention; STP product-level cross-reference validated."",""verification_status"":""incomplete"",""source_files"":""fulloilandfilter2022to2027;release_2022_2027_final_audit""}",incomplete,oil_type;oil_capacity,2025|ford|escape|turbo2
87bbe76a3d24c5f0062e6d7a,2025,Ford,Expedition,Turbo 3.5,,,57502,,consolidated:full_oil_filter_workbook,"{""napa_gold_filter"":""7502"",""source_status"":""EXACT_PRIOR_YEAR_CONTINUITY — Engine Oil: exact 2024 continuity; Oil Capacity: exact 2024 continuity; Oil Plug Torque: exact 2024 continuity. WIX official application matched; NAPA Gold cross-reference derived from WIX/NAPA convention; STP cross-reference not verified."",""verification_status"":""incomplete"",""source_files"":""fulloilandfilter2022to2027;release_2022_2027_final_audit""}",incomplete,oil_type;oil_capacity;stp_filter,2025|ford|expedition|turbo35
5368b4352e652d938e82c83a,2025,Ford,Explorer,Turbo 3,,,WL10050,,consolidated:full_oil_filter_workbook,"{""napa_gold_filter"":""10050"",""stp_filter"":""S11955 / S11955XL"",""source_status"":""EXACT_PRIOR_YEAR_CONTINUITY — Engine Oil: exact 2024 continuity; Oil Capacity: exact 2024 continuity; Oil Plug Torque: exact 2024 continuity. WIX official application matched; NAPA Gold cross-reference derived from WIX/NAPA convention; STP product-level cross-reference validated."",""verification_status"":""incomplete"",""source_files"":""fulloilandfilter2022to2027;release_2022_2027_final_audit""}",incomplete,oil_type;oil_capacity,2025|ford|explorer|turbo3
a32d02d4026a1c49f12dc130,2025,Ford,F-150,Turbo 3.5,,,57502,,consolidated:full_oil_filter_workbook,"{""napa_gold_filter"":""7502"",""source_status"":""ENGINE_FILTER_FAMILY_CONTINUITY — Engine Oil: 14/14 same engine/filter family; Oil Capacity: 14/14 same engine/filter family; Oil Plug Torque: 14/14 same engine/filter family. WIX official application matched; NAPA Gold cross-reference derived from WIX/NAPA convention; STP cross-reference not verified."",""verification_status"":""incomplete"",""source_files"":""fulloilandfilter2022to2027;release_2022_2027_final_audit""}",incomplete,oil_type;oil_capacity;stp_filter,2025|ford|f150|turbo35
3ba2c912ab16cb6b2fb18e37,2025,Ford,F-150,Turbo 5.2,,,57502,,consolidated:full_oil_filter_workbook,"{""napa_gold_filter"":""7502"",""source_status"":""UNVERIFIED_OIL_SERVICE_DATA — Engine Oil: no validated continuity source; Oil Capacity: no validated continuity source; Oil Plug Torque: no validated continuity source. WIX official application matched; NAPA Gold cross-reference derived from WIX/NAPA convention; STP cross-reference not verified."",""verification_status"":""unverified"",""source_files"":""fulloilandfilter2022to2027;release_2022_2027_final_audit""}",unverified,oil_type;oil_capacity;stp_filter,2025|ford|f150|turbo52
a55eae1126f2db2e49821926,2025,Ford,F350,Diesel 6.7,,,57151,,consolidated:full_oil_filter_workbook,"{""napa_gold_filter"":""7151"",""stp_filter"":""S10890 / S10890XL"",""source_status"":""ENGINE_FILTER_FAMILY_CONTINUITY — Engine Oil: 2/2 same engine/filter family; Oil Capacity: 2/2 same engine/filter family; Oil Plug Torque: 2/2 same engine/filter family. WIX official application matched; NAPA Gold cross-reference derived from WIX/NAPA convention; STP product-level cross-reference validated."",""verification_status"":""incomplete"",""source_files"":""fulloilandfilter2022to2027;release_2022_2027_final_audit""}",incomplete,oil_type;oil_capacity,2025|ford|f350|diesel67
a760655da324033749a40c99,2025,Ford,Maverick,Hybrid 2.5,,,51348,,consolidated:full_oil_filter_workbook,"{""napa_gold_filter"":""1348"",""stp_filter"":""PH2811"",""source_status"":""EXACT_PRIOR_YEAR_CONTINUITY — Engine Oil: exact 2023 continuity; Oil Capacity: exact 2023 continuity; Oil Plug Torque: exact 2023 continuity. WIX official application matched; NAPA Gold cross-reference derived from WIX/NAPA convention; STP product-level cross-reference validated."",""verification_status"":""incomplete"",""source_files"":""fulloilandfilter2022to2027;release_2022_2027_final_audit""}",incomplete,oil_type;oil_capacity,2025|ford|maverick|hybrid25
72ffdb231f5beee02b30d4bd,2025,Ford,Maverick,Turbo 2,,,51348,,consolidated:full_oil_filter_workbook,"{""napa_gold_filter"":""1348"",""stp_filter"":""PH2811"",""source_status"":""EXACT_PRIOR_YEAR_CONTINUITY — Engine Oil: exact 2024 continuity; Oil Capacity: exact 2024 continuity; Oil Plug Torque: exact 2024 continuity. WIX official application matched; NAPA Gold cross-reference derived from WIX/NAPA convention; STP product-level cross-reference validated."",""verification_status"":""incomplete"",""source_files"":""fulloilandfilter2022to2027;release_2022_2027_final_audit""}",incomplete,oil_type;oil_capacity,2025|ford|maverick|turbo2
e5b6e72fe278b46977b1fd4b,2025,Ford,Mustang,Turbo 5.2,,,57502,,consolidated:full_oil_filter_workbook,"{""napa_gold_filter"":""7502"",""source_status"":""ENGINE_FILTER_FAMILY_CONTINUITY — Engine Oil: 1/1 same engine/filter family; Oil Capacity: 1/1 same engine/filter family; Oil Plug Torque: 1/1 same engine/filter family. WIX official application matched; NAPA Gold cross-reference derived from WIX/NAPA convention; STP cross-reference not verified."",""verification_status"":""incomplete"",""source_files"":""fulloilandfilter2022to2027;release_2022_2027_final_audit""}",incomplete,oil_type;oil_capacity;stp_filter,2025|ford|mustang|turbo52
67a55f11a799d79ac9111f7b,2025,Ford,Pickup F-Series Super Duty (Up To 550 Series),6.8,,,51372,,consolidated:full_oil_filter_workbook,"{""napa_gold_filter"":""1372"",""source_status"":""EXACT_PRIOR_YEAR_CONTINUITY — Engine Oil: exact 2024 continuity; Oil Capacity: exact 2024 continuity; Oil Plug Torque: exact 2024 continuity. WIX official application matched; NAPA Gold cross-reference derived from WIX/NAPA convention; STP cross-reference not verified."",""verification_status"":""incomplete"",""source_files"":""fulloilandfilter2022to2027;release_2022_2027_final_audit""}",incomplete,oil_type;oil_capacity;stp_filter,2025|ford|pickupfseriessuperdutyupto550series|68
83257596f68501f29d958b26,2025,Ford,Pickup F-Series Super Duty (Up To 550 Series),7.3,,,51372,,consolidated:full_oil_filter_workbook,"{""napa_gold_filter"":""1372"",""source_status"":""EXACT_PRIOR_YEAR_CONTINUITY — Engine Oil: exact 2024 continuity; Oil Capacity: exact 2024 continuity; Oil Plug Torque: exact 2024 continuity. WIX official application matched; NAPA Gold cross-reference derived from WIX/NAPA convention; STP cross-reference not verified."",""verification_status"":""incomplete"",""source_files"":""fulloilandfilter2022to2027;release_2022_2027_final_audit""}",incomplete,oil_type;oil_capacity;stp_filter,2025|ford|pickupfseriessuperdutyupto550series|73
e5952e635709ca71c08fd5e8,2025,Ford,Pickup F-Series Super Duty (Up To 550 Series),Diesel 6.7,,,57151,,consolidated:full_oil_filter_workbook,"{""napa_gold_filter"":""7151"",""stp_filter"":""S10890 / S10890XL"",""source_status"":""EXACT_PRIOR_YEAR_CONTINUITY — Engine Oil: exact 2024 continuity; Oil Capacity: exact 2024 continuity; Oil Plug Torque: exact 2024 continuity. WIX official application matched; NAPA Gold cross-reference derived from WIX/NAPA convention; STP product-level cross-reference validated."",""verification_status"":""incomplete"",""source_files"":""fulloilandfilter2022to2027;release_2022_2027_final_audit""}",incomplete,oil_type;oil_capacity,2025|ford|pickupfseriessuperdutyupto550series|diesel67
16b801e63abf240645324429,2025,Ford,Police Interceptor Utility,3.3,,,57502,,consolidated:full_oil_filter_workbook,"{""napa_gold_filter"":""7502"",""source_status"":""EXACT_PRIOR_YEAR_CONTINUITY — Engine Oil: exact 2024 continuity; Oil Capacity: exact 2024 continuity; Oil Plug Torque: exact 2024 continuity. WIX official application matched; NAPA Gold cross-reference derived from WIX/NAPA convention; STP cross-reference not verified."",""verification_status"":""incomplete"",""source_files"":""fulloilandfilter2022to2027;release_2022_2027_final_audit""}",incomplete,oil_type;oil_capacity;stp_filter,2025|ford|policeinterceptorutility|33
cb9a79e4bde2b26152defa38,2025,Ford,Police Interceptor Utility,Turbo 3,,,WL10050,,consolidated:full_oil_filter_workbook,"{""napa_gold_filter"":""10050"",""stp_filter"":""S11955 / S11955XL"",""source_status"":""EXACT_PRIOR_YEAR_CONTINUITY — Engine Oil: exact 2024 continuity; Oil Capacity: exact 2024 continuity; Oil Plug Torque: exact 2024 continuity. WIX official application matched; NAPA Gold cross-reference derived from WIX/NAPA convention; STP product-level cross-reference validated."",""verification_status"":""incomplete"",""source_files"":""fulloilandfilter2022to2027;release_2022_2027_final_audit""}",incomplete,oil_type;oil_capacity,2025|ford|policeinterceptorutility|turbo3
0af3a5417ca1c901f6e8610d,2025,Ford,Ranger,Diesel 2,,,51348,,consolidated:full_oil_filter_workbook,"{""napa_gold_filter"":""1348"",""stp_filter"":""PH2811"",""source_status"":""UNVERIFIED_OIL_SERVICE_DATA — Engine Oil: no validated continuity source; Oil Capacity: no validated continuity source; Oil Plug Torque: no validated continuity source. WIX official application matched; NAPA Gold cross-reference derived from WIX/NAPA convention; STP product-level cross-reference validated."",""verification_status"":""unverified"",""source_files"":""fulloilandfilter2022to2027;release_2022_2027_final_audit""}",unverified,oil_type;oil_capacity,2025|ford|ranger|diesel2
450ef49b35bca27278d3236f,2025,Ford,Ranger,Turbo 3,,,WL10050,,consolidated:full_oil_filter_workbook,"{""napa_gold_filter"":""10050"",""stp_filter"":""S11955 / S11955XL"",""source_status"":""EXACT_PRIOR_YEAR_CONTINUITY — Engine Oil: exact 2024 continuity; Oil Capacity: exact 2024 continuity; Oil Plug Torque: exact 2024 continuity. WIX official application matched; NAPA Gold cross-reference derived from WIX/NAPA convention; STP product-level cross-reference validated."",""verification_status"":""incomplete"",""source_files"":""fulloilandfilter2022to2027;release_2022_2027_final_audit""}",incomplete,oil_type;oil_capacity,2025|ford|ranger|turbo3
ae0f2f135732aead37768b8b,2025,Ford,Transit,Turbo 2,,,51348,,consolidated:full_oil_filter_workbook,"{""napa_gold_filter"":""1348"",""stp_filter"":""PH2811"",""source_status"":""ENGINE_FILTER_FAMILY_CONTINUITY — Engine Oil: 12/12 same engine/filter family; Oil Capacity: 12/12 same engine/filter family; Oil Plug Torque: 12/12 same engine/filter family. WIX official application matched; NAPA Gold cross-reference derived from WIX/NAPA convention; STP product-level cross-reference validated."",""verification_status"":""incomplete"",""source_files"":""fulloilandfilter2022to2027;release_2022_2027_final_audit""}",incomplete,oil_type;oil_capacity,2025|ford|transit|turbo2
98ae7f932d6104e6bf18b934,2025,Ford,Transit-150,3.5,,,57502,,consolidated:full_oil_filter_workbook,"{""napa_gold_filter"":""7502"",""source_status"":""EXACT_PRIOR_YEAR_CONTINUITY — Engine Oil: exact 2024 continuity; Oil Capacity: exact 2024 continuity; Oil Plug Torque: exact 2024 continuity. WIX official application matched; NAPA Gold cross-reference derived from WIX/NAPA convention; STP cross-reference not verified."",""verification_status"":""incomplete"",""source_files"":""fulloilandfilter2022to2027;release_2022_2027_final_audit""}",incomplete,oil_type;oil_capacity;stp_filter,2025|ford|transit150|35
b082d3cd58193b8ad8f77e64,2025,Ford,Transit-150,Turbo 3.5,,,57502,,consolidated:full_oil_filter_workbook,"{""napa_gold_filter"":""7502"",""source_status"":""EXACT_PRIOR_YEAR_CONTINUITY — Engine Oil: exact 2024 continuity; Oil Capacity: exact 2024 continuity; Oil Plug Torque: exact 2024 continuity. WIX official application matched; NAPA Gold cross-reference derived from WIX/NAPA convention; STP cross-reference not verified."",""verification_status"":""incomplete"",""source_files"":""fulloilandfilter2022to2027;release_2022_2027_final_audit""}",incomplete,oil_type;oil_capacity;stp_filter,2025|ford|transit150|turbo35
e1b0e5c66c9410d517b9e53d,2025,Ford,Transit-250,3.5,,,57502,,consolidated:full_oil_filter_workbook,"{""napa_gold_filter"":""7502"",""source_status"":""EXACT_PRIOR_YEAR_CONTINUITY — Engine Oil: exact 2024 continuity; Oil Capacity: exact 2024 continuity; Oil Plug Torque: exact 2024 continuity. WIX official application matched; NAPA Gold cross-reference derived from WIX/NAPA convention; STP cross-reference not verified."",""verification_status"":""incomplete"",""source_files"":""fulloilandfilter2022to2027;release_2022_2027_final_audit""}",incomplete,oil_type;oil_capacity;stp_filter,2025|ford|transit250|35
8cc5f1a3f6df8c303aa0c061,2025,Ford,Transit-250,Turbo 3.5,,,57502,,consolidated:full_oil_filter_workbook,"{""napa_gold_filter"":""7502"",""source_status"":""EXACT_PRIOR_YEAR_CONTINUITY — Engine Oil: exact 2024 continuity; Oil Capacity: exact 2024 continuity; Oil Plug Torque: exact 2024 continuity. WIX official application matched; NAPA Gold cross-reference derived from WIX/NAPA convention; STP cross-reference not verified."",""verification_status"":""incomplete"",""source_files"":""fulloilandfilter2022to2027;release_2022_2027_final_audit""}",incomplete,oil_type;oil_capacity;stp_filter,2025|ford|transit250|turbo35
b27ab4351d4cc7521e4f16ef,2025,Ford,Transit-350,3.5,,,57502,,consolidated:full_oil_filter_workbook,"{""napa_gold_filter"":""7502"",""source_status"":""EXACT_PRIOR_YEAR_CONTINUITY — Engine Oil: exact 2024 continuity; Oil Capacity: exact 2024 continuity; Oil Plug Torque: exact 2024 continuity. WIX official application matched; NAPA Gold cross-reference derived from WIX/NAPA convention; STP cross-reference not verified."",""verification_status"":""incomplete"",""source_files"":""fulloilandfilter2022to2027;release_2022_2027_final_audit""}",incomplete,oil_type;oil_capacity;stp_filter,2025|ford|transit350|35
9251d58d77148d21676cb963,2025,Ford,Transit-350,Turbo 3.5,,,57502,,consolidated:full_oil_filter_workbook,"{""napa_gold_filter"":""7502"",""source_status"":""EXACT_PRIOR_YEAR_CONTINUITY — Engine Oil: exact 2024 continuity; Oil Capacity: exact 2024 continuity; Oil Plug Torque: exact 2024 continuity. WIX official application matched; NAPA Gold cross-reference derived from WIX/NAPA convention; STP cross-reference not verified."",""verification_status"":""incomplete"",""source_files"":""fulloilandfilter2022to2027;release_2022_2027_final_audit""}",incomplete,oil_type;oil_capacity;stp_filter,2025|ford|transit350|turbo35
03fae7b7720e9df7ce81e929,2025,Ford,Transit-350 Hd,3.5,,,57502,,consolidated:full_oil_filter_workbook,"{""napa_gold_filter"":""7502"",""source_status"":""EXACT_PRIOR_YEAR_CONTINUITY — Engine Oil: exact 2024 continuity; Oil Capacity: exact 2024 continuity; Oil Plug Torque: exact 2024 continuity. WIX official application matched; NAPA Gold cross-reference derived from WIX/NAPA convention; STP cross-reference not verified."",""verification_status"":""incomplete"",""source_files"":""fulloilandfilter2022to2027;release_2022_2027_final_audit""}",incomplete,oil_type;oil_capacity;stp_filter,2025|ford|transit350hd|35
43247c53662b4d3ab92cbb1c,2025,Ford,Transit-350 Hd,Turbo 3.5,,,57502,,consolidated:full_oil_filter_workbook,"{""napa_gold_filter"":""7502"",""source_status"":""EXACT_PRIOR_YEAR_CONTINUITY — Engine Oil: exact 2024 continuity; Oil Capacity: exact 2024 continuity; Oil Plug Torque: exact 2024 continuity. WIX official application matched; NAPA Gold cross-reference derived from WIX/NAPA convention; STP cross-reference not verified."",""verification_status"":""incomplete"",""source_files"":""fulloilandfilter2022to2027;release_2022_2027_final_audit""}",incomplete,oil_type;oil_capacity;stp_filter,2025|ford|transit350hd|turbo35
e5768267875af9b75911a9d3,2025,Ford Trucks,Bronco,Turbo 3,,,WL10050,,consolidated:full_oil_filter_workbook,"{""napa_gold_filter"":""10050"",""stp_filter"":""S11955 / S11955XL"",""source_status"":""EXACT_PRIOR_YEAR_CONTINUITY — Engine Oil: exact 2024 continuity; Oil Capacity: exact 2024 continuity; Oil Plug Torque: exact 2024 continuity. WIX official application matched; NAPA Gold cross-reference derived from WIX/NAPA convention; STP product-level cross-reference validated."",""verification_status"":""incomplete"",""source_files"":""fulloilandfilter2022to2027;release_2022_2027_final_audit""}",incomplete,oil_type;oil_capacity,2025|fordtrucks|bronco|turbo3
0f57bee2f877a8e083a49f60,2025,Ford Trucks,Bronco Sport,Turbo 2,,,51348,,consolidated:full_oil_filter_workbook,"{""napa_gold_filter"":""1348"",""stp_filter"":""PH2811"",""source_status"":""EXACT_PRIOR_YEAR_CONTINUITY — Engine Oil: exact 2024 continuity; Oil Capacity: exact 2024 continuity; Oil Plug Torque: exact 2024 continuity. WIX official application matched; NAPA Gold cross-reference derived from WIX/NAPA convention; STP product-level cross-reference validated."",""verification_status"":""incomplete"",""source_files"":""fulloilandfilter2022to2027;release_2022_2027_final_audit""}",incomplete,oil_type;oil_capacity,2025|fordtrucks|broncosport|turbo2
6b441457b7ff999759618601,2025,Ford Trucks,Escape,Hybrid 2.5,,,51348,,consolidated:full_oil_filter_workbook,"{""napa_gold_filter"":""1348"",""stp_filter"":""PH2811"",""source_status"":""EXACT_PRIOR_YEAR_CONTINUITY — Engine Oil: exact 2024 continuity; Oil Capacity: exact 2024 continuity; Oil Plug Torque: exact 2024 continuity. WIX official application matched; NAPA Gold cross-reference derived from WIX/NAPA convention; STP product-level cross-reference validated."",""verification_status"":""incomplete"",""source_files"":""fulloilandfilter2022to2027;release_2022_2027_final_audit""}",incomplete,oil_type;oil_capacity,2025|fordtrucks|escape|hybrid25
92b16331d5154ed35176ac1e,2025,Ford Trucks,Escape,Turbo 2,,,51348,,consolidated:full_oil_filter_workbook,"{""napa_gold_filter"":""1348"",""stp_filter"":""PH2811"",""source_status"":""EXACT_PRIOR_YEAR_CONTINUITY — Engine Oil: exact 2024 continuity; Oil Capacity: exact 2024 continuity; Oil Plug Torque: exact 2024 continuity. WIX official application matched; NAPA Gold cross-reference derived from WIX/NAPA convention; STP product-level cross-reference validated."",""verification_status"":""incomplete"",""source_files"":""fulloilandfilter2022to2027;release_2022_2027_final_audit""}",incomplete,oil_type;oil_capacity,2025|fordtrucks|escape|turbo2
384aa7321aa96575d8c3d95e,2025,Ford Trucks,Explorer,Turbo 3,,,WL10050,,consolidated:full_oil_filter_workbook,"{""napa_gold_filter"":""10050"",""stp_filter"":""S11955 / S11955XL"",""source_status"":""EXACT_PRIOR_YEAR_CONTINUITY — Engine Oil: exact 2024 continuity; Oil Capacity: exact 2024 continuity; Oil Plug Torque: exact 2024 continuity. WIX official application matched; NAPA Gold cross-reference derived from WIX/NAPA convention; STP product-level cross-reference validated."",""verification_status"":""incomplete"",""source_files"":""fulloilandfilter2022to2027;release_2022_2027_final_audit""}",incomplete,oil_type;oil_capacity,2025|fordtrucks|explorer|turbo3
4af1f71a2ec2099a88765f46,2025,Ford Trucks,F-150,Turbo 5.2,,,57502,,consolidated:full_oil_filter_workbook,"{""napa_gold_filter"":""7502"",""source_status"":""UNVERIFIED_OIL_SERVICE_DATA — Engine Oil: no validated continuity source; Oil Capacity: no validated continuity source; Oil Plug Torque: no validated continuity source. WIX official application matched; NAPA Gold cross-reference derived from WIX/NAPA convention; STP cross-reference not verified."",""verification_status"":""unverified"",""source_files"":""fulloilandfilter2022to2027;release_2022_2027_final_audit""}",unverified,oil_type;oil_capacity;stp_filter,2025|fordtrucks|f150|turbo52
3119d16667d8f34cd0faabf8,2025,Ford Trucks,F150,5.2,,,,,consolidated:vehicle_2025_csv,"{""verification_status"":""incomplete"",""source_files"":""car_data_2025-2.csv""}",incomplete,oil_type;oil_capacity;wix_filter;napa_gold_filter;stp_filter,2025|fordtrucks|f150|52
8f446e016c370534293924eb,2025,Ford Trucks,Maverick,Hybrid 2.5,,,51348,,consolidated:full_oil_filter_workbook,"{""napa_gold_filter"":""1348"",""stp_filter"":""PH2811"",""source_status"":""EXACT_PRIOR_YEAR_CONTINUITY — Engine Oil: exact 2023 continuity; Oil Capacity: exact 2023 continuity; Oil Plug Torque: exact 2023 continuity. WIX official application matched; NAPA Gold cross-reference derived from WIX/NAPA convention; STP product-level cross-reference validated."",""verification_status"":""incomplete"",""source_files"":""fulloilandfilter2022to2027;release_2022_2027_final_audit""}",incomplete,oil_type;oil_capacity,2025|fordtrucks|maverick|hybrid25
411ef5911f672552cfc838d3,2025,Ford Trucks,Maverick,Turbo 2,,,51348,,consolidated:full_oil_filter_workbook,"{""napa_gold_filter"":""1348"",""stp_filter"":""PH2811"",""source_status"":""EXACT_PRIOR_YEAR_CONTINUITY — Engine Oil: exact 2024 continuity; Oil Capacity: exact 2024 continuity; Oil Plug Torque: exact 2024 continuity. WIX official application matched; NAPA Gold cross-reference derived from WIX/NAPA convention; STP product-level cross-reference validated."",""verification_status"":""incomplete"",""source_files"":""fulloilandfilter2022to2027;release_2022_2027_final_audit""}",incomplete,oil_type;oil_capacity,2025|fordtrucks|maverick|turbo2
abe47baa5eaa2adb93002f6a,2025,Ford Trucks,Mustang,Turbo 5.2,,,57502,,consolidated:full_oil_filter_workbook,"{""napa_gold_filter"":""7502"",""source_status"":""ENGINE_FILTER_FAMILY_CONTINUITY — Engine Oil: 1/1 same engine/filter family; Oil Capacity: 1/1 same engine/filter family; Oil Plug Torque: 1/1 same engine/filter family. WIX official application matched; NAPA Gold cross-reference derived from WIX/NAPA convention; STP cross-reference not verified."",""verification_status"":""incomplete"",""source_files"":""fulloilandfilter2022to2027;release_2022_2027_final_audit""}",incomplete,oil_type;oil_capacity;stp_filter,2025|fordtrucks|mustang|turbo52
c6f2e50f513aab86c672b0e0,2025,Ford Trucks,Pickup F-Series Super Duty (Up To 550 Series),6.8,,,51372,,consolidated:full_oil_filter_workbook,"{""napa_gold_filter"":""1372"",""source_status"":""EXACT_PRIOR_YEAR_CONTINUITY — Engine Oil: exact 2024 continuity; Oil Capacity: exact 2024 continuity; Oil Plug Torque: exact 2024 continuity. WIX official application matched; NAPA Gold cross-reference derived from WIX/NAPA convention; STP cross-reference not verified."",""verification_status"":""incomplete"",""source_files"":""fulloilandfilter2022to2027;release_2022_2027_final_audit""}",incomplete,oil_type;oil_capacity;stp_filter,2025|fordtrucks|pickupfseriessuperdutyupto550series|68
bd0b43428c615cb3b2bcdce8,2025,Ford Trucks,Pickup F-Series Super Duty (Up To 550 Series),Diesel 6.7,,,57151,,consolidated:full_oil_filter_workbook,"{""napa_gold_filter"":""7151"",""stp_filter"":""S10890 / S10890XL"",""source_status"":""EXACT_PRIOR_YEAR_CONTINUITY — Engine Oil: exact 2024 continuity; Oil Capacity: exact 2024 continuity; Oil Plug Torque: exact 2024 continuity. WIX official application matched; NAPA Gold cross-reference derived from WIX/NAPA convention; STP product-level cross-reference validated."",""verification_status"":""incomplete"",""source_files"":""fulloilandfilter2022to2027;release_2022_2027_final_audit""}",incomplete,oil_type;oil_capacity,2025|fordtrucks|pickupfseriessuperdutyupto550series|diesel67
637067977ce7a28f0827b8f8,2025,Ford Trucks,Police Interceptor Utility,Turbo 3,,,WL10050,,consolidated:full_oil_filter_workbook,"{""napa_gold_filter"":""10050"",""stp_filter"":""S11955 / S11955XL"",""source_status"":""EXACT_PRIOR_YEAR_CONTINUITY — Engine Oil: exact 2024 continuity; Oil Capacity: exact 2024 continuity; Oil Plug Torque: exact 2024 continuity. WIX official application matched; NAPA Gold cross-reference derived from WIX/NAPA convention; STP product-level cross-reference validated."",""verification_status"":""incomplete"",""source_files"":""fulloilandfilter2022to2027;release_2022_2027_final_audit""}",incomplete,oil_type;oil_capacity,2025|fordtrucks|policeinterceptorutility|turbo3
a67eea0fb3ed20c9d8f007fe,2025,Ford Trucks,Ranger,Diesel 2,,,51348,,consolidated:full_oil_filter_workbook,"{""napa_gold_filter"":""1348"",""stp_filter"":""PH2811"",""source_status"":""UNVERIFIED_OIL_SERVICE_DATA — Engine Oil: no validated continuity source; Oil Capacity: no validated continuity source; Oil Plug Torque: no validated continuity source. WIX official application matched; NAPA Gold cross-reference derived from WIX/NAPA convention; STP product-level cross-reference validated."",""verification_status"":""unverified"",""source_files"":""fulloilandfilter2022to2027;release_2022_2027_final_audit""}",unverified,oil_type;oil_capacity,2025|fordtrucks|ranger|diesel2
3065f90b3ff35d71aebea49b,2025,Ford Trucks,Ranger,Turbo 3,,,WL10050,,consolidated:full_oil_filter_workbook,"{""napa_gold_filter"":""10050"",""stp_filter"":""S11955 / S11955XL"",""source_status"":""EXACT_PRIOR_YEAR_CONTINUITY — Engine Oil: exact 2024 continuity; Oil Capacity: exact 2024 continuity; Oil Plug Torque: exact 2024 continuity. WIX official application matched; NAPA Gold cross-reference derived from WIX/NAPA convention; STP product-level cross-reference validated."",""verification_status"":""incomplete"",""source_files"":""fulloilandfilter2022to2027;release_2022_2027_final_audit""}",incomplete,oil_type;oil_capacity,2025|fordtrucks|ranger|turbo3
94d675084295e1fd856df0e0,2025,Ford Trucks,Transit,Turbo 2,,,51348,,consolidated:full_oil_filter_workbook,"{""napa_gold_filter"":""1348"",""stp_filter"":""PH2811"",""source_status"":""ENGINE_FILTER_FAMILY_CONTINUITY — Engine Oil: 12/12 same engine/filter family; Oil Capacity: 12/12 same engine/filter family; Oil Plug Torque: 12/12 same engine/filter family. WIX official application matched; NAPA Gold cross-reference derived from WIX/NAPA convention; STP product-level cross-reference validated."",""verification_status"":""incomplete"",""source_files"":""fulloilandfilter2022to2027;release_2022_2027_final_audit""}",incomplete,oil_type;oil_capacity,2025|fordtrucks|transit|turbo2
c04923cc5cdaf6cdb867f695,2025,GMC Trucks,Acadia,Turbo 2.5,,,WL10351,,consolidated:full_oil_filter_workbook,"{""napa_gold_filter"":""10351"",""stp_filter"":""S45008"",""source_status"":""EXACT_PRIOR_YEAR_CONTINUITY — Engine Oil: exact 2024 continuity; Oil Capacity: exact 2024 continuity; Oil Plug Torque: exact 2024 continuity. WIX official application matched; NAPA Gold cross-reference derived from WIX/NAPA convention; STP product-level cross-reference validated."",""verification_status"":""incomplete"",""source_files"":""fulloilandfilter2022to2027;release_2022_2027_final_audit""}",incomplete,oil_type;oil_capacity,2025|gmctrucks|acadia|turbo25
5742d0b2c06969533e00efe0,2025,GMC Trucks,Sierra 1500,Diesel 3,,,WL10351,,consolidated:full_oil_filter_workbook,"{""napa_gold_filter"":""10351"",""stp_filter"":""S45008"",""source_status"":""EXACT_PRIOR_YEAR_CONTINUITY — Engine Oil: exact 2024 continuity; Oil Capacity: exact 2024 continuity; Oil Plug Torque: exact 2024 continuity. WIX official application matched; NAPA Gold cross-reference derived from WIX/NAPA convention; STP product-level cross-reference validated."",""verification_status"":""incomplete"",""source_files"":""fulloilandfilter2022to2027;release_2022_2027_final_audit""}",incomplete,oil_type;oil_capacity,2025|gmctrucks|sierra1500|diesel3
f3afec8eeff91a9f2e768660,2025,GMC Trucks,Yukon,Diesel 3,,,WL10351,,consolidated:full_oil_filter_workbook,"{""napa_gold_filter"":""10351"",""stp_filter"":""S45008"",""source_status"":""EXACT_PRIOR_YEAR_CONTINUITY — Engine Oil: exact 2024 continuity; Oil Capacity: exact 2024 continuity; Oil Plug Torque: exact 2024 continuity. WIX official application matched; NAPA Gold cross-reference derived from WIX/NAPA convention; STP product-level cross-reference validated."",""verification_status"":""incomplete"",""source_files"":""fulloilandfilter2022to2027;release_2022_2027_final_audit""}",incomplete,oil_type;oil_capacity,2025|gmctrucks|yukon|diesel3
d3017652e272cf1fe1064677,2025,GMC Trucks,Yukon Xl,Diesel 3,,,WL10351,,consolidated:full_oil_filter_workbook,"{""napa_gold_filter"":""10351"",""stp_filter"":""S45008"",""source_status"":""EXACT_PRIOR_YEAR_CONTINUITY — Engine Oil: exact 2024 continuity; Oil Capacity: exact 2024 continuity; Oil Plug Torque: exact 2024 continuity. WIX official application matched; NAPA Gold cross-reference derived from WIX/NAPA convention; STP product-level cross-reference validated."",""verification_status"":""incomplete"",""source_files"":""fulloilandfilter2022to2027;release_2022_2027_final_audit""}",incomplete,oil_type;oil_capacity,2025|gmctrucks|yukonxl|diesel3
f4ddd3798392361602561f65,2025,Honda,Accord,Hybrid 2,,,57356,,consolidated:full_oil_filter_workbook,"{""napa_gold_filter"":""7356"",""source_status"":""EXACT_PRIOR_YEAR_CONTINUITY — Engine Oil: exact 2024 continuity; Oil Capacity: exact 2024 continuity; Oil Plug Torque: exact 2024 continuity. WIX official application matched; NAPA Gold cross-reference derived from WIX/NAPA convention; STP cross-reference not verified."",""verification_status"":""incomplete"",""source_files"":""fulloilandfilter2022to2027;release_2022_2027_final_audit""}",incomplete,oil_type;oil_capacity;stp_filter,2025|honda|accord|hybrid2
dd2c9948ec7eca3af0ea6de7,2025,Honda,Civic,Turbo 2,,,57356,,consolidated:full_oil_filter_workbook,"{""napa_gold_filter"":""7356"",""source_status"":""EXACT_PRIOR_YEAR_CONTINUITY — Engine Oil: exact 2024 continuity; Oil Capacity: exact 2024 continuity; Oil Plug Torque: exact 2024 continuity. WIX official application matched; NAPA Gold cross-reference derived from WIX/NAPA convention; STP cross-reference not verified."",""verification_status"":""incomplete"",""source_files"":""fulloilandfilter2022to2027;release_2022_2027_final_audit""}",incomplete,oil_type;oil_capacity;stp_filter,2025|honda|civic|turbo2
a2636659e3b0dfa023c7ab86,2025,Honda,Cr-V,Hybrid 2,,,57356,,consolidated:full_oil_filter_workbook,"{""napa_gold_filter"":""7356"",""source_status"":""EXACT_PRIOR_YEAR_CONTINUITY — Engine Oil: exact 2024 continuity; Oil Capacity: exact 2024 continuity; Oil Plug Torque: exact 2024 continuity. WIX official application matched; NAPA Gold cross-reference derived from WIX/NAPA convention; STP cross-reference not verified."",""verification_status"":""incomplete"",""source_files"":""fulloilandfilter2022to2027;release_2022_2027_final_audit""}",incomplete,oil_type;oil_capacity;stp_filter,2025|honda|crv|hybrid2
3c9122781a31e152533875c5,2025,Hyundai,Elantra,Hybrid 1.6,,,51334,,consolidated:full_oil_filter_workbook,"{""napa_gold_filter"":""1334"",""stp_filter"":""PH7010"",""source_status"":""EXACT_PRIOR_YEAR_CONTINUITY — Engine Oil: exact 2024 continuity; Oil Capacity: exact 2024 continuity; Oil Plug Torque: exact 2024 continuity. WIX official application matched; NAPA Gold cross-reference derived from WIX/NAPA convention; STP product-level cross-reference validated."",""verification_status"":""incomplete"",""source_files"":""fulloilandfilter2022to2027;release_2022_2027_final_audit""}",incomplete,oil_type;oil_capacity,2025|hyundai|elantra|hybrid16
375ec5b7923f47f31d584422,2025,Hyundai,Elantra N,Turbo 2,,,51334,,consolidated:full_oil_filter_workbook,"{""napa_gold_filter"":""1334"",""stp_filter"":""PH7010"",""source_status"":""EXACT_PRIOR_YEAR_CONTINUITY — Engine Oil: exact 2024 continuity; Oil Capacity: exact 2024 continuity; Oil Plug Torque: exact 2024 continuity. WIX official application matched; NAPA Gold cross-reference derived from WIX/NAPA convention; STP product-level cross-reference validated."",""verification_status"":""incomplete"",""source_files"":""fulloilandfilter2022to2027;release_2022_2027_final_audit""}",incomplete,oil_type;oil_capacity,2025|hyundai|elantran|turbo2
2e28b9f3182ecca1ddd65d22,2025,Hyundai,GRAND i10,1,,,51334,,consolidated:full_oil_filter_workbook,"{""napa_gold_filter"":""1334"",""stp_filter"":""PH7010"",""source_status"":""EXACT_PRIOR_YEAR_CONTINUITY — Engine Oil: exact 2024 continuity; Oil Capacity: exact 2024 continuity; Oil Plug Torque: exact 2024 continuity. WIX official application matched; NAPA Gold cross-reference derived from WIX/NAPA convention; STP product-level cross-reference validated."",""verification_status"":""incomplete"",""source_files"":""fulloilandfilter2022to2027;release_2022_2027_final_audit""}",incomplete,oil_type;oil_capacity,2025|hyundai|grandi10|1
9c811a9a2c51a1e6edc375de,2025,Infiniti,Qx50,Turbo 2,,,51358,,consolidated:full_oil_filter_workbook,"{""napa_gold_filter"":""1358"",""stp_filter"":""PH2865 / PH7028"",""source_status"":""EXACT_PRIOR_YEAR_CONTINUITY — Engine Oil: exact 2024 continuity; Oil Capacity: exact 2024 continuity; Oil Plug Torque: exact 2024 continuity. WIX official application matched; NAPA Gold cross-reference derived from WIX/NAPA convention; STP product-level cross-reference validated."",""verification_status"":""incomplete"",""source_files"":""fulloilandfilter2022to2027;release_2022_2027_final_audit""}",incomplete,oil_type;oil_capacity,2025|infiniti|qx50|turbo2
a704133e398f279d7909f06b,2025,Infiniti,Qx55,Turbo 2,,,51358,,consolidated:full_oil_filter_workbook,"{""napa_gold_filter"":""1358"",""stp_filter"":""PH2865 / PH7028"",""source_status"":""EXACT_PRIOR_YEAR_CONTINUITY — Engine Oil: exact 2024 continuity; Oil Capacity: exact 2024 continuity; Oil Plug Torque: exact 2024 continuity. WIX official application matched; NAPA Gold cross-reference derived from WIX/NAPA convention; STP product-level cross-reference validated."",""verification_status"":""incomplete"",""source_files"":""fulloilandfilter2022to2027;release_2022_2027_final_audit""}",incomplete,oil_type;oil_capacity,2025|infiniti|qx55|turbo2
c892fcd46109c3611e128d93,2025,Infiniti,Qx60,Turbo 2,,,51358,,consolidated:full_oil_filter_workbook,"{""napa_gold_filter"":""1358"",""stp_filter"":""PH2865 / PH7028"",""source_status"":""ENGINE_FILTER_FAMILY_CONTINUITY — Engine Oil: 6/6 same engine/filter family; Oil Capacity: 6/6 same engine/filter family; Oil Plug Torque: 6/6 same engine/filter family. WIX official application matched; NAPA Gold cross-reference derived from WIX/NAPA convention; STP product-level cross-reference validated."",""verification_status"":""incomplete"",""source_files"":""fulloilandfilter2022to2027;release_2022_2027_final_audit""}",incomplete,oil_type;oil_capacity,2025|infiniti|qx60|turbo2
832924fd7fec1c2aef6b5960,2025,Infiniti,Qx80,Turbo 3.5,0W-20,6.3 qts. with filter,51358,,consolidated:full_oil_filter_workbook,"{""napa_gold_filter"":""1358"",""stp_filter"":""PH2865 / PH7028"",""source_status"":""UNVERIFIED_OIL_SERVICE_DATA — Engine Oil: no validated continuity source; Oil Capacity: no validated continuity source; Oil Plug Torque: no validated continuity source. WIX official application matched; NAPA Gold cross-reference derived from WIX/NAPA convention; STP product-level cross-reference validated."",""verification_status"":""unverified"",""source_files"":""fulloilandfilter2022to2027;release_2022_2027_final_audit;car_data_2025-2.csv""}",unverified,,2025|infiniti|qx80|turbo35
cecb17638b18c1ed33cf716a,2025,Jaguar,F-Pace,Turbo 2,,,WL10419,,consolidated:full_oil_filter_workbook,"{""napa_gold_filter"":""10419"",""stp_filter"":""S45004"",""source_status"":""EXACT_PRIOR_YEAR_CONTINUITY — Engine Oil: exact 2024 continuity; Oil Capacity: exact 2024 continuity; Oil Plug Torque: exact 2024 continuity. WIX official application matched; NAPA Gold cross-reference derived from WIX/NAPA convention; STP product-level cross-reference validated."",""verification_status"":""incomplete"",""source_files"":""fulloilandfilter2022to2027;release_2022_2027_final_audit""}",incomplete,oil_type;oil_capacity,2025|jaguar|fpace|turbo2
7adf5768e699ed73589be3f4,2025,Jaguar,F-Pace,Turbo 3,,,WL10513,,consolidated:full_oil_filter_workbook,"{""napa_gold_filter"":""10513"",""source_status"":""EXACT_PRIOR_YEAR_CONTINUITY — Engine Oil: exact 2024 continuity; Oil Capacity: exact 2024 continuity; Oil Plug Torque: exact 2024 continuity. WIX official application matched; NAPA Gold cross-reference derived from WIX/NAPA convention; STP cross-reference not verified."",""verification_status"":""incomplete"",""source_files"":""fulloilandfilter2022to2027;release_2022_2027_final_audit""}",incomplete,oil_type;oil_capacity;stp_filter,2025|jaguar|fpace|turbo3
21042e0c613682964335b387,2025,Jeep,Grand Cherokee,Turbo 2,,,57060,,consolidated:full_oil_filter_workbook,"{""napa_gold_filter"":""7060"",""stp_filter"":""S3506"",""source_status"":""EXACT_PRIOR_YEAR_CONTINUITY — Engine Oil: exact 2024 continuity; Oil Capacity: exact 2024 continuity; Oil Plug Torque: exact 2024 continuity. WIX official application matched; NAPA Gold cross-reference derived from WIX/NAPA convention; STP product-level cross-reference validated."",""verification_status"":""incomplete"",""source_files"":""fulloilandfilter2022to2027;release_2022_2027_final_audit""}",incomplete,oil_type;oil_capacity,2025|jeep|grandcherokee|turbo2
8622aa7500fabeadbdd8a848,2025,Jeep,Grand Wagoneer,Turbo 3,,,57045,,consolidated:full_oil_filter_workbook,"{""napa_gold_filter"":""7045"",""stp_filter"":""S10590 / S10590XL"",""source_status"":""EXACT_PRIOR_YEAR_CONTINUITY — Engine Oil: exact 2024 continuity; Oil Capacity: exact 2024 continuity; Oil Plug Torque: exact 2024 continuity. WIX official application matched; NAPA Gold cross-reference derived from WIX/NAPA convention; STP product-level cross-reference validated."",""verification_status"":""incomplete"",""source_files"":""fulloilandfilter2022to2027;release_2022_2027_final_audit""}",incomplete,oil_type;oil_capacity,2025|jeep|grandwagoneer|turbo3
0916f9a78225381b95036c92,2025,Jeep,Grand Wagoneer L,Turbo 3,,,57045,,consolidated:full_oil_filter_workbook,"{""napa_gold_filter"":""7045"",""stp_filter"":""S10590 / S10590XL"",""source_status"":""EXACT_PRIOR_YEAR_CONTINUITY — Engine Oil: exact 2024 continuity; Oil Capacity: exact 2024 continuity; Oil Plug Torque: exact 2024 continuity. WIX official application matched; NAPA Gold cross-reference derived from WIX/NAPA convention; STP product-level cross-reference validated."",""verification_status"":""incomplete"",""source_files"":""fulloilandfilter2022to2027;release_2022_2027_final_audit""}",incomplete,oil_type;oil_capacity,2025|jeep|grandwagoneerl|turbo3
3e5435211884c0659cce9f1e,2025,Jeep,Wagoneer,Turbo 3,,,WL10255,,consolidated:full_oil_filter_workbook,"{""napa_gold_filter"":""10255"",""stp_filter"":""S45013"",""source_status"":""EXACT_PRIOR_YEAR_CONTINUITY — Engine Oil: exact 2024 continuity; Oil Capacity: exact 2024 continuity; Oil Plug Torque: exact 2024 continuity. WIX official application matched; NAPA Gold cross-reference derived from WIX/NAPA convention; STP product-level cross-reference validated."",""verification_status"":""incomplete"",""source_files"":""fulloilandfilter2022to2027;release_2022_2027_final_audit""}",incomplete,oil_type;oil_capacity,2025|jeep|wagoneer|turbo3
5a24cdcd7e76b92b94462ca0,2025,Jeep,Wagoneer L,Turbo 3,,,57045,,consolidated:full_oil_filter_workbook,"{""napa_gold_filter"":""7045"",""stp_filter"":""S10590 / S10590XL"",""source_status"":""EXACT_PRIOR_YEAR_CONTINUITY — Engine Oil: exact 2024 continuity; Oil Capacity: exact 2024 continuity; Oil Plug Torque: exact 2024 continuity. WIX official application matched; NAPA Gold cross-reference derived from WIX/NAPA convention; STP product-level cross-reference validated."",""verification_status"":""incomplete"",""source_files"":""fulloilandfilter2022to2027;release_2022_2027_final_audit""}",incomplete,oil_type;oil_capacity,2025|jeep|wagoneerl|turbo3
0a307d263d1b328cab0a4533,2025,Jeep,Wrangler,Turbo 2,,,57060,,consolidated:full_oil_filter_workbook,"{""napa_gold_filter"":""7060"",""stp_filter"":""S3506"",""source_status"":""EXACT_PRIOR_YEAR_CONTINUITY — Engine Oil: exact 2024 continuity; Oil Capacity: exact 2024 continuity; Oil Plug Torque: exact 2024 continuity. WIX official application matched; NAPA Gold cross-reference derived from WIX/NAPA convention; STP product-level cross-reference validated."",""verification_status"":""incomplete"",""source_files"":""fulloilandfilter2022to2027;release_2022_2027_final_audit""}",incomplete,oil_type;oil_capacity,2025|jeep|wrangler|turbo2
1d04e69bc6a105912847b081,2025,Kia,K4,2,,,WL10521,,consolidated:full_oil_filter_workbook,"{""napa_gold_filter"":""10521"",""stp_filter"":""S45028 / S45028XL"",""source_status"":""UNVERIFIED_OIL_SERVICE_DATA — Engine Oil: no validated continuity source; Oil Capacity: no validated continuity source; Oil Plug Torque: no validated continuity source. WIX official application matched; NAPA Gold cross-reference derived from WIX/NAPA convention; STP product-level cross-reference validated."",""verification_status"":""unverified"",""source_files"":""fulloilandfilter2022to2027;release_2022_2027_final_audit""}",unverified,oil_type;oil_capacity,2025|kia|k4|2
3ce221eedbc7cbfcebcb1ce5,2025,Kia,Seltos,1.5,,,51334,,consolidated:full_oil_filter_workbook,"{""napa_gold_filter"":""1334"",""stp_filter"":""PH7010"",""source_status"":""UNVERIFIED_OIL_SERVICE_DATA — Engine Oil: no validated continuity source; Oil Capacity: no validated continuity source; Oil Plug Torque: no validated continuity source. WIX official application matched; NAPA Gold cross-reference derived from WIX/NAPA convention; STP product-level cross-reference validated."",""verification_status"":""unverified"",""source_files"":""fulloilandfilter2022to2027;release_2022_2027_final_audit""}",unverified,oil_type;oil_capacity,2025|kia|seltos|15
39c15a111a81c6f9c81b1921,2025,Kia,Seltos,Turbo 1.4,,,51334,,consolidated:full_oil_filter_workbook,"{""napa_gold_filter"":""1334"",""stp_filter"":""PH7010"",""source_status"":""EXACT_PRIOR_YEAR_CONTINUITY — Engine Oil: exact 2023 continuity; Oil Capacity: exact 2023 continuity; Oil Plug Torque: exact 2023 continuity. WIX official application matched; NAPA Gold cross-reference derived from WIX/NAPA convention; STP product-level cross-reference validated."",""verification_status"":""incomplete"",""source_files"":""fulloilandfilter2022to2027;release_2022_2027_final_audit""}",incomplete,oil_type;oil_capacity,2025|kia|seltos|turbo14
519055dc1fc2d17fd4227a57,2025,Land Rover,Defender 110,Turbo 2,,,WL10419,,consolidated:full_oil_filter_workbook,"{""napa_gold_filter"":""10419"",""stp_filter"":""S45004"",""source_status"":""EXACT_PRIOR_YEAR_CONTINUITY — Engine Oil: exact 2024 continuity; Oil Capacity: exact 2024 continuity; Oil Plug Torque: exact 2024 continuity. WIX official application matched; NAPA Gold cross-reference derived from WIX/NAPA convention; STP product-level cross-reference validated."",""verification_status"":""incomplete"",""source_files"":""fulloilandfilter2022to2027;release_2022_2027_final_audit""}",incomplete,oil_type;oil_capacity,2025|landrover|defender110|turbo2
8cc891a4a63881c5d7fc6900,2025,Land Rover,Defender 110,Turbo 3,,,WL10513,,consolidated:full_oil_filter_workbook,"{""napa_gold_filter"":""10513"",""source_status"":""EXACT_PRIOR_YEAR_CONTINUITY — Engine Oil: exact 2024 continuity; Oil Capacity: exact 2024 continuity; Oil Plug Torque: exact 2024 continuity. WIX official application matched; NAPA Gold cross-reference derived from WIX/NAPA convention; STP cross-reference not verified."",""verification_status"":""incomplete"",""source_files"":""fulloilandfilter2022to2027;release_2022_2027_final_audit""}",incomplete,oil_type;oil_capacity;stp_filter,2025|landrover|defender110|turbo3
7dc0b06219d9255d73abfe86,2025,Land Rover,Defender 110,Turbo 4.4,,,57279,,consolidated:full_oil_filter_workbook,"{""napa_gold_filter"":""7279"",""stp_filter"":""S10992 / S10992XL"",""source_status"":""ENGINE_FILTER_FAMILY_CONTINUITY — Engine Oil: 4/4 same engine/filter family; Oil Capacity: 4/4 same engine/filter family; Oil Plug Torque: 4/4 same engine/filter family. WIX official application matched; NAPA Gold cross-reference derived from WIX/NAPA convention; STP product-level cross-reference validated."",""verification_status"":""incomplete"",""source_files"":""fulloilandfilter2022to2027;release_2022_2027_final_audit""}",incomplete,oil_type;oil_capacity,2025|landrover|defender110|turbo44
eab6c0c819b42ce53238007f,2025,Land Rover,Defender 90,Turbo 2,,,WL10419,,consolidated:full_oil_filter_workbook,"{""napa_gold_filter"":""10419"",""stp_filter"":""S45004"",""source_status"":""EXACT_PRIOR_YEAR_CONTINUITY — Engine Oil: exact 2024 continuity; Oil Capacity: exact 2024 continuity; Oil Plug Torque: exact 2024 continuity. WIX official application matched; NAPA Gold cross-reference derived from WIX/NAPA convention; STP product-level cross-reference validated."",""verification_status"":""incomplete"",""source_files"":""fulloilandfilter2022to2027;release_2022_2027_final_audit""}",incomplete,oil_type;oil_capacity,2025|landrover|defender90|turbo2
988c44bd43e593526c13c6b9,2025,Land Rover,Defender 90,Turbo 3,,,WL10513,,consolidated:full_oil_filter_workbook,"{""napa_gold_filter"":""10513"",""source_status"":""EXACT_PRIOR_YEAR_CONTINUITY — Engine Oil: exact 2024 continuity; Oil Capacity: exact 2024 continuity; Oil Plug Torque: exact 2024 continuity. WIX official application matched; NAPA Gold cross-reference derived from WIX/NAPA convention; STP cross-reference not verified."",""verification_status"":""incomplete"",""source_files"":""fulloilandfilter2022to2027;release_2022_2027_final_audit""}",incomplete,oil_type;oil_capacity;stp_filter,2025|landrover|defender90|turbo3
dacc18cffdb37442342d0f92,2025,Land Rover,Discovery,Turbo 2,,,WL10419,,consolidated:full_oil_filter_workbook,"{""napa_gold_filter"":""10419"",""stp_filter"":""S45004"",""source_status"":""EXACT_PRIOR_YEAR_CONTINUITY — Engine Oil: exact 2024 continuity; Oil Capacity: exact 2024 continuity; Oil Plug Torque: exact 2024 continuity. WIX official application matched; NAPA Gold cross-reference derived from WIX/NAPA convention; STP product-level cross-reference validated."",""verification_status"":""incomplete"",""source_files"":""fulloilandfilter2022to2027;release_2022_2027_final_audit""}",incomplete,oil_type;oil_capacity,2025|landrover|discovery|turbo2
e2de4e1b2d324707a2836736,2025,Land Rover,Discovery,Turbo 3,,,WL10513,,consolidated:full_oil_filter_workbook,"{""napa_gold_filter"":""10513"",""source_status"":""EXACT_PRIOR_YEAR_CONTINUITY — Engine Oil: exact 2024 continuity; Oil Capacity: exact 2024 continuity; Oil Plug Torque: exact 2024 continuity. WIX official application matched; NAPA Gold cross-reference derived from WIX/NAPA convention; STP cross-reference not verified."",""verification_status"":""incomplete"",""source_files"":""fulloilandfilter2022to2027;release_2022_2027_final_audit""}",incomplete,oil_type;oil_capacity;stp_filter,2025|landrover|discovery|turbo3
158f757a30d8da39e8d29f9e,2025,Land Rover,Discovery Sport,Turbo 2,,,WL10419,,consolidated:full_oil_filter_workbook,"{""napa_gold_filter"":""10419"",""stp_filter"":""S45004"",""source_status"":""EXACT_PRIOR_YEAR_CONTINUITY — Engine Oil: exact 2024 continuity; Oil Capacity: exact 2024 continuity; Oil Plug Torque: exact 2024 continuity. WIX official application matched; NAPA Gold cross-reference derived from WIX/NAPA convention; STP product-level cross-reference validated."",""verification_status"":""incomplete"",""source_files"":""fulloilandfilter2022to2027;release_2022_2027_final_audit""}",incomplete,oil_type;oil_capacity,2025|landrover|discoverysport|turbo2
95449e5fbc4d681ef4969875,2025,Land Rover,Range Rover,Turbo 3,,,WL10513,,consolidated:full_oil_filter_workbook,"{""napa_gold_filter"":""10513"",""source_status"":""EXACT_PRIOR_YEAR_CONTINUITY — Engine Oil: exact 2023 continuity; Oil Capacity: exact 2023 continuity; Oil Plug Torque: exact 2023 continuity. WIX official application matched; NAPA Gold cross-reference derived from WIX/NAPA convention; STP cross-reference not verified."",""verification_status"":""incomplete"",""source_files"":""fulloilandfilter2022to2027;release_2022_2027_final_audit""}",incomplete,oil_type;oil_capacity;stp_filter,2025|landrover|rangerover|turbo3
95b059e1701c84f4dbacc1d5,2025,Land Rover,Range Rover,Turbo 4.4,,,57279,,consolidated:full_oil_filter_workbook,"{""napa_gold_filter"":""7279"",""stp_filter"":""S10992 / S10992XL"",""source_status"":""EXACT_PRIOR_YEAR_CONTINUITY — Engine Oil: exact 2024 continuity; Oil Capacity: exact 2024 continuity; Oil Plug Torque: exact 2024 continuity. WIX official application matched; NAPA Gold cross-reference derived from WIX/NAPA convention; STP product-level cross-reference validated."",""verification_status"":""incomplete"",""source_files"":""fulloilandfilter2022to2027;release_2022_2027_final_audit""}",incomplete,oil_type;oil_capacity,2025|landrover|rangerover|turbo44
fee88ce2cc4d4993a8676167,2025,Land Rover,Range Rover Evoque,Turbo 2,,,WL10419,,consolidated:full_oil_filter_workbook,"{""napa_gold_filter"":""10419"",""stp_filter"":""S45004"",""source_status"":""EXACT_PRIOR_YEAR_CONTINUITY — Engine Oil: exact 2024 continuity; Oil Capacity: exact 2024 continuity; Oil Plug Torque: exact 2024 continuity. WIX official application matched; NAPA Gold cross-reference derived from WIX/NAPA convention; STP product-level cross-reference validated."",""verification_status"":""incomplete"",""source_files"":""fulloilandfilter2022to2027;release_2022_2027_final_audit""}",incomplete,oil_type;oil_capacity,2025|landrover|rangeroverevoque|turbo2
fd1de6fb16aba53bd22a9f31,2025,Land Rover,Range Rover Sport,Turbo 3,,,WL10513,,consolidated:full_oil_filter_workbook,"{""napa_gold_filter"":""10513"",""source_status"":""EXACT_PRIOR_YEAR_CONTINUITY — Engine Oil: exact 2023 continuity; Oil Capacity: exact 2023 continuity; Oil Plug Torque: exact 2023 continuity. WIX official application matched; NAPA Gold cross-reference derived from WIX/NAPA convention; STP cross-reference not verified."",""verification_status"":""incomplete"",""source_files"":""fulloilandfilter2022to2027;release_2022_2027_final_audit""}",incomplete,oil_type;oil_capacity;stp_filter,2025|landrover|rangeroversport|turbo3
b8da876d5a2cc3e30af9173f,2025,Land Rover,Range Rover Sport,Turbo 4.4,,,57279,,consolidated:full_oil_filter_workbook,"{""napa_gold_filter"":""7279"",""stp_filter"":""S10992 / S10992XL"",""source_status"":""EXACT_PRIOR_YEAR_CONTINUITY — Engine Oil: exact 2024 continuity; Oil Capacity: exact 2024 continuity; Oil Plug Torque: exact 2024 continuity. WIX official application matched; NAPA Gold cross-reference derived from WIX/NAPA convention; STP product-level cross-reference validated."",""verification_status"":""incomplete"",""source_files"":""fulloilandfilter2022to2027;release_2022_2027_final_audit""}",incomplete,oil_type;oil_capacity,2025|landrover|rangeroversport|turbo44
13a5d5da1f7dbd7aa39ac3d7,2025,Land Rover,Range Rover Velar,Turbo 2,,,WL10419,,consolidated:full_oil_filter_workbook,"{""napa_gold_filter"":""10419"",""stp_filter"":""S45004"",""source_status"":""EXACT_PRIOR_YEAR_CONTINUITY — Engine Oil: exact 2024 continuity; Oil Capacity: exact 2024 continuity; Oil Plug Torque: exact 2024 continuity. WIX official application matched; NAPA Gold cross-reference derived from WIX/NAPA convention; STP product-level cross-reference validated."",""verification_status"":""incomplete"",""source_files"":""fulloilandfilter2022to2027;release_2022_2027_final_audit""}",incomplete,oil_type;oil_capacity,2025|landrover|rangerovervelar|turbo2
1788bb1363cea2eb2da67b65,2025,Land Rover,Range Rover Velar,Turbo 3,,,WL10513,,consolidated:full_oil_filter_workbook,"{""napa_gold_filter"":""10513"",""source_status"":""EXACT_PRIOR_YEAR_CONTINUITY — Engine Oil: exact 2024 continuity; Oil Capacity: exact 2024 continuity; Oil Plug Torque: exact 2024 continuity. WIX official application matched; NAPA Gold cross-reference derived from WIX/NAPA convention; STP cross-reference not verified."",""verification_status"":""incomplete"",""source_files"":""fulloilandfilter2022to2027;release_2022_2027_final_audit""}",incomplete,oil_type;oil_capacity;stp_filter,2025|landrover|rangerovervelar|turbo3
500dbca9e4d5bc41008135c8,2025,Lexus,Is 300,Turbo 2,,,57047,,consolidated:full_oil_filter_workbook,"{""napa_gold_filter"":""7047"",""stp_filter"":""S9972 / S9972XL"",""source_status"":""EXACT_PRIOR_YEAR_CONTINUITY — Engine Oil: exact 2024 continuity; Oil Capacity: exact 2024 continuity; Oil Plug Torque: exact 2024 continuity. WIX official application matched; NAPA Gold cross-reference derived from WIX/NAPA convention; STP product-level cross-reference validated."",""verification_status"":""incomplete"",""source_files"":""fulloilandfilter2022to2027;release_2022_2027_final_audit""}",incomplete,oil_type;oil_capacity,2025|lexus|is300|turbo2
13b4a97d314b0c78f0331d41,2025,Lexus,LX 700h,3.4,,,,,consolidated:vehicle_2025_csv,"{""verification_status"":""incomplete"",""source_files"":""car_data_2025-2.csv""}",incomplete,oil_type;oil_capacity;wix_filter;napa_gold_filter;stp_filter,2025|lexus|lx700h|34
954782030847866be9b019b6,2025,Lexus,LX700h,Turbo 3.4,,,57145,,consolidated:full_oil_filter_workbook,"{""napa_gold_filter"":""7145"",""source_status"":""ENGINE_FILTER_FAMILY_CONTINUITY — Engine Oil: 2/2 same engine/filter family; Oil Capacity: 2/2 same engine/filter family; Oil Plug Torque: 2/2 same engine/filter family. WIX official application matched; NAPA Gold cross-reference derived from WIX/NAPA convention; STP cross-reference not verified."",""verification_status"":""incomplete"",""source_files"":""fulloilandfilter2022to2027;release_2022_2027_final_audit""}",incomplete,oil_type;oil_capacity;stp_filter,2025|lexus|lx700h|turbo34
fa3876e4996319194aad81b8,2025,Lexus,UX 300h,Hybrid 2,,,51394,,consolidated:full_oil_filter_workbook,"{""napa_gold_filter"":""1394"",""source_status"":""ENGINE_FILTER_FAMILY_CONTINUITY — Engine Oil: 2/2 same engine/filter family; Oil Capacity: 2/2 same engine/filter family; Oil Plug Torque: 2/2 same engine/filter family. WIX official application matched; NAPA Gold cross-reference derived from WIX/NAPA convention; STP cross-reference not verified."",""verification_status"":""incomplete"",""source_files"":""fulloilandfilter2022to2027;release_2022_2027_final_audit""}",incomplete,oil_type;oil_capacity;stp_filter,2025|lexus|ux300h|hybrid2
c38365de46c3d4d8db5e4e16,2025,Lincoln,Aviator,Turbo 3,,,WL10050,,consolidated:full_oil_filter_workbook,"{""napa_gold_filter"":""10050"",""stp_filter"":""S11955 / S11955XL"",""source_status"":""EXACT_PRIOR_YEAR_CONTINUITY — Engine Oil: exact 2024 continuity; Oil Capacity: exact 2024 continuity; Oil Plug Torque: exact 2024 continuity. WIX official application matched; NAPA Gold cross-reference derived from WIX/NAPA convention; STP product-level cross-reference validated."",""verification_status"":""incomplete"",""source_files"":""fulloilandfilter2022to2027;release_2022_2027_final_audit""}",incomplete,oil_type;oil_capacity,2025|lincoln|aviator|turbo3
6fe1a0e28ea989a8b5e6f55c,2025,Lincoln,Corsair,Hybrid 2.5,,,51348,,consolidated:full_oil_filter_workbook,"{""napa_gold_filter"":""1348"",""stp_filter"":""PH2811"",""source_status"":""UNVERIFIED_OIL_SERVICE_DATA — Engine Oil: no validated continuity source; Oil Capacity: no validated continuity source; Oil Plug Torque: no validated continuity source. WIX official application matched; NAPA Gold cross-reference derived from WIX/NAPA convention; STP product-level cross-reference validated."",""verification_status"":""unverified"",""source_files"":""fulloilandfilter2022to2027;release_2022_2027_final_audit""}",unverified,oil_type;oil_capacity,2025|lincoln|corsair|hybrid25
f6d19bad76a5b05dba33de40,2025,Lincoln,Corsair,Turbo 2,,,WL10290,,consolidated:full_oil_filter_workbook,"{""napa_gold_filter"":""10290"",""stp_filter"":""S12060 / S12060XL"",""source_status"":""EXACT_PRIOR_YEAR_CONTINUITY — Engine Oil: exact 2024 continuity; Oil Capacity: exact 2024 continuity; Oil Plug Torque: exact 2024 continuity. WIX official application matched; NAPA Gold cross-reference derived from WIX/NAPA convention; STP product-level cross-reference validated."",""verification_status"":""incomplete"",""source_files"":""fulloilandfilter2022to2027;release_2022_2027_final_audit""}",incomplete,oil_type;oil_capacity,2025|lincoln|corsair|turbo2
2f2183f1677454c7c3fc2ea7,2025,Lincoln,Nautilus,Turbo 2,,,WL10290,,consolidated:full_oil_filter_workbook,"{""napa_gold_filter"":""10290"",""stp_filter"":""S12060 / S12060XL"",""source_status"":""EXACT_PRIOR_YEAR_CONTINUITY — Engine Oil: exact 2024 continuity; Oil Capacity: exact 2024 continuity; Oil Plug Torque: exact 2024 continuity. WIX official application matched; NAPA Gold cross-reference derived from WIX/NAPA convention; STP product-level cross-reference validated."",""verification_status"":""incomplete"",""source_files"":""fulloilandfilter2022to2027;release_2022_2027_final_audit""}",incomplete,oil_type;oil_capacity,2025|lincoln|nautilus|turbo2
885c0477dad6e798c695c80d,2025,Mazda,3,Hybrid 2.5,,,57002,,consolidated:full_oil_filter_workbook,"{""napa_gold_filter"":""7002"",""source_status"":""EXACT_PRIOR_YEAR_CONTINUITY — Engine Oil: exact 2024 continuity; Oil Capacity: exact 2024 continuity; Oil Plug Torque: exact 2024 continuity. WIX official application matched; NAPA Gold cross-reference derived from WIX/NAPA convention; STP cross-reference not verified."",""verification_status"":""incomplete"",""source_files"":""fulloilandfilter2022to2027;release_2022_2027_final_audit""}",incomplete,oil_type;oil_capacity;stp_filter,2025|mazda|3|hybrid25
31466925d7e7d8ae83a83808,2025,Mazda,Cx-50,Hybrid 2.5,,,WL10332,,consolidated:full_oil_filter_workbook,"{""napa_gold_filter"":""10332"",""source_status"":""UNVERIFIED_OIL_SERVICE_DATA — Engine Oil: no validated continuity source; Oil Capacity: no validated continuity source; Oil Plug Torque: no validated continuity source. WIX official application matched; NAPA Gold cross-reference derived from WIX/NAPA convention; STP cross-reference not verified."",""verification_status"":""unverified"",""source_files"":""fulloilandfilter2022to2027;release_2022_2027_final_audit""}",unverified,oil_type;oil_capacity;stp_filter,2025|mazda|cx50|hybrid25
31334b79cfa91778668e012b,2025,Mazda,Cx-70,Hybrid 2.5,,,57002,,consolidated:full_oil_filter_workbook,"{""napa_gold_filter"":""7002"",""source_status"":""ENGINE_FILTER_FAMILY_CONTINUITY — Engine Oil: 4/4 same engine/filter family; Oil Capacity: 4/4 same engine/filter family; Oil Plug Torque: 4/4 same engine/filter family. WIX official application matched; NAPA Gold cross-reference derived from WIX/NAPA convention; STP cross-reference not verified."",""verification_status"":""incomplete"",""source_files"":""fulloilandfilter2022to2027;release_2022_2027_final_audit""}",incomplete,oil_type;oil_capacity;stp_filter,2025|mazda|cx70|hybrid25
86003f15e7ab38826d2b429b,2025,Mazda,Cx-90,Hybrid 2.5,,,57002,,consolidated:full_oil_filter_workbook,"{""napa_gold_filter"":""7002"",""source_status"":""EXACT_PRIOR_YEAR_CONTINUITY — Engine Oil: exact 2024 continuity; Oil Capacity: exact 2024 continuity; Oil Plug Torque: exact 2024 continuity. WIX official application matched; NAPA Gold cross-reference derived from WIX/NAPA convention; STP cross-reference not verified."",""verification_status"":""incomplete"",""source_files"":""fulloilandfilter2022to2027;release_2022_2027_final_audit""}",incomplete,oil_type;oil_capacity;stp_filter,2025|mazda|cx90|hybrid25
d231ebe70878f6089cf7f4a9,2025,Mercedes Benz,AMG GT 63 Pro,Turbo 4,,,WL10077,,consolidated:full_oil_filter_workbook,"{""napa_gold_filter"":""10077"",""stp_filter"":""S11792 / S11792XL"",""source_status"":""ENGINE_FILTER_FAMILY_CONTINUITY — Engine Oil: 29/29 same engine/filter family; Oil Capacity: 29/29 same engine/filter family; Oil Plug Torque: 29/29 same engine/filter family. WIX official application matched; NAPA Gold cross-reference derived from WIX/NAPA convention; STP product-level cross-reference validated."",""verification_status"":""incomplete"",""source_files"":""fulloilandfilter2022to2027;release_2022_2027_final_audit""}",incomplete,oil_type;oil_capacity,2025|mercedesbenz|amggt63pro|turbo4
1d4cae77c3a8f69507a7a1ed,2025,Mercedes Benz,AMG GT 63 S E Performance,Turbo 4,,,WL10077,,consolidated:full_oil_filter_workbook,"{""napa_gold_filter"":""10077"",""stp_filter"":""S11792 / S11792XL"",""source_status"":""EXACT_PRIOR_YEAR_CONTINUITY — Engine Oil: exact 2024 continuity; Oil Capacity: exact 2024 continuity; Oil Plug Torque: exact 2024 continuity. WIX official application matched; NAPA Gold cross-reference derived from WIX/NAPA convention; STP product-level cross-reference validated."",""verification_status"":""incomplete"",""source_files"":""fulloilandfilter2022to2027;release_2022_2027_final_audit""}",incomplete,oil_type;oil_capacity,2025|mercedesbenz|amggt63seperformance|turbo4
7eb49ced603502394807f2fc,2025,Mercedes Benz,Amg A45 S,Turbo 2,,,57059,,consolidated:full_oil_filter_workbook,"{""napa_gold_filter"":""7059"",""stp_filter"":""S11060 / S11060XL"",""source_status"":""UNVERIFIED_OIL_SERVICE_DATA — Engine Oil: no validated continuity source; Oil Capacity: no validated continuity source; Oil Plug Torque: no validated continuity source. WIX official application matched; NAPA Gold cross-reference derived from WIX/NAPA convention; STP product-level cross-reference validated."",""verification_status"":""unverified"",""source_files"":""fulloilandfilter2022to2027;release_2022_2027_final_audit""}",unverified,oil_type;oil_capacity,2025|mercedesbenz|amga45s|turbo2
e2d76cde337f579749b9206c,2025,Mercedes Benz,Amg Gt 43,Turbo 2,,,WL10760,,consolidated:full_oil_filter_workbook,"{""napa_gold_filter"":""10760"",""stp_filter"":""S45037XL"",""source_status"":""ENGINE_FILTER_FAMILY_CONTINUITY — Engine Oil: 5/5 same engine/filter family; Oil Capacity: 5/5 same engine/filter family; Oil Plug Torque: 5/5 same engine/filter family. WIX official application matched; NAPA Gold cross-reference derived from WIX/NAPA convention; STP product-level cross-reference validated."",""verification_status"":""incomplete"",""source_files"":""fulloilandfilter2022to2027;release_2022_2027_final_audit""}",incomplete,oil_type;oil_capacity,2025|mercedesbenz|amggt43|turbo2
e56a8e4bf231e2e6241f8f18,2025,Mercedes Benz,Amg Gt 43,Turbo 3,,,WL10433,,consolidated:full_oil_filter_workbook,"{""napa_gold_filter"":""10433"",""source_status"":""EXACT_PRIOR_YEAR_CONTINUITY — Engine Oil: exact 2024 continuity; Oil Capacity: exact 2024 continuity; Oil Plug Torque: exact 2024 continuity. WIX official application matched; NAPA Gold cross-reference derived from WIX/NAPA convention; STP cross-reference not verified."",""verification_status"":""incomplete"",""source_files"":""fulloilandfilter2022to2027;release_2022_2027_final_audit""}",incomplete,oil_type;oil_capacity;stp_filter,2025|mercedesbenz|amggt43|turbo3
f15123c32cee665c42daee03,2025,Mercedes Benz,Amg Gt 53,Turbo 3,,,WL10433,,consolidated:full_oil_filter_workbook,"{""napa_gold_filter"":""10433"",""source_status"":""EXACT_PRIOR_YEAR_CONTINUITY — Engine Oil: exact 2024 continuity; Oil Capacity: exact 2024 continuity; Oil Plug Torque: exact 2024 continuity. WIX official application matched; NAPA Gold cross-reference derived from WIX/NAPA convention; STP cross-reference not verified."",""verification_status"":""incomplete"",""source_files"":""fulloilandfilter2022to2027;release_2022_2027_final_audit""}",incomplete,oil_type;oil_capacity;stp_filter,2025|mercedesbenz|amggt53|turbo3
199fa35406c0a9b74f794ee4,2025,Mercedes Benz,Amg Gt 55,Turbo 4,,,WL10077,,consolidated:full_oil_filter_workbook,"{""napa_gold_filter"":""10077"",""stp_filter"":""S11792 / S11792XL"",""source_status"":""EXACT_PRIOR_YEAR_CONTINUITY — Engine Oil: exact 2024 continuity; Oil Capacity: exact 2024 continuity; Oil Plug Torque: exact 2024 continuity. WIX official application matched; NAPA Gold cross-reference derived from WIX/NAPA convention; STP product-level cross-reference validated."",""verification_status"":""incomplete"",""source_files"":""fulloilandfilter2022to2027;release_2022_2027_final_audit""}",incomplete,oil_type;oil_capacity,2025|mercedesbenz|amggt55|turbo4
cc6882c8614849c3873bf0ef,2025,Mercedes Benz,Amg Gt 63,Turbo 4,,,WL10077,,consolidated:full_oil_filter_workbook,"{""napa_gold_filter"":""10077"",""stp_filter"":""S11792 / S11792XL"",""source_status"":""EXACT_PRIOR_YEAR_CONTINUITY — Engine Oil: exact 2024 continuity; Oil Capacity: exact 2024 continuity; Oil Plug Torque: exact 2024 continuity. WIX official application matched; NAPA Gold cross-reference derived from WIX/NAPA convention; STP product-level cross-reference validated."",""verification_status"":""incomplete"",""source_files"":""fulloilandfilter2022to2027;release_2022_2027_final_audit""}",incomplete,oil_type;oil_capacity,2025|mercedesbenz|amggt63|turbo4
e5e6b8fdc931b2586837afbb,2025,Mercedes Benz,C200,Turbo 1.5,,,WL7515,,consolidated:full_oil_filter_workbook,"{""napa_gold_filter"":""7515"",""stp_filter"":""S11473 / S11473XL"",""source_status"":""UNVERIFIED_OIL_SERVICE_DATA — Engine Oil: no validated continuity source; Oil Capacity: no validated continuity source; Oil Plug Torque: no validated continuity source. WIX official application matched; NAPA Gold cross-reference derived from WIX/NAPA convention; STP product-level cross-reference validated."",""verification_status"":""unverified"",""source_files"":""fulloilandfilter2022to2027;release_2022_2027_final_audit""}",unverified,oil_type;oil_capacity,2025|mercedesbenz|c200|turbo15
a97162bb4644039710a68904,2025,Mercedes Benz,C300,Turbo 2,,,WL7515,,consolidated:full_oil_filter_workbook,"{""napa_gold_filter"":""7515"",""stp_filter"":""S11473 / S11473XL"",""source_status"":""EXACT_PRIOR_YEAR_CONTINUITY — Engine Oil: exact 2023 continuity; Oil Capacity: exact 2023 continuity; Oil Plug Torque: exact 2023 continuity. WIX official application matched; NAPA Gold cross-reference derived from WIX/NAPA convention; STP product-level cross-reference validated."",""verification_status"":""incomplete"",""source_files"":""fulloilandfilter2022to2027;release_2022_2027_final_audit""}",incomplete,oil_type;oil_capacity,2025|mercedesbenz|c300|turbo2
dbbb7c0cef235abe3eeceaaa,2025,Mercedes Benz,C43 Amg,Turbo 2,,,WL10760,,consolidated:full_oil_filter_workbook,"{""napa_gold_filter"":""10760"",""stp_filter"":""S45037XL"",""source_status"":""EXACT_PRIOR_YEAR_CONTINUITY — Engine Oil: exact 2024 continuity; Oil Capacity: exact 2024 continuity; Oil Plug Torque: exact 2024 continuity. WIX official application matched; NAPA Gold cross-reference derived from WIX/NAPA convention; STP product-level cross-reference validated."",""verification_status"":""incomplete"",""source_files"":""fulloilandfilter2022to2027;release_2022_2027_final_audit""}",incomplete,oil_type;oil_capacity,2025|mercedesbenz|c43amg|turbo2
1a468fcd883f7457684aec28,2025,Mercedes Benz,C63 AMG S E Performance,Turbo 2,,,WL10760,,consolidated:full_oil_filter_workbook,"{""napa_gold_filter"":""10760"",""stp_filter"":""S45037XL"",""source_status"":""EXACT_PRIOR_YEAR_CONTINUITY — Engine Oil: exact 2024 continuity; Oil Capacity: exact 2024 continuity; Oil Plug Torque: exact 2024 continuity. WIX official application matched; NAPA Gold cross-reference derived from WIX/NAPA convention; STP product-level cross-reference validated."",""verification_status"":""incomplete"",""source_files"":""fulloilandfilter2022to2027;release_2022_2027_final_audit""}",incomplete,oil_type;oil_capacity,2025|mercedesbenz|c63amgseperformance|turbo2
aace3a5b9654d2ba3c62cb32,2025,Mercedes Benz,Cla200,Turbo 1.3,,,WL7506,,consolidated:full_oil_filter_workbook,"{""napa_gold_filter"":""7506"",""stp_filter"":""S45001"",""source_status"":""UNVERIFIED_OIL_SERVICE_DATA — Engine Oil: no validated continuity source; Oil Capacity: no validated continuity source; Oil Plug Torque: no validated continuity source. WIX official application matched; NAPA Gold cross-reference derived from WIX/NAPA convention; STP product-level cross-reference validated."",""verification_status"":""unverified"",""source_files"":""fulloilandfilter2022to2027;release_2022_2027_final_audit""}",unverified,oil_type;oil_capacity,2025|mercedesbenz|cla200|turbo13
13e83ea0f2781f4134959507,2025,Mercedes Benz,Cla250,Turbo 2,,,WL7515,,consolidated:full_oil_filter_workbook,"{""napa_gold_filter"":""7515"",""stp_filter"":""S11473 / S11473XL"",""source_status"":""EXACT_PRIOR_YEAR_CONTINUITY — Engine Oil: exact 2024 continuity; Oil Capacity: exact 2024 continuity; Oil Plug Torque: exact 2024 continuity. WIX official application matched; NAPA Gold cross-reference derived from WIX/NAPA convention; STP product-level cross-reference validated."",""verification_status"":""incomplete"",""source_files"":""fulloilandfilter2022to2027;release_2022_2027_final_audit""}",incomplete,oil_type;oil_capacity,2025|mercedesbenz|cla250|turbo2
5b374d25326339b4a75330c1,2025,Mercedes Benz,Cla35 Amg,Turbo 2,,,WL7515,,consolidated:full_oil_filter_workbook,"{""napa_gold_filter"":""7515"",""stp_filter"":""S11473 / S11473XL"",""source_status"":""EXACT_PRIOR_YEAR_CONTINUITY — Engine Oil: exact 2024 continuity; Oil Capacity: exact 2024 continuity; Oil Plug Torque: exact 2024 continuity. WIX official application matched; NAPA Gold cross-reference derived from WIX/NAPA convention; STP product-level cross-reference validated."",""verification_status"":""incomplete"",""source_files"":""fulloilandfilter2022to2027;release_2022_2027_final_audit""}",incomplete,oil_type;oil_capacity,2025|mercedesbenz|cla35amg|turbo2
e0dd9bc6d02e91a207422b25,2025,Mercedes Benz,Cla45 Amg S,Turbo 2,,,WL7515,,consolidated:full_oil_filter_workbook,"{""napa_gold_filter"":""7515"",""stp_filter"":""S11473 / S11473XL"",""source_status"":""EXACT_PRIOR_YEAR_CONTINUITY — Engine Oil: exact 2024 continuity; Oil Capacity: exact 2024 continuity; Oil Plug Torque: exact 2024 continuity. WIX official application matched; NAPA Gold cross-reference derived from WIX/NAPA convention; STP product-level cross-reference validated."",""verification_status"":""incomplete"",""source_files"":""fulloilandfilter2022to2027;release_2022_2027_final_audit""}",incomplete,oil_type;oil_capacity,2025|mercedesbenz|cla45amgs|turbo2
c75418eeceacc25d0247170d,2025,Mercedes Benz,Cle 300,Hybrid 2,,,WL7515,,consolidated:full_oil_filter_workbook,"{""napa_gold_filter"":""7515"",""stp_filter"":""S11473 / S11473XL"",""source_status"":""UNVERIFIED_OIL_SERVICE_DATA — Engine Oil: no validated continuity source; Oil Capacity: no validated continuity source; Oil Plug Torque: no validated continuity source. WIX official application matched; NAPA Gold cross-reference derived from WIX/NAPA convention; STP product-level cross-reference validated."",""verification_status"":""unverified"",""source_files"":""fulloilandfilter2022to2027;release_2022_2027_final_audit""}",unverified,oil_type;oil_capacity,2025|mercedesbenz|cle300|hybrid2
f84042f23fb6a2fecc29a0b8,2025,Mercedes Benz,Cle 450,Diesel 3,,,WL10433,,consolidated:full_oil_filter_workbook,"{""napa_gold_filter"":""10433"",""source_status"":""UNVERIFIED_OIL_SERVICE_DATA — Engine Oil: no validated continuity source; Oil Capacity: no validated continuity source; Oil Plug Torque: no validated continuity source. WIX official application matched; NAPA Gold cross-reference derived from WIX/NAPA convention; STP cross-reference not verified."",""verification_status"":""unverified"",""source_files"":""fulloilandfilter2022to2027;release_2022_2027_final_audit""}",unverified,oil_type;oil_capacity;stp_filter,2025|mercedesbenz|cle450|diesel3
a6a5099b86ff7cbcfe59a248,2025,Mercedes Benz,Cle53 Amg,Turbo 3,,,WL10433,,consolidated:full_oil_filter_workbook,"{""napa_gold_filter"":""10433"",""source_status"":""EXACT_PRIOR_YEAR_CONTINUITY — Engine Oil: exact 2024 continuity; Oil Capacity: exact 2024 continuity; Oil Plug Torque: exact 2024 continuity. WIX official application matched; NAPA Gold cross-reference derived from WIX/NAPA convention; STP cross-reference not verified."",""verification_status"":""incomplete"",""source_files"":""fulloilandfilter2022to2027;release_2022_2027_final_audit""}",incomplete,oil_type;oil_capacity;stp_filter,2025|mercedesbenz|cle53amg|turbo3
07656433404e88e9ad30b38b,2025,Mercedes Benz,E200,Hybrid 2,,,WL7515,,consolidated:full_oil_filter_workbook,"{""napa_gold_filter"":""7515"",""stp_filter"":""S11473 / S11473XL"",""source_status"":""ENGINE_FILTER_FAMILY_CONTINUITY — Engine Oil: 1/1 same engine/filter family; Oil Capacity: 1/1 same engine/filter family; Oil Plug Torque: 1/1 same engine/filter family. WIX official application matched; NAPA Gold cross-reference derived from WIX/NAPA convention; STP product-level cross-reference validated."",""verification_status"":""incomplete"",""source_files"":""fulloilandfilter2022to2027;release_2022_2027_final_audit""}",incomplete,oil_type;oil_capacity,2025|mercedesbenz|e200|hybrid2
1f6ba49c634ff1e50eda3749,2025,Mercedes Benz,E350,Turbo 2,,,WL7515,,consolidated:full_oil_filter_workbook,"{""napa_gold_filter"":""7515"",""stp_filter"":""S11473 / S11473XL"",""source_status"":""EXACT_PRIOR_YEAR_CONTINUITY — Engine Oil: exact 2024 continuity; Oil Capacity: exact 2024 continuity; Oil Plug Torque: exact 2024 continuity. WIX official application matched; NAPA Gold cross-reference derived from WIX/NAPA convention; STP product-level cross-reference validated."",""verification_status"":""incomplete"",""source_files"":""fulloilandfilter2022to2027;release_2022_2027_final_audit""}",incomplete,oil_type;oil_capacity,2025|mercedesbenz|e350|turbo2
4f882f5784f0fda8950e2eba,2025,Mercedes Benz,E53 Amg,Turbo 3,,,WL10760,,consolidated:full_oil_filter_workbook,"{""napa_gold_filter"":""10760"",""stp_filter"":""S45037XL"",""source_status"":""EXACT_PRIOR_YEAR_CONTINUITY — Engine Oil: exact 2023 continuity; Oil Capacity: exact 2023 continuity; Oil Plug Torque: exact 2023 continuity. WIX official application matched; NAPA Gold cross-reference derived from WIX/NAPA convention; STP product-level cross-reference validated."",""verification_status"":""incomplete"",""source_files"":""fulloilandfilter2022to2027;release_2022_2027_final_audit""}",incomplete,oil_type;oil_capacity,2025|mercedesbenz|e53amg|turbo3
048813d61899a682d96494fb,2025,Mercedes Benz,GLC350e,Hybrid 2,,,WL10760,,consolidated:full_oil_filter_workbook,"{""napa_gold_filter"":""10760"",""stp_filter"":""S45037XL"",""source_status"":""ENGINE_FILTER_FAMILY_CONTINUITY — Engine Oil: 1/1 same engine/filter family; Oil Capacity: 1/1 same engine/filter family; Oil Plug Torque: 1/1 same engine/filter family. WIX official application matched; NAPA Gold cross-reference derived from WIX/NAPA convention; STP product-level cross-reference validated."",""verification_status"":""incomplete"",""source_files"":""fulloilandfilter2022to2027;release_2022_2027_final_audit""}",incomplete,oil_type;oil_capacity,2025|mercedesbenz|glc350e|hybrid2
3375a6991414e071628649cd,2025,Mercedes Benz,GLE450e,Hybrid 2,,,WL10433,,consolidated:full_oil_filter_workbook,"{""napa_gold_filter"":""10433"",""source_status"":""UNVERIFIED_OIL_SERVICE_DATA — Engine Oil: no validated continuity source; Oil Capacity: no validated continuity source; Oil Plug Torque: no validated continuity source. WIX official application matched; NAPA Gold cross-reference derived from WIX/NAPA convention; STP cross-reference not verified."",""verification_status"":""unverified"",""source_files"":""fulloilandfilter2022to2027;release_2022_2027_final_audit""}",unverified,oil_type;oil_capacity;stp_filter,2025|mercedesbenz|gle450e|hybrid2
3ba6f1185204bd9e71201afb,2025,Mercedes Benz,Gla200,Turbo 1.3,,,WL7506,,consolidated:full_oil_filter_workbook,"{""napa_gold_filter"":""7506"",""stp_filter"":""S45001"",""source_status"":""ENGINE_FILTER_FAMILY_CONTINUITY — Engine Oil: 1/1 same engine/filter family; Oil Capacity: 1/1 same engine/filter family; Oil Plug Torque: 1/1 same engine/filter family. WIX official application matched; NAPA Gold cross-reference derived from WIX/NAPA convention; STP product-level cross-reference validated."",""verification_status"":""incomplete"",""source_files"":""fulloilandfilter2022to2027;release_2022_2027_final_audit""}",incomplete,oil_type;oil_capacity,2025|mercedesbenz|gla200|turbo13
f329c8e0346f5a4a7682243c,2025,Mercedes Benz,Gla250,Turbo 2,,,WL7515,,consolidated:full_oil_filter_workbook,"{""napa_gold_filter"":""7515"",""stp_filter"":""S11473 / S11473XL"",""source_status"":""EXACT_PRIOR_YEAR_CONTINUITY — Engine Oil: exact 2024 continuity; Oil Capacity: exact 2024 continuity; Oil Plug Torque: exact 2024 continuity. WIX official application matched; NAPA Gold cross-reference derived from WIX/NAPA convention; STP product-level cross-reference validated."",""verification_status"":""incomplete"",""source_files"":""fulloilandfilter2022to2027;release_2022_2027_final_audit""}",incomplete,oil_type;oil_capacity,2025|mercedesbenz|gla250|turbo2
ff72b415cbb1769209a1baf8,2025,Mercedes Benz,Gla35 Amg,Turbo 2,,,WL7515,,consolidated:full_oil_filter_workbook,"{""napa_gold_filter"":""7515"",""stp_filter"":""S11473 / S11473XL"",""source_status"":""EXACT_PRIOR_YEAR_CONTINUITY — Engine Oil: exact 2024 continuity; Oil Capacity: exact 2024 continuity; Oil Plug Torque: exact 2024 continuity. WIX official application matched; NAPA Gold cross-reference derived from WIX/NAPA convention; STP product-level cross-reference validated."",""verification_status"":""incomplete"",""source_files"":""fulloilandfilter2022to2027;release_2022_2027_final_audit""}",incomplete,oil_type;oil_capacity,2025|mercedesbenz|gla35amg|turbo2
d4dfb283193bc6e79a645fb1,2025,Mercedes Benz,Glb 250,Turbo 2,,,WL7515,,consolidated:full_oil_filter_workbook,"{""napa_gold_filter"":""7515"",""stp_filter"":""S11473 / S11473XL"",""source_status"":""EXACT_PRIOR_YEAR_CONTINUITY — Engine Oil: exact 2024 continuity; Oil Capacity: exact 2024 continuity; Oil Plug Torque: exact 2024 continuity. WIX official application matched; NAPA Gold cross-reference derived from WIX/NAPA convention; STP product-level cross-reference validated."",""verification_status"":""incomplete"",""source_files"":""fulloilandfilter2022to2027;release_2022_2027_final_audit""}",incomplete,oil_type;oil_capacity,2025|mercedesbenz|glb250|turbo2
5bbe66e8c3606d9f16bf6296,2025,Mercedes Benz,Glb220,Turbo 2,,,WL7515,,consolidated:full_oil_filter_workbook,"{""napa_gold_filter"":""7515"",""stp_filter"":""S11473 / S11473XL"",""source_status"":""ENGINE_FILTER_FAMILY_CONTINUITY — Engine Oil: 33/33 same engine/filter family; Oil Capacity: 33/33 same engine/filter family; Oil Plug Torque: 33/33 same engine/filter family. WIX official application matched; NAPA Gold cross-reference derived from WIX/NAPA convention; STP product-level cross-reference validated."",""verification_status"":""incomplete"",""source_files"":""fulloilandfilter2022to2027;release_2022_2027_final_audit""}",incomplete,oil_type;oil_capacity,2025|mercedesbenz|glb220|turbo2
2a7d08ec9dad05bd101cf420,2025,Mercedes Benz,Glb35 Amg,Turbo 2,,,WL7515,,consolidated:full_oil_filter_workbook,"{""napa_gold_filter"":""7515"",""stp_filter"":""S11473 / S11473XL"",""source_status"":""EXACT_PRIOR_YEAR_CONTINUITY — Engine Oil: exact 2024 continuity; Oil Capacity: exact 2024 continuity; Oil Plug Torque: exact 2024 continuity. WIX official application matched; NAPA Gold cross-reference derived from WIX/NAPA convention; STP product-level cross-reference validated."",""verification_status"":""incomplete"",""source_files"":""fulloilandfilter2022to2027;release_2022_2027_final_audit""}",incomplete,oil_type;oil_capacity,2025|mercedesbenz|glb35amg|turbo2
abfdfa533bf5043408ccf218,2025,Mercedes Benz,Glc300,Turbo 2,,,WL10760,,consolidated:full_oil_filter_workbook,"{""napa_gold_filter"":""10760"",""stp_filter"":""S45037XL"",""source_status"":""EXACT_PRIOR_YEAR_CONTINUITY — Engine Oil: exact 2023 continuity; Oil Capacity: exact 2023 continuity; Oil Plug Torque: exact 2023 continuity. WIX official application matched; NAPA Gold cross-reference derived from WIX/NAPA convention; STP product-level cross-reference validated."",""verification_status"":""incomplete"",""source_files"":""fulloilandfilter2022to2027;release_2022_2027_final_audit""}",incomplete,oil_type;oil_capacity,2025|mercedesbenz|glc300|turbo2
d6d732d41e93e71bf2a21bd7,2025,Mercedes Benz,Glc43 Amg,Turbo 2,,,WL10760,,consolidated:full_oil_filter_workbook,"{""napa_gold_filter"":""10760"",""stp_filter"":""S45037XL"",""source_status"":""EXACT_PRIOR_YEAR_CONTINUITY — Engine Oil: exact 2024 continuity; Oil Capacity: exact 2024 continuity; Oil Plug Torque: exact 2024 continuity. WIX official application matched; NAPA Gold cross-reference derived from WIX/NAPA convention; STP product-level cross-reference validated."",""verification_status"":""incomplete"",""source_files"":""fulloilandfilter2022to2027;release_2022_2027_final_audit""}",incomplete,oil_type;oil_capacity,2025|mercedesbenz|glc43amg|turbo2
97f03f69b540ad1154ff2055,2025,Mercedes Benz,Gle350,Hybrid 2,,,WL10760,,consolidated:full_oil_filter_workbook,"{""napa_gold_filter"":""10760"",""stp_filter"":""S45037XL"",""source_status"":""ENGINE_FILTER_FAMILY_CONTINUITY — Engine Oil: 2/2 same engine/filter family; Oil Capacity: 2/2 same engine/filter family; Oil Plug Torque: 2/2 same engine/filter family. WIX official application matched; NAPA Gold cross-reference derived from WIX/NAPA convention; STP product-level cross-reference validated."",""verification_status"":""incomplete"",""source_files"":""fulloilandfilter2022to2027;release_2022_2027_final_audit""}",incomplete,oil_type;oil_capacity,2025|mercedesbenz|gle350|hybrid2
b666674561679758c619fb8c,2025,Mercedes Benz,Gle450,Turbo 3,,,WL10760,,consolidated:full_oil_filter_workbook,"{""napa_gold_filter"":""10760"",""stp_filter"":""S45037XL"",""source_status"":""EXACT_PRIOR_YEAR_CONTINUITY — Engine Oil: exact 2024 continuity; Oil Capacity: exact 2024 continuity; Oil Plug Torque: exact 2024 continuity. WIX official application matched; NAPA Gold cross-reference derived from WIX/NAPA convention; STP product-level cross-reference validated."",""verification_status"":""incomplete"",""source_files"":""fulloilandfilter2022to2027;release_2022_2027_final_audit""}",incomplete,oil_type;oil_capacity,2025|mercedesbenz|gle450|turbo3
5de334bdbbeb68c1ca936a78,2025,Mercedes Benz,Gle53 Amg,Turbo 3,,,WL10760,,consolidated:full_oil_filter_workbook,"{""napa_gold_filter"":""10760"",""stp_filter"":""S45037XL"",""source_status"":""EXACT_PRIOR_YEAR_CONTINUITY — Engine Oil: exact 2024 continuity; Oil Capacity: exact 2024 continuity; Oil Plug Torque: exact 2024 continuity. WIX official application matched; NAPA Gold cross-reference derived from WIX/NAPA convention; STP product-level cross-reference validated."",""verification_status"":""incomplete"",""source_files"":""fulloilandfilter2022to2027;release_2022_2027_final_audit""}",incomplete,oil_type;oil_capacity,2025|mercedesbenz|gle53amg|turbo3
3928cba08f098b47c3f80663,2025,Mercedes Benz,Gle580,Turbo 4,,,WL10399,,consolidated:full_oil_filter_workbook,"{""napa_gold_filter"":""10399"",""source_status"":""EXACT_PRIOR_YEAR_CONTINUITY — Engine Oil: exact 2024 continuity; Oil Capacity: exact 2024 continuity; Oil Plug Torque: exact 2024 continuity. WIX official application matched; NAPA Gold cross-reference derived from WIX/NAPA convention; STP cross-reference not verified."",""verification_status"":""incomplete"",""source_files"":""fulloilandfilter2022to2027;release_2022_2027_final_audit""}",incomplete,oil_type;oil_capacity;stp_filter,2025|mercedesbenz|gle580|turbo4
308ba6568adc440d7dfe958c,2025,Mercedes Benz,Gle63 Amg S,Turbo 4,,,WL10077,,consolidated:full_oil_filter_workbook,"{""napa_gold_filter"":""10077"",""stp_filter"":""S11792 / S11792XL"",""source_status"":""EXACT_PRIOR_YEAR_CONTINUITY — Engine Oil: exact 2024 continuity; Oil Capacity: exact 2024 continuity; Oil Plug Torque: exact 2024 continuity. WIX official application matched; NAPA Gold cross-reference derived from WIX/NAPA convention; STP product-level cross-reference validated."",""verification_status"":""incomplete"",""source_files"":""fulloilandfilter2022to2027;release_2022_2027_final_audit""}",incomplete,oil_type;oil_capacity,2025|mercedesbenz|gle63amgs|turbo4
3022ad6f7dd575c108fcf717,2025,Mercedes Benz,Gls 450,Turbo 3,,,WL10760,,consolidated:full_oil_filter_workbook,"{""napa_gold_filter"":""10760"",""stp_filter"":""S45037XL"",""source_status"":""EXACT_PRIOR_YEAR_CONTINUITY — Engine Oil: exact 2024 continuity; Oil Capacity: exact 2024 continuity; Oil Plug Torque: exact 2024 continuity. WIX official application matched; NAPA Gold cross-reference derived from WIX/NAPA convention; STP product-level cross-reference validated."",""verification_status"":""incomplete"",""source_files"":""fulloilandfilter2022to2027;release_2022_2027_final_audit""}",incomplete,oil_type;oil_capacity,2025|mercedesbenz|gls450|turbo3
9f84b84adaa229c9b28e1b32,2025,Mercedes Benz,Gls 580,Turbo 4,,,WL10399,,consolidated:full_oil_filter_workbook,"{""napa_gold_filter"":""10399"",""source_status"":""EXACT_PRIOR_YEAR_CONTINUITY — Engine Oil: exact 2024 continuity; Oil Capacity: exact 2024 continuity; Oil Plug Torque: exact 2024 continuity. WIX official application matched; NAPA Gold cross-reference derived from WIX/NAPA convention; STP cross-reference not verified."",""verification_status"":""incomplete"",""source_files"":""fulloilandfilter2022to2027;release_2022_2027_final_audit""}",incomplete,oil_type;oil_capacity;stp_filter,2025|mercedesbenz|gls580|turbo4
cab01267f2915cfaff83e342,2025,Mercedes Benz,Gls63 Amg,Turbo 4,,,WL10399,,consolidated:full_oil_filter_workbook,"{""napa_gold_filter"":""10399"",""source_status"":""EXACT_PRIOR_YEAR_CONTINUITY — Engine Oil: exact 2024 continuity; Oil Capacity: exact 2024 continuity; Oil Plug Torque: exact 2024 continuity. WIX official application matched; NAPA Gold cross-reference derived from WIX/NAPA convention; STP cross-reference not verified."",""verification_status"":""incomplete"",""source_files"":""fulloilandfilter2022to2027;release_2022_2027_final_audit""}",incomplete,oil_type;oil_capacity;stp_filter,2025|mercedesbenz|gls63amg|turbo4
6e0eee14478d15c1b573d893,2025,Mercedes Benz,Maybach GLS600,Turbo 4,,,WL10077,,consolidated:full_oil_filter_workbook,"{""napa_gold_filter"":""10077"",""stp_filter"":""S11792 / S11792XL"",""source_status"":""EXACT_PRIOR_YEAR_CONTINUITY — Engine Oil: exact 2024 continuity; Oil Capacity: exact 2024 continuity; Oil Plug Torque: exact 2024 continuity. WIX official application matched; NAPA Gold cross-reference derived from WIX/NAPA convention; STP product-level cross-reference validated."",""verification_status"":""incomplete"",""source_files"":""fulloilandfilter2022to2027;release_2022_2027_final_audit""}",incomplete,oil_type;oil_capacity,2025|mercedesbenz|maybachgls600|turbo4
895cb7340500c83d92513a9e,2025,Mercedes Benz,Maybach S680,Turbo 6,,,57198,,consolidated:full_oil_filter_workbook,"{""napa_gold_filter"":""7198"",""stp_filter"":""S10682"",""source_status"":""EXACT_PRIOR_YEAR_CONTINUITY — Engine Oil: exact 2024 continuity; Oil Capacity: exact 2024 continuity; Oil Plug Torque: exact 2024 continuity. WIX official application matched; NAPA Gold cross-reference derived from WIX/NAPA convention; STP product-level cross-reference validated."",""verification_status"":""incomplete"",""source_files"":""fulloilandfilter2022to2027;release_2022_2027_final_audit""}",incomplete,oil_type;oil_capacity,2025|mercedesbenz|maybachs680|turbo6
22d70a076dda7dd0acca7db0,2025,Mercedes Benz,S500,Turbo 3,,,WL10433,,consolidated:full_oil_filter_workbook,"{""napa_gold_filter"":""10433"",""source_status"":""EXACT_PRIOR_YEAR_CONTINUITY — Engine Oil: exact 2024 continuity; Oil Capacity: exact 2024 continuity; Oil Plug Torque: exact 2024 continuity. WIX official application matched; NAPA Gold cross-reference derived from WIX/NAPA convention; STP cross-reference not verified."",""verification_status"":""incomplete"",""source_files"":""fulloilandfilter2022to2027;release_2022_2027_final_audit""}",incomplete,oil_type;oil_capacity;stp_filter,2025|mercedesbenz|s500|turbo3
55e965613d033746176951ca,2025,Mercedes Benz,S580,Turbo 4,,,WL10399,,consolidated:full_oil_filter_workbook,"{""napa_gold_filter"":""10399"",""source_status"":""EXACT_PRIOR_YEAR_CONTINUITY — Engine Oil: exact 2024 continuity; Oil Capacity: exact 2024 continuity; Oil Plug Torque: exact 2024 continuity. WIX official application matched; NAPA Gold cross-reference derived from WIX/NAPA convention; STP cross-reference not verified."",""verification_status"":""incomplete"",""source_files"":""fulloilandfilter2022to2027;release_2022_2027_final_audit""}",incomplete,oil_type;oil_capacity;stp_filter,2025|mercedesbenz|s580|turbo4
167b82cd2fb3aec5628d1549,2025,Mercedes Benz,S580e,Turbo 3,,,WL10433,,consolidated:full_oil_filter_workbook,"{""napa_gold_filter"":""10433"",""source_status"":""EXACT_PRIOR_YEAR_CONTINUITY — Engine Oil: exact 2024 continuity; Oil Capacity: exact 2024 continuity; Oil Plug Torque: exact 2024 continuity. WIX official application matched; NAPA Gold cross-reference derived from WIX/NAPA convention; STP cross-reference not verified."",""verification_status"":""incomplete"",""source_files"":""fulloilandfilter2022to2027;release_2022_2027_final_audit""}",incomplete,oil_type;oil_capacity;stp_filter,2025|mercedesbenz|s580e|turbo3
54b8121ea0062c3c67db3b8f,2025,Mercedes Benz,S63 AMG E Performance,Turbo 4,,,WL10399,,consolidated:full_oil_filter_workbook,"{""napa_gold_filter"":""10399"",""source_status"":""EXACT_PRIOR_YEAR_CONTINUITY — Engine Oil: exact 2024 continuity; Oil Capacity: exact 2024 continuity; Oil Plug Torque: exact 2024 continuity. WIX official application matched; NAPA Gold cross-reference derived from WIX/NAPA convention; STP cross-reference not verified."",""verification_status"":""incomplete"",""source_files"":""fulloilandfilter2022to2027;release_2022_2027_final_audit""}",incomplete,oil_type;oil_capacity;stp_filter,2025|mercedesbenz|s63amgeperformance|turbo4
57d375dfa0977c565f60cdf0,2025,Mercedes Benz,S63 AMG E Performance,Turbo 4.0,,,,,consolidated:vehicle_2025_csv,"{""verification_status"":""incomplete"",""source_files"":""car_data_2025-2.csv""}",incomplete,oil_type;oil_capacity;wix_filter;napa_gold_filter;stp_filter,2025|mercedesbenz|s63amgeperformance|turbo40
6dfbf19b31add81e1ef80737,2025,Mercedes Benz,SL63 AMG S E Performance,Turbo 4,,,WL10077,,consolidated:full_oil_filter_workbook,"{""napa_gold_filter"":""10077"",""stp_filter"":""S11792 / S11792XL"",""source_status"":""EXACT_PRIOR_YEAR_CONTINUITY — Engine Oil: exact 2024 continuity; Oil Capacity: exact 2024 continuity; Oil Plug Torque: exact 2024 continuity. WIX official application matched; NAPA Gold cross-reference derived from WIX/NAPA convention; STP product-level cross-reference validated."",""verification_status"":""incomplete"",""source_files"":""fulloilandfilter2022to2027;release_2022_2027_final_audit""}",incomplete,oil_type;oil_capacity,2025|mercedesbenz|sl63amgseperformance|turbo4
7e82953e39668230034eaa7e,2025,Mercedes Benz,Sl43 Amg,Turbo 2,,,WL7515,,consolidated:full_oil_filter_workbook,"{""napa_gold_filter"":""7515"",""stp_filter"":""S11473 / S11473XL"",""source_status"":""EXACT_PRIOR_YEAR_CONTINUITY — Engine Oil: exact 2024 continuity; Oil Capacity: exact 2024 continuity; Oil Plug Torque: exact 2024 continuity. WIX official application matched; NAPA Gold cross-reference derived from WIX/NAPA convention; STP product-level cross-reference validated."",""verification_status"":""incomplete"",""source_files"":""fulloilandfilter2022to2027;release_2022_2027_final_audit""}",incomplete,oil_type;oil_capacity,2025|mercedesbenz|sl43amg|turbo2
de61d92b73f10b2b18d0b1c6,2025,Mercedes Benz,Sl55 Amg,Turbo 4,,,WL10399,,consolidated:full_oil_filter_workbook,"{""napa_gold_filter"":""10399"",""source_status"":""EXACT_PRIOR_YEAR_CONTINUITY — Engine Oil: exact 2024 continuity; Oil Capacity: exact 2024 continuity; Oil Plug Torque: exact 2024 continuity. WIX official application matched; NAPA Gold cross-reference derived from WIX/NAPA convention; STP cross-reference not verified."",""verification_status"":""incomplete"",""source_files"":""fulloilandfilter2022to2027;release_2022_2027_final_audit""}",incomplete,oil_type;oil_capacity;stp_filter,2025|mercedesbenz|sl55amg|turbo4
affe2cd2480f3184afae0e27,2025,Mercedes Benz,Sl63 Amg,Turbo 4,,,WL10077,,consolidated:full_oil_filter_workbook,"{""napa_gold_filter"":""10077"",""stp_filter"":""S11792 / S11792XL"",""source_status"":""EXACT_PRIOR_YEAR_CONTINUITY — Engine Oil: exact 2024 continuity; Oil Capacity: exact 2024 continuity; Oil Plug Torque: exact 2024 continuity. WIX official application matched; NAPA Gold cross-reference derived from WIX/NAPA convention; STP product-level cross-reference validated."",""verification_status"":""incomplete"",""source_files"":""fulloilandfilter2022to2027;release_2022_2027_final_audit""}",incomplete,oil_type;oil_capacity,2025|mercedesbenz|sl63amg|turbo4
08486db42754fec6a25b2aed,2025,Mercedes Benz,Sprinter 2500,Diesel 2,,,WL10789,,consolidated:full_oil_filter_workbook,"{""napa_gold_filter"":""10789"",""source_status"":""EXACT_PRIOR_YEAR_CONTINUITY — Engine Oil: exact 2024 continuity; Oil Capacity: exact 2024 continuity; Oil Plug Torque: exact 2024 continuity. WIX official application matched; NAPA Gold cross-reference derived from WIX/NAPA convention; STP cross-reference not verified."",""verification_status"":""incomplete"",""source_files"":""fulloilandfilter2022to2027;release_2022_2027_final_audit""}",incomplete,oil_type;oil_capacity;stp_filter,2025|mercedesbenz|sprinter2500|diesel2
d70f7f2b76b293cf4a846f93,2025,Mercedes Benz,Sprinter 3500,Diesel 2,,,WL10789,,consolidated:full_oil_filter_workbook,"{""napa_gold_filter"":""10789"",""source_status"":""EXACT_PRIOR_YEAR_CONTINUITY — Engine Oil: exact 2024 continuity; Oil Capacity: exact 2024 continuity; Oil Plug Torque: exact 2024 continuity. WIX official application matched; NAPA Gold cross-reference derived from WIX/NAPA convention; STP cross-reference not verified."",""verification_status"":""incomplete"",""source_files"":""fulloilandfilter2022to2027;release_2022_2027_final_audit""}",incomplete,oil_type;oil_capacity;stp_filter,2025|mercedesbenz|sprinter3500|diesel2
11f2378a037cffd31c9a4ea9,2025,Mercedes Benz,Sprinter 3500Xd,Diesel 2,,,WL10789,,consolidated:full_oil_filter_workbook,"{""napa_gold_filter"":""10789"",""source_status"":""EXACT_PRIOR_YEAR_CONTINUITY — Engine Oil: exact 2024 continuity; Oil Capacity: exact 2024 continuity; Oil Plug Torque: exact 2024 continuity. WIX official application matched; NAPA Gold cross-reference derived from WIX/NAPA convention; STP cross-reference not verified."",""verification_status"":""incomplete"",""source_files"":""fulloilandfilter2022to2027;release_2022_2027_final_audit""}",incomplete,oil_type;oil_capacity;stp_filter,2025|mercedesbenz|sprinter3500xd|diesel2
fad0f7e0001a444b1c9abb17,2025,Mini,Cooper,Turbo 2,,,WL10518,,consolidated:full_oil_filter_workbook,"{""napa_gold_filter"":""10518"",""stp_filter"":""S45018"",""source_status"":""EXACT_PRIOR_YEAR_CONTINUITY — Engine Oil: exact 2024 continuity; Oil Capacity: exact 2024 continuity; Oil Plug Torque: exact 2024 continuity. WIX official application matched; NAPA Gold cross-reference derived from WIX/NAPA convention; STP product-level cross-reference validated."",""verification_status"":""incomplete"",""source_files"":""fulloilandfilter2022to2027;release_2022_2027_final_audit""}",incomplete,oil_type;oil_capacity,2025|mini|cooper|turbo2
a70b5e5e86eecc7faa637796,2025,Mini,Countryman,Turbo 2,,,WL7522,,consolidated:full_oil_filter_workbook,"{""napa_gold_filter"":""7522"",""stp_filter"":""S11885"",""source_status"":""UNVERIFIED_OIL_SERVICE_DATA — Engine Oil: no validated continuity source; Oil Capacity: no validated continuity source; Oil Plug Torque: no validated continuity source. WIX official application matched; NAPA Gold cross-reference derived from WIX/NAPA convention; STP product-level cross-reference validated."",""verification_status"":""unverified"",""source_files"":""fulloilandfilter2022to2027;release_2022_2027_final_audit""}",unverified,oil_type;oil_capacity,2025|mini|countryman|turbo2
38f977e74190060d51b30544,2025,Mitsubishi,Outlander PHEV,Hybrid 2.4,,,57356,,consolidated:full_oil_filter_workbook,"{""napa_gold_filter"":""7356"",""source_status"":""EXACT_PRIOR_YEAR_CONTINUITY — Engine Oil: exact 2024 continuity; Oil Capacity: exact 2024 continuity; Oil Plug Torque: exact 2024 continuity. WIX official application matched; NAPA Gold cross-reference derived from WIX/NAPA convention; STP cross-reference not verified."",""verification_status"":""incomplete"",""source_files"":""fulloilandfilter2022to2027;release_2022_2027_final_audit""}",incomplete,oil_type;oil_capacity;stp_filter,2025|mitsubishi|outlanderphev|hybrid24
c883a295064c00b26bf898fc,2025,Nissan,Armada,Turbo 3.5,0W-20,6.9 qts. with filter,57356,,consolidated:full_oil_filter_workbook,"{""napa_gold_filter"":""7356"",""source_status"":""UNVERIFIED_OIL_SERVICE_DATA — Engine Oil: no validated continuity source; Oil Capacity: no validated continuity source; Oil Plug Torque: no validated continuity source. WIX official application matched; NAPA Gold cross-reference derived from WIX/NAPA convention; STP cross-reference not verified."",""verification_status"":""unverified"",""source_files"":""fulloilandfilter2022to2027;release_2022_2027_final_audit;car_data_2025-2.csv""}",unverified,stp_filter,2025|nissan|armada|turbo35
08d3aa7387cddd2ab4226fcd,2025,Nissan,KICKS e-POWER,1.2,,,51358,,consolidated:full_oil_filter_workbook,"{""napa_gold_filter"":""1358"",""stp_filter"":""PH2865 / PH7028"",""source_status"":""UNVERIFIED_OIL_SERVICE_DATA — Engine Oil: no validated continuity source; Oil Capacity: no validated continuity source; Oil Plug Torque: no validated continuity source. WIX official application matched; NAPA Gold cross-reference derived from WIX/NAPA convention; STP product-level cross-reference validated."",""verification_status"":""unverified"",""source_files"":""fulloilandfilter2022to2027;release_2022_2027_final_audit""}",unverified,oil_type;oil_capacity,2025|nissan|kicksepower|12
3bfbf0baed2e027478560e40,2025,Nissan,Murano,Turbo 2,,,51358,,consolidated:full_oil_filter_workbook,"{""napa_gold_filter"":""1358"",""stp_filter"":""PH2865 / PH7028"",""source_status"":""ENGINE_FILTER_FAMILY_CONTINUITY — Engine Oil: 2/2 same engine/filter family; Oil Capacity: 2/2 same engine/filter family; Oil Plug Torque: 2/2 same engine/filter family. WIX official application matched; NAPA Gold cross-reference derived from WIX/NAPA convention; STP product-level cross-reference validated."",""verification_status"":""incomplete"",""source_files"":""fulloilandfilter2022to2027;release_2022_2027_final_audit""}",incomplete,oil_type;oil_capacity,2025|nissan|murano|turbo2
4bbe7b38c4bc46f1d9f704f1,2025,Nissan,Murano,Turbo 2.0,,,,,consolidated:vehicle_2025_csv,"{""verification_status"":""incomplete"",""source_files"":""car_data_2025-2.csv""}",incomplete,oil_type;oil_capacity;wix_filter;napa_gold_filter;stp_filter,2025|nissan|murano|turbo20
24a267ba32f24f1f8c62032a,2025,Nissan,Z,Turbo 3,,,57356,,consolidated:full_oil_filter_workbook,"{""napa_gold_filter"":""7356"",""source_status"":""EXACT_PRIOR_YEAR_CONTINUITY — Engine Oil: exact 2024 continuity; Oil Capacity: exact 2024 continuity; Oil Plug Torque: exact 2024 continuity. WIX official application matched; NAPA Gold cross-reference derived from WIX/NAPA convention; STP cross-reference not verified."",""verification_status"":""incomplete"",""source_files"":""fulloilandfilter2022to2027;release_2022_2027_final_audit""}",incomplete,oil_type;oil_capacity;stp_filter,2025|nissan|z|turbo3
763953c986f3feb6dd99165f,2025,Porsche,718 Boxster,Turbo 2,,,WL10359,,consolidated:full_oil_filter_workbook,"{""napa_gold_filter"":""10359"",""source_status"":""EXACT_PRIOR_YEAR_CONTINUITY — Engine Oil: exact 2024 continuity; Oil Capacity: exact 2024 continuity; Oil Plug Torque: exact 2024 continuity. WIX official application matched; NAPA Gold cross-reference derived from WIX/NAPA convention; STP cross-reference not verified."",""verification_status"":""incomplete"",""source_files"":""fulloilandfilter2022to2027;release_2022_2027_final_audit""}",incomplete,oil_type;oil_capacity;stp_filter,2025|porsche|718boxster|turbo2
2ea377d06d7873ef616ef99a,2025,Porsche,718 Cayman,Turbo 2,,,WL10359,,consolidated:full_oil_filter_workbook,"{""napa_gold_filter"":""10359"",""source_status"":""EXACT_PRIOR_YEAR_CONTINUITY — Engine Oil: exact 2024 continuity; Oil Capacity: exact 2024 continuity; Oil Plug Torque: exact 2024 continuity. WIX official application matched; NAPA Gold cross-reference derived from WIX/NAPA convention; STP cross-reference not verified."",""verification_status"":""incomplete"",""source_files"":""fulloilandfilter2022to2027;release_2022_2027_final_audit""}",incomplete,oil_type;oil_capacity;stp_filter,2025|porsche|718cayman|turbo2
a2aa50e1ca9d00f43e6e74ad,2025,Porsche,911,Turbo 3,,,WL10372,,consolidated:full_oil_filter_workbook,"{""napa_gold_filter"":""10372"",""source_status"":""EXACT_PRIOR_YEAR_CONTINUITY — Engine Oil: exact 2024 continuity; Oil Capacity: exact 2024 continuity; Oil Plug Torque: exact 2024 continuity. WIX official application matched; NAPA Gold cross-reference derived from WIX/NAPA convention; STP cross-reference not verified."",""verification_status"":""incomplete"",""source_files"":""fulloilandfilter2022to2027;release_2022_2027_final_audit""}",incomplete,oil_type;oil_capacity;stp_filter,2025|porsche|911|turbo3
00511997e450d7c1bcc10e26,2025,Porsche,Cayenne,Turbo 3,,,WL10438,,consolidated:full_oil_filter_workbook,"{""napa_gold_filter"":""10438"",""stp_filter"":""S45005 / S45005XL"",""source_status"":""EXACT_PRIOR_YEAR_CONTINUITY — Engine Oil: exact 2024 continuity; Oil Capacity: exact 2024 continuity; Oil Plug Torque: exact 2024 continuity. WIX official application matched; NAPA Gold cross-reference derived from WIX/NAPA convention; STP product-level cross-reference validated."",""verification_status"":""incomplete"",""source_files"":""fulloilandfilter2022to2027;release_2022_2027_final_audit""}",incomplete,oil_type;oil_capacity,2025|porsche|cayenne|turbo3
d9eaba26c397914ee4de09ea,2025,Porsche,Cayenne,Turbo 4,,,WL10438,,consolidated:full_oil_filter_workbook,"{""napa_gold_filter"":""10438"",""stp_filter"":""S45005 / S45005XL"",""source_status"":""EXACT_PRIOR_YEAR_CONTINUITY — Engine Oil: exact 2024 continuity; Oil Capacity: exact 2024 continuity; Oil Plug Torque: exact 2024 continuity. WIX official application matched; NAPA Gold cross-reference derived from WIX/NAPA convention; STP product-level cross-reference validated."",""verification_status"":""incomplete"",""source_files"":""fulloilandfilter2022to2027;release_2022_2027_final_audit""}",incomplete,oil_type;oil_capacity,2025|porsche|cayenne|turbo4
bce226cad2848f7150f0c638,2025,Porsche,Macan,Turbo 2,,,WL10396,,consolidated:full_oil_filter_workbook,"{""napa_gold_filter"":""10396"",""stp_filter"":""S11784 / S11784XL"",""source_status"":""EXACT_PRIOR_YEAR_CONTINUITY — Engine Oil: exact 2024 continuity; Oil Capacity: exact 2024 continuity; Oil Plug Torque: exact 2024 continuity. WIX official application matched; NAPA Gold cross-reference derived from WIX/NAPA convention; STP product-level cross-reference validated."",""verification_status"":""incomplete"",""source_files"":""fulloilandfilter2022to2027;release_2022_2027_final_audit""}",incomplete,oil_type;oil_capacity,2025|porsche|macan|turbo2
af15f7e551627cbb9ae0ac83,2025,Ram,1500,Hybrid 3.6,,,WL10010,,consolidated:full_oil_filter_workbook,"{""napa_gold_filter"":""10010"",""stp_filter"":""S11665 / S11665XL"",""source_status"":""EXACT_PRIOR_YEAR_CONTINUITY — Engine Oil: exact 2024 continuity; Oil Capacity: exact 2024 continuity; Oil Plug Torque: exact 2024 continuity. WIX official application matched; NAPA Gold cross-reference derived from WIX/NAPA convention; STP product-level cross-reference validated."",""verification_status"":""incomplete"",""source_files"":""fulloilandfilter2022to2027;release_2022_2027_final_audit""}",incomplete,oil_type;oil_capacity,2025|ram|1500|hybrid36
bdd7b097923026274e1497b5,2025,Ram,1500,Turbo 3,,,WL10255,,consolidated:full_oil_filter_workbook,"{""napa_gold_filter"":""10255"",""stp_filter"":""S45013"",""source_status"":""UNVERIFIED_OIL_SERVICE_DATA — Engine Oil: no validated continuity source; Oil Capacity: no validated continuity source; Oil Plug Torque: no validated continuity source. WIX official application matched; NAPA Gold cross-reference derived from WIX/NAPA convention; STP product-level cross-reference validated."",""verification_status"":""unverified"",""source_files"":""fulloilandfilter2022to2027;release_2022_2027_final_audit""}",unverified,oil_type;oil_capacity,2025|ram|1500|turbo3
b21f30ab144261723569743c,2025,Ram,700,1.3,,,57303,,consolidated:full_oil_filter_workbook,"{""napa_gold_filter"":""7303"",""stp_filter"":""S9584"",""source_status"":""UNVERIFIED_OIL_SERVICE_DATA — Engine Oil: no validated continuity source; Oil Capacity: no validated continuity source; Oil Plug Torque: no validated continuity source. WIX official application matched; NAPA Gold cross-reference derived from WIX/NAPA convention; STP product-level cross-reference validated."",""verification_status"":""unverified"",""source_files"":""fulloilandfilter2022to2027;release_2022_2027_final_audit""}",unverified,oil_type;oil_capacity,2025|ram|700|13
6a14561b4fee29849c6fe962,2025,Ram,700,Turbo 1,,,57303,,consolidated:full_oil_filter_workbook,"{""napa_gold_filter"":""7303"",""stp_filter"":""S9584"",""source_status"":""UNVERIFIED_OIL_SERVICE_DATA — Engine Oil: no validated continuity source; Oil Capacity: no validated continuity source; Oil Plug Torque: no validated continuity source. WIX official application matched; NAPA Gold cross-reference derived from WIX/NAPA convention; STP product-level cross-reference validated."",""verification_status"":""unverified"",""source_files"":""fulloilandfilter2022to2027;release_2022_2027_final_audit""}",unverified,oil_type;oil_capacity,2025|ram|700|turbo1
f5749167d94d59886247f195,2025,Toyota,4 Runner,Hybrid 2.4,,,WL10332,,consolidated:full_oil_filter_workbook,"{""napa_gold_filter"":""10332"",""source_status"":""UNVERIFIED_OIL_SERVICE_DATA — Engine Oil: no validated continuity source; Oil Capacity: no validated continuity source; Oil Plug Torque: no validated continuity source. WIX official application matched; NAPA Gold cross-reference derived from WIX/NAPA convention; STP cross-reference not verified."",""verification_status"":""unverified"",""source_files"":""fulloilandfilter2022to2027;release_2022_2027_final_audit""}",unverified,oil_type;oil_capacity;stp_filter,2025|toyota|4runner|hybrid24
6f0853363f7e0b419e80a797,2025,Toyota,4 Runner,Turbo 2.4,,,WL10332,,consolidated:full_oil_filter_workbook,"{""napa_gold_filter"":""10332"",""source_status"":""ENGINE_FILTER_FAMILY_CONTINUITY — Engine Oil: 1/1 same engine/filter family; Oil Capacity: 1/1 same engine/filter family; Oil Plug Torque: 1/1 same engine/filter family. WIX official application matched; NAPA Gold cross-reference derived from WIX/NAPA convention; STP cross-reference not verified."",""verification_status"":""incomplete"",""source_files"":""fulloilandfilter2022to2027;release_2022_2027_final_audit;car_data_2025-2.csv""}",incomplete,oil_type;oil_capacity;stp_filter,2025|toyota|4runner|turbo24
53f083b28958d5ab412ed698,2025,Toyota,Camry,Hybrid 2.5,,,WL10332,,consolidated:full_oil_filter_workbook,"{""napa_gold_filter"":""10332"",""source_status"":""EXACT_PRIOR_YEAR_CONTINUITY — Engine Oil: exact 2023 continuity; Oil Capacity: exact 2023 continuity; Oil Plug Torque: exact 2023 continuity. WIX official application matched; NAPA Gold cross-reference derived from WIX/NAPA convention; STP cross-reference not verified."",""verification_status"":""incomplete"",""source_files"":""fulloilandfilter2022to2027;release_2022_2027_final_audit""}",incomplete,oil_type;oil_capacity;stp_filter,2025|toyota|camry|hybrid25
0aba9456203100fb51e11ffa,2025,Toyota,Corolla,Hybrid 1.8,,,51394,,consolidated:full_oil_filter_workbook,"{""napa_gold_filter"":""1394"",""source_status"":""EXACT_PRIOR_YEAR_CONTINUITY — Engine Oil: exact 2023 continuity; Oil Capacity: exact 2023 continuity; Oil Plug Torque: exact 2023 continuity. WIX official application matched; NAPA Gold cross-reference derived from WIX/NAPA convention; STP cross-reference not verified."",""verification_status"":""incomplete"",""source_files"":""fulloilandfilter2022to2027;release_2022_2027_final_audit""}",incomplete,oil_type;oil_capacity;stp_filter,2025|toyota|corolla|hybrid18
1f0122d8328c4354187ce641,2025,Toyota,Corolla,Hybrid 2,,,51394,,consolidated:full_oil_filter_workbook,"{""napa_gold_filter"":""1394"",""source_status"":""EXACT_PRIOR_YEAR_CONTINUITY — Engine Oil: exact 2023 continuity; Oil Capacity: exact 2023 continuity; Oil Plug Torque: exact 2023 continuity. WIX official application matched; NAPA Gold cross-reference derived from WIX/NAPA convention; STP cross-reference not verified."",""verification_status"":""incomplete"",""source_files"":""fulloilandfilter2022to2027;release_2022_2027_final_audit""}",incomplete,oil_type;oil_capacity;stp_filter,2025|toyota|corolla|hybrid2
c0ec3ee9407b244ab6d3a2ce,2025,Toyota,Corolla Cross,2,,,WL10332,,consolidated:full_oil_filter_workbook,"{""napa_gold_filter"":""10332"",""source_status"":""EXACT_PRIOR_YEAR_CONTINUITY — Engine Oil: exact 2023 continuity; Oil Capacity: exact 2023 continuity; Oil Plug Torque: exact 2023 continuity. WIX official application matched; NAPA Gold cross-reference derived from WIX/NAPA convention; STP cross-reference not verified."",""verification_status"":""incomplete"",""source_files"":""fulloilandfilter2022to2027;release_2022_2027_final_audit""}",incomplete,oil_type;oil_capacity;stp_filter,2025|toyota|corollacross|2
74f1fcfe65e4b2601d80f69e,2025,Toyota,Corolla Cross,Hybrid 2,,,WL10332,,consolidated:full_oil_filter_workbook,"{""napa_gold_filter"":""10332"",""source_status"":""EXACT_PRIOR_YEAR_CONTINUITY — Engine Oil: exact 2023 continuity; Oil Capacity: exact 2023 continuity; Oil Plug Torque: exact 2023 continuity. WIX official application matched; NAPA Gold cross-reference derived from WIX/NAPA convention; STP cross-reference not verified."",""verification_status"":""incomplete"",""source_files"":""fulloilandfilter2022to2027;release_2022_2027_final_audit""}",incomplete,oil_type;oil_capacity;stp_filter,2025|toyota|corollacross|hybrid2
79f9b660bef731e8beea7a12,2025,Toyota,Crown,Hybrid 2.5,,,51394,,consolidated:full_oil_filter_workbook,"{""napa_gold_filter"":""1394"",""source_status"":""ENGINE_FILTER_FAMILY_CONTINUITY — Engine Oil: 1/1 same engine/filter family; Oil Capacity: 1/1 same engine/filter family; Oil Plug Torque: 1/1 same engine/filter family. WIX official application matched; NAPA Gold cross-reference derived from WIX/NAPA convention; STP cross-reference not verified."",""verification_status"":""incomplete"",""source_files"":""fulloilandfilter2022to2027;release_2022_2027_final_audit""}",incomplete,oil_type;oil_capacity;stp_filter,2025|toyota|crown|hybrid25
ac43a23279012b0ab503ff99,2025,Toyota,Crown Signia,Hybrid 2.5,,,WL10332,,consolidated:full_oil_filter_workbook,"{""napa_gold_filter"":""10332"",""source_status"":""ENGINE_FILTER_FAMILY_CONTINUITY — Engine Oil: 3/3 same engine/filter family; Oil Capacity: 3/3 same engine/filter family; Oil Plug Torque: 3/3 same engine/filter family. WIX official application matched; NAPA Gold cross-reference derived from WIX/NAPA convention; STP cross-reference not verified."",""verification_status"":""incomplete"",""source_files"":""fulloilandfilter2022to2027;release_2022_2027_final_audit""}",incomplete,oil_type;oil_capacity;stp_filter,2025|toyota|crownsignia|hybrid25
1409a04548c651b16c9842c6,2025,Toyota,Gr Supra,Turbo 3,,,WL10342,,consolidated:full_oil_filter_workbook,"{""napa_gold_filter"":""10342"",""stp_filter"":""S90186 / S90186XL"",""source_status"":""ENGINE_FILTER_FAMILY_CONTINUITY — Engine Oil: 1/1 same engine/filter family; Oil Capacity: 1/1 same engine/filter family; Oil Plug Torque: 1/1 same engine/filter family. WIX official application matched; NAPA Gold cross-reference derived from WIX/NAPA convention; STP product-level cross-reference validated."",""verification_status"":""incomplete"",""source_files"":""fulloilandfilter2022to2027;release_2022_2027_final_audit""}",incomplete,oil_type;oil_capacity,2025|toyota|grsupra|turbo3
56c64c84c7357188d1efa9c0,2025,Toyota,Grand Highlander,Hybrid 2.4,,,WL10332,,consolidated:full_oil_filter_workbook,"{""napa_gold_filter"":""10332"",""source_status"":""ENGINE_FILTER_FAMILY_CONTINUITY — Engine Oil: 1/1 same engine/filter family; Oil Capacity: 1/1 same engine/filter family; Oil Plug Torque: 1/1 same engine/filter family. WIX official application matched; NAPA Gold cross-reference derived from WIX/NAPA convention; STP cross-reference not verified."",""verification_status"":""incomplete"",""source_files"":""fulloilandfilter2022to2027;release_2022_2027_final_audit""}",incomplete,oil_type;oil_capacity;stp_filter,2025|toyota|grandhighlander|hybrid24
a6a9e5614f090754353c3a65,2025,Toyota,Highlander,Hybrid 2.5,,,WL10332,,consolidated:full_oil_filter_workbook,"{""napa_gold_filter"":""10332"",""source_status"":""EXACT_PRIOR_YEAR_CONTINUITY — Engine Oil: exact 2023 continuity; Oil Capacity: exact 2023 continuity; Oil Plug Torque: exact 2023 continuity. WIX official application matched; NAPA Gold cross-reference derived from WIX/NAPA convention; STP cross-reference not verified."",""verification_status"":""incomplete"",""source_files"":""fulloilandfilter2022to2027;release_2022_2027_final_audit""}",incomplete,oil_type;oil_capacity;stp_filter,2025|toyota|highlander|hybrid25
8607d0250c7c295ec58a65a6,2025,Toyota,Land Cruiser,Turbo 2.4,0W-20,5.9 qts. with filter,57145,,consolidated:full_oil_filter_workbook,"{""napa_gold_filter"":""7145"",""source_status"":""UNVERIFIED_OIL_SERVICE_DATA — Engine Oil: no validated continuity source; Oil Capacity: no validated continuity source; Oil Plug Torque: no validated continuity source. WIX official application matched; NAPA Gold cross-reference derived from WIX/NAPA convention; STP cross-reference not verified."",""verification_status"":""unverified"",""source_files"":""fulloilandfilter2022to2027;release_2022_2027_final_audit;car_data_2025-2.csv""}",unverified,stp_filter,2025|toyota|landcruiser|turbo24
abc4e8b43d23031d4395c5d0,2025,Toyota,Prius,Hybrid 2,,,51394,,consolidated:full_oil_filter_workbook,"{""napa_gold_filter"":""1394"",""source_status"":""EXACT_PRIOR_YEAR_CONTINUITY — Engine Oil: exact 2023 continuity; Oil Capacity: exact 2023 continuity; Oil Plug Torque: exact 2023 continuity. WIX official application matched; NAPA Gold cross-reference derived from WIX/NAPA convention; STP cross-reference not verified."",""verification_status"":""incomplete"",""source_files"":""fulloilandfilter2022to2027;release_2022_2027_final_audit""}",incomplete,oil_type;oil_capacity;stp_filter,2025|toyota|prius|hybrid2
d70560e851a95c8e757e7663,2025,Toyota,Prius Prime,Hybrid 2,,,51394,,consolidated:full_oil_filter_workbook,"{""napa_gold_filter"":""1394"",""source_status"":""ENGINE_FILTER_FAMILY_CONTINUITY — Engine Oil: 5/5 same engine/filter family; Oil Capacity: 5/5 same engine/filter family; Oil Plug Torque: 5/5 same engine/filter family. WIX official application matched; NAPA Gold cross-reference derived from WIX/NAPA convention; STP cross-reference not verified."",""verification_status"":""incomplete"",""source_files"":""fulloilandfilter2022to2027;release_2022_2027_final_audit""}",incomplete,oil_type;oil_capacity;stp_filter,2025|toyota|priusprime|hybrid2
99a77f16efb12491104c04f1,2025,Toyota,Rav4,Hybrid 2.5,,,WL10332,,consolidated:full_oil_filter_workbook,"{""napa_gold_filter"":""10332"",""source_status"":""EXACT_PRIOR_YEAR_CONTINUITY — Engine Oil: exact 2023 continuity; Oil Capacity: exact 2023 continuity; Oil Plug Torque: exact 2023 continuity. WIX official application matched; NAPA Gold cross-reference derived from WIX/NAPA convention; STP cross-reference not verified."",""verification_status"":""incomplete"",""source_files"":""fulloilandfilter2022to2027;release_2022_2027_final_audit""}",incomplete,oil_type;oil_capacity;stp_filter,2025|toyota|rav4|hybrid25
02be8f6e35ffba1ed4199846,2025,Volkswagen,Atlas,Turbo 2,,,WL10396,,consolidated:full_oil_filter_workbook,"{""napa_gold_filter"":""10396"",""stp_filter"":""S11784 / S11784XL"",""source_status"":""EXACT_PRIOR_YEAR_CONTINUITY — Engine Oil: exact 2024 continuity; Oil Capacity: exact 2024 continuity; Oil Plug Torque: exact 2024 continuity. WIX official application matched; NAPA Gold cross-reference derived from WIX/NAPA convention; STP product-level cross-reference validated."",""verification_status"":""incomplete"",""source_files"":""fulloilandfilter2022to2027;release_2022_2027_final_audit""}",incomplete,oil_type;oil_capacity,2025|volkswagen|atlas|turbo2
c43542606326ce608f77dec6,2025,Volkswagen,Golf R,Turbo 2,,,WL10396,,consolidated:full_oil_filter_workbook,"{""napa_gold_filter"":""10396"",""stp_filter"":""S11784 / S11784XL"",""source_status"":""EXACT_PRIOR_YEAR_CONTINUITY — Engine Oil: exact 2024 continuity; Oil Capacity: exact 2024 continuity; Oil Plug Torque: exact 2024 continuity. WIX official application matched; NAPA Gold cross-reference derived from WIX/NAPA convention; STP product-level cross-reference validated."",""verification_status"":""incomplete"",""source_files"":""fulloilandfilter2022to2027;release_2022_2027_final_audit""}",incomplete,oil_type;oil_capacity,2025|volkswagen|golfr|turbo2
7c944321b86f34389442da3b,2025,Volkswagen,Gti,Turbo 2,,,WL10396,,consolidated:full_oil_filter_workbook,"{""napa_gold_filter"":""10396"",""stp_filter"":""S11784 / S11784XL"",""source_status"":""EXACT_PRIOR_YEAR_CONTINUITY — Engine Oil: exact 2024 continuity; Oil Capacity: exact 2024 continuity; Oil Plug Torque: exact 2024 continuity. WIX official application matched; NAPA Gold cross-reference derived from WIX/NAPA convention; STP product-level cross-reference validated."",""verification_status"":""incomplete"",""source_files"":""fulloilandfilter2022to2027;release_2022_2027_final_audit""}",incomplete,oil_type;oil_capacity,2025|volkswagen|gti|turbo2
068384a6fcf285e2b898806d,2025,Volkswagen,Jetta,Turbo 2,,,WL10396,,consolidated:full_oil_filter_workbook,"{""napa_gold_filter"":""10396"",""stp_filter"":""S11784 / S11784XL"",""source_status"":""ENGINE_FILTER_FAMILY_CONTINUITY — Engine Oil: 14/14 same engine/filter family; Oil Capacity: 14/14 same engine/filter family; Oil Plug Torque: 14/14 same engine/filter family. WIX official application matched; NAPA Gold cross-reference derived from WIX/NAPA convention; STP product-level cross-reference validated."",""verification_status"":""incomplete"",""source_files"":""fulloilandfilter2022to2027;release_2022_2027_final_audit""}",incomplete,oil_type;oil_capacity,2025|volkswagen|jetta|turbo2
76cb7768b5da9775cc720e7d,2025,Volkswagen,Tiguan,Turbo 2,,,WL10396,,consolidated:full_oil_filter_workbook,"{""napa_gold_filter"":""10396"",""stp_filter"":""S11784 / S11784XL"",""source_status"":""EXACT_PRIOR_YEAR_CONTINUITY — Engine Oil: exact 2024 continuity; Oil Capacity: exact 2024 continuity; Oil Plug Torque: exact 2024 continuity. WIX official application matched; NAPA Gold cross-reference derived from WIX/NAPA convention; STP product-level cross-reference validated."",""verification_status"":""incomplete"",""source_files"":""fulloilandfilter2022to2027;release_2022_2027_final_audit""}",incomplete,oil_type;oil_capacity,2025|volkswagen|tiguan|turbo2
f968ea60a6401be060085ea8,2025,Volvo,S60,Turbo 2,,,WL10241,,consolidated:full_oil_filter_workbook,"{""napa_gold_filter"":""10241"",""stp_filter"":""S45012 / S45012XL"",""source_status"":""EXACT_PRIOR_YEAR_CONTINUITY — Engine Oil: exact 2024 continuity; Oil Capacity: exact 2024 continuity; Oil Plug Torque: exact 2024 continuity. WIX official application matched; NAPA Gold cross-reference derived from WIX/NAPA convention; STP product-level cross-reference validated."",""verification_status"":""incomplete"",""source_files"":""fulloilandfilter2022to2027;release_2022_2027_final_audit""}",incomplete,oil_type;oil_capacity,2025|volvo|s60|turbo2
01fd5973feb18f787693804c,2025,Volvo,S90,Turbo 2,,,WL10241,,consolidated:full_oil_filter_workbook,"{""napa_gold_filter"":""10241"",""stp_filter"":""S45012 / S45012XL"",""source_status"":""EXACT_PRIOR_YEAR_CONTINUITY — Engine Oil: exact 2024 continuity; Oil Capacity: exact 2024 continuity; Oil Plug Torque: exact 2024 continuity. WIX official application matched; NAPA Gold cross-reference derived from WIX/NAPA convention; STP product-level cross-reference validated."",""verification_status"":""incomplete"",""source_files"":""fulloilandfilter2022to2027;release_2022_2027_final_audit""}",incomplete,oil_type;oil_capacity,2025|volvo|s90|turbo2
2ed227de96337c34fb704e1d,2025,Volvo,V60,Turbo 2,,,WL10241,,consolidated:full_oil_filter_workbook,"{""napa_gold_filter"":""10241"",""stp_filter"":""S45012 / S45012XL"",""source_status"":""EXACT_PRIOR_YEAR_CONTINUITY — Engine Oil: exact 2024 continuity; Oil Capacity: exact 2024 continuity; Oil Plug Torque: exact 2024 continuity. WIX official application matched; NAPA Gold cross-reference derived from WIX/NAPA convention; STP product-level cross-reference validated."",""verification_status"":""incomplete"",""source_files"":""fulloilandfilter2022to2027;release_2022_2027_final_audit""}",incomplete,oil_type;oil_capacity,2025|volvo|v60|turbo2
d4f7204f7aa62d20abb5ca9c,2025,Volvo,V60 Cross Country,Turbo 2,,,WL10241,,consolidated:full_oil_filter_workbook,"{""napa_gold_filter"":""10241"",""stp_filter"":""S45012 / S45012XL"",""source_status"":""EXACT_PRIOR_YEAR_CONTINUITY — Engine Oil: exact 2024 continuity; Oil Capacity: exact 2024 continuity; Oil Plug Torque: exact 2024 continuity. WIX official application matched; NAPA Gold cross-reference derived from WIX/NAPA convention; STP product-level cross-reference validated."",""verification_status"":""incomplete"",""source_files"":""fulloilandfilter2022to2027;release_2022_2027_final_audit""}",incomplete,oil_type;oil_capacity,2025|volvo|v60crosscountry|turbo2
bac27cd0b1f3f6ef81a878dc,2025,Volvo,V90 Cross Country,Turbo 2,,,WL10241,,consolidated:full_oil_filter_workbook,"{""napa_gold_filter"":""10241"",""stp_filter"":""S45012 / S45012XL"",""source_status"":""EXACT_PRIOR_YEAR_CONTINUITY — Engine Oil: exact 2024 continuity; Oil Capacity: exact 2024 continuity; Oil Plug Torque: exact 2024 continuity. WIX official application matched; NAPA Gold cross-reference derived from WIX/NAPA convention; STP product-level cross-reference validated."",""verification_status"":""incomplete"",""source_files"":""fulloilandfilter2022to2027;release_2022_2027_final_audit""}",incomplete,oil_type;oil_capacity,2025|volvo|v90crosscountry|turbo2
d5690abb1254ccea73ea5279,2025,Volvo,Xc40,Turbo 2,,,WL10241,,consolidated:full_oil_filter_workbook,"{""napa_gold_filter"":""10241"",""stp_filter"":""S45012 / S45012XL"",""source_status"":""EXACT_PRIOR_YEAR_CONTINUITY — Engine Oil: exact 2024 continuity; Oil Capacity: exact 2024 continuity; Oil Plug Torque: exact 2024 continuity. WIX official application matched; NAPA Gold cross-reference derived from WIX/NAPA convention; STP product-level cross-reference validated."",""verification_status"":""incomplete"",""source_files"":""fulloilandfilter2022to2027;release_2022_2027_final_audit""}",incomplete,oil_type;oil_capacity,2025|volvo|xc40|turbo2
a9ac9f2007225560c506b5e1,2025,Volvo,Xc60,Turbo 2,,,WL10241,,consolidated:full_oil_filter_workbook,"{""napa_gold_filter"":""10241"",""stp_filter"":""S45012 / S45012XL"",""source_status"":""EXACT_PRIOR_YEAR_CONTINUITY — Engine Oil: exact 2024 continuity; Oil Capacity: exact 2024 continuity; Oil Plug Torque: exact 2024 continuity. WIX official application matched; NAPA Gold cross-reference derived from WIX/NAPA convention; STP product-level cross-reference validated."",""verification_status"":""incomplete"",""source_files"":""fulloilandfilter2022to2027;release_2022_2027_final_audit""}",incomplete,oil_type;oil_capacity,2025|volvo|xc60|turbo2
a08dc161171edef5005bd87f,2025,Volvo,Xc90,Turbo 2,,,WL10241,,consolidated:full_oil_filter_workbook,"{""napa_gold_filter"":""10241"",""stp_filter"":""S45012 / S45012XL"",""source_status"":""EXACT_PRIOR_YEAR_CONTINUITY — Engine Oil: exact 2024 continuity; Oil Capacity: exact 2024 continuity; Oil Plug Torque: exact 2024 continuity. WIX official application matched; NAPA Gold cross-reference derived from WIX/NAPA convention; STP product-level cross-reference validated."",""verification_status"":""incomplete"",""source_files"":""fulloilandfilter2022to2027;release_2022_2027_final_audit""}",incomplete,oil_type;oil_capacity,2025|volvo|xc90|turbo2
cff621aede957be60489b763,2026,Acura,Adx,Turbo 1.5,,,57356,,consolidated:full_oil_filter_workbook,"{""napa_gold_filter"":""7356"",""source_status"":""EXACT_PRIOR_YEAR_CONTINUITY — Engine Oil: exact 2025 continuity; Oil Capacity: exact 2025 continuity; Oil Plug Torque: exact 2025 continuity. WIX official application matched; NAPA Gold cross-reference derived from WIX/NAPA convention; STP cross-reference not verified."",""verification_status"":""incomplete"",""source_files"":""fulloilandfilter2022to2027;release_2022_2027_final_audit""}",incomplete,oil_type;oil_capacity;stp_filter,2026|acura|adx|turbo15
c5735eb875c4cfde341fce54,2026,Acura,Integra,Turbo 1.5,,,57356,,consolidated:full_oil_filter_workbook,"{""napa_gold_filter"":""7356"",""source_status"":""EXACT_PRIOR_YEAR_CONTINUITY — Engine Oil: exact 2025 continuity; Oil Capacity: exact 2025 continuity; Oil Plug Torque: exact 2025 continuity. WIX official application matched; NAPA Gold cross-reference derived from WIX/NAPA convention; STP cross-reference not verified."",""verification_status"":""incomplete"",""source_files"":""fulloilandfilter2022to2027;release_2022_2027_final_audit""}",incomplete,oil_type;oil_capacity;stp_filter,2026|acura|integra|turbo15
ad387c99bfd3f9744988f48a,2026,Acura,Mdx,Turbo 3,,,57356,,consolidated:full_oil_filter_workbook,"{""napa_gold_filter"":""7356"",""source_status"":""EXACT_PRIOR_YEAR_CONTINUITY — Engine Oil: exact 2025 continuity; Oil Capacity: exact 2025 continuity; Oil Plug Torque: exact 2025 continuity. WIX official application matched; NAPA Gold cross-reference derived from WIX/NAPA convention; STP cross-reference not verified."",""verification_status"":""incomplete"",""source_files"":""fulloilandfilter2022to2027;release_2022_2027_final_audit""}",incomplete,oil_type;oil_capacity;stp_filter,2026|acura|mdx|turbo3
53aaaf291539b2f39e6ce101,2026,Acura,Rdx,Turbo 2,,,57356,,consolidated:full_oil_filter_workbook,"{""napa_gold_filter"":""7356"",""source_status"":""EXACT_PRIOR_YEAR_CONTINUITY — Engine Oil: exact 2025 continuity; Oil Capacity: exact 2025 continuity; Oil Plug Torque: exact 2025 continuity. WIX official application matched; NAPA Gold cross-reference derived from WIX/NAPA convention; STP cross-reference not verified."",""verification_status"":""incomplete"",""source_files"":""fulloilandfilter2022to2027;release_2022_2027_final_audit""}",incomplete,oil_type;oil_capacity;stp_filter,2026|acura|rdx|turbo2
346807621ca5c001cbfe19e1,2026,Alfa Romeo,Giulia,Turbo 2,,,57060,,consolidated:full_oil_filter_workbook,"{""napa_gold_filter"":""7060"",""stp_filter"":""S3506"",""source_status"":""EXACT_PRIOR_YEAR_CONTINUITY — Engine Oil: exact 2025 continuity; Oil Capacity: exact 2025 continuity; Oil Plug Torque: exact 2025 continuity. WIX official application matched; NAPA Gold cross-reference derived from WIX/NAPA convention; STP product-level cross-reference validated."",""verification_status"":""incomplete"",""source_files"":""fulloilandfilter2022to2027;release_2022_2027_final_audit""}",incomplete,oil_type;oil_capacity,2026|alfaromeo|giulia|turbo2
e3a9938d7a4d8c44c423106d,2026,Alfa Romeo,Stelvio,Turbo 2,,,57060,,consolidated:full_oil_filter_workbook,"{""napa_gold_filter"":""7060"",""stp_filter"":""S3506"",""source_status"":""EXACT_PRIOR_YEAR_CONTINUITY — Engine Oil: exact 2025 continuity; Oil Capacity: exact 2025 continuity; Oil Plug Torque: exact 2025 continuity. WIX official application matched; NAPA Gold cross-reference derived from WIX/NAPA convention; STP product-level cross-reference validated."",""verification_status"":""incomplete"",""source_files"":""fulloilandfilter2022to2027;release_2022_2027_final_audit""}",incomplete,oil_type;oil_capacity,2026|alfaromeo|stelvio|turbo2
f97132b56be253f109365348,2026,Alfa Romeo,Tonale,Turbo 2,,,57060,,consolidated:full_oil_filter_workbook,"{""napa_gold_filter"":""7060"",""stp_filter"":""S3506"",""source_status"":""EXACT_PRIOR_YEAR_CONTINUITY — Engine Oil: exact 2025 continuity; Oil Capacity: exact 2025 continuity; Oil Plug Torque: exact 2025 continuity. WIX official application matched; NAPA Gold cross-reference derived from WIX/NAPA convention; STP product-level cross-reference validated."",""verification_status"":""incomplete"",""source_files"":""fulloilandfilter2022to2027;release_2022_2027_final_audit""}",incomplete,oil_type;oil_capacity,2026|alfaromeo|tonale|turbo2
2e364959e1262c12b93c21ad,2026,Audi,A3,Turbo 2,,,WL10396,,consolidated:full_oil_filter_workbook,"{""napa_gold_filter"":""10396"",""stp_filter"":""S11784 / S11784XL"",""source_status"":""EXACT_PRIOR_YEAR_CONTINUITY — Engine Oil: exact 2025 continuity; Oil Capacity: exact 2025 continuity; Oil Plug Torque: exact 2025 continuity. WIX official application matched; NAPA Gold cross-reference derived from WIX/NAPA convention; STP product-level cross-reference validated."",""verification_status"":""incomplete"",""source_files"":""fulloilandfilter2022to2027;release_2022_2027_final_audit""}",incomplete,oil_type;oil_capacity,2026|audi|a3|turbo2
8b82ed2d4ffc2f6279bb9362,2026,Audi,A3 Quattro,Turbo 2,,,WL10396,,consolidated:full_oil_filter_workbook,"{""napa_gold_filter"":""10396"",""stp_filter"":""S11784 / S11784XL"",""source_status"":""EXACT_PRIOR_YEAR_CONTINUITY — Engine Oil: exact 2025 continuity; Oil Capacity: exact 2025 continuity; Oil Plug Torque: exact 2025 continuity. WIX official application matched; NAPA Gold cross-reference derived from WIX/NAPA convention; STP product-level cross-reference validated."",""verification_status"":""incomplete"",""source_files"":""fulloilandfilter2022to2027;release_2022_2027_final_audit""}",incomplete,oil_type;oil_capacity,2026|audi|a3quattro|turbo2
eee00196b04b41ca8af2b395,2026,Audi,A5 Quattro,Turbo 2,,,WL10396,,consolidated:full_oil_filter_workbook,"{""napa_gold_filter"":""10396"",""stp_filter"":""S11784 / S11784XL"",""source_status"":""EXACT_PRIOR_YEAR_CONTINUITY — Engine Oil: exact 2025 continuity; Oil Capacity: exact 2025 continuity; Oil Plug Torque: exact 2025 continuity. WIX official application matched; NAPA Gold cross-reference derived from WIX/NAPA convention; STP product-level cross-reference validated."",""verification_status"":""incomplete"",""source_files"":""fulloilandfilter2022to2027;release_2022_2027_final_audit""}",incomplete,oil_type;oil_capacity,2026|audi|a5quattro|turbo2
8a551666a35c11519728ade5,2026,Audi,A6 Allroad,Turbo 3,,,WL10438,,consolidated:full_oil_filter_workbook,"{""napa_gold_filter"":""10438"",""stp_filter"":""S45005 / S45005XL"",""source_status"":""EXACT_PRIOR_YEAR_CONTINUITY — Engine Oil: exact 2025 continuity; Oil Capacity: exact 2025 continuity; Oil Plug Torque: exact 2025 continuity. WIX official application matched; NAPA Gold cross-reference derived from WIX/NAPA convention; STP product-level cross-reference validated."",""verification_status"":""incomplete"",""source_files"":""fulloilandfilter2022to2027;release_2022_2027_final_audit""}",incomplete,oil_type;oil_capacity,2026|audi|a6allroad|turbo3
c552210d49f1ce73f6a0d890,2026,Audi,A6 Quattro,Turbo 3,,,WL10438,,consolidated:full_oil_filter_workbook,"{""napa_gold_filter"":""10438"",""stp_filter"":""S45005 / S45005XL"",""source_status"":""EXACT_PRIOR_YEAR_CONTINUITY — Engine Oil: exact 2025 continuity; Oil Capacity: exact 2025 continuity; Oil Plug Torque: exact 2025 continuity. WIX official application matched; NAPA Gold cross-reference derived from WIX/NAPA convention; STP product-level cross-reference validated."",""verification_status"":""incomplete"",""source_files"":""fulloilandfilter2022to2027;release_2022_2027_final_audit""}",incomplete,oil_type;oil_capacity,2026|audi|a6quattro|turbo3
06af586cefd29266c00f5b5c,2026,Audi,A8 Quattro,Turbo 3,,,WL10438,,consolidated:full_oil_filter_workbook,"{""napa_gold_filter"":""10438"",""stp_filter"":""S45005 / S45005XL"",""source_status"":""EXACT_PRIOR_YEAR_CONTINUITY — Engine Oil: exact 2025 continuity; Oil Capacity: exact 2025 continuity; Oil Plug Torque: exact 2025 continuity. WIX official application matched; NAPA Gold cross-reference derived from WIX/NAPA convention; STP product-level cross-reference validated."",""verification_status"":""incomplete"",""source_files"":""fulloilandfilter2022to2027;release_2022_2027_final_audit""}",incomplete,oil_type;oil_capacity,2026|audi|a8quattro|turbo3
30e02ce74d9f08091258c3dc,2026,Audi,Q3,Turbo 2,,,WL10396,,consolidated:full_oil_filter_workbook,"{""napa_gold_filter"":""10396"",""stp_filter"":""S11784 / S11784XL"",""source_status"":""EXACT_PRIOR_YEAR_CONTINUITY — Engine Oil: exact 2025 continuity; Oil Capacity: exact 2025 continuity; Oil Plug Torque: exact 2025 continuity. WIX official application matched; NAPA Gold cross-reference derived from WIX/NAPA convention; STP product-level cross-reference validated."",""verification_status"":""incomplete"",""source_files"":""fulloilandfilter2022to2027;release_2022_2027_final_audit""}",incomplete,oil_type;oil_capacity,2026|audi|q3|turbo2
d71b70515d648dc399228416,2026,Audi,Q5,Turbo 2,,,WL10396,,consolidated:full_oil_filter_workbook,"{""napa_gold_filter"":""10396"",""stp_filter"":""S11784 / S11784XL"",""source_status"":""EXACT_PRIOR_YEAR_CONTINUITY — Engine Oil: exact 2025 continuity; Oil Capacity: exact 2025 continuity; Oil Plug Torque: exact 2025 continuity. WIX official application matched; NAPA Gold cross-reference derived from WIX/NAPA convention; STP product-level cross-reference validated."",""verification_status"":""incomplete"",""source_files"":""fulloilandfilter2022to2027;release_2022_2027_final_audit""}",incomplete,oil_type;oil_capacity,2026|audi|q5|turbo2
fd300187de74a49f193598d3,2026,Audi,Q5 Sportback,Hybrid 2,,,WL10396,,consolidated:full_oil_filter_workbook,"{""napa_gold_filter"":""10396"",""stp_filter"":""S11784 / S11784XL"",""source_status"":""EXACT_PRIOR_YEAR_CONTINUITY — Engine Oil: exact 2025 continuity; Oil Capacity: exact 2025 continuity; Oil Plug Torque: exact 2025 continuity. WIX official application matched; NAPA Gold cross-reference derived from WIX/NAPA convention; STP product-level cross-reference validated."",""verification_status"":""incomplete"",""source_files"":""fulloilandfilter2022to2027;release_2022_2027_final_audit""}",incomplete,oil_type;oil_capacity,2026|audi|q5sportback|hybrid2
2d49301246d028405a3d9cb0,2026,Audi,Q7,Turbo 2,,,WL10396,,consolidated:full_oil_filter_workbook,"{""napa_gold_filter"":""10396"",""stp_filter"":""S11784 / S11784XL"",""source_status"":""EXACT_PRIOR_YEAR_CONTINUITY — Engine Oil: exact 2025 continuity; Oil Capacity: exact 2025 continuity; Oil Plug Torque: exact 2025 continuity. WIX official application matched; NAPA Gold cross-reference derived from WIX/NAPA convention; STP product-level cross-reference validated."",""verification_status"":""incomplete"",""source_files"":""fulloilandfilter2022to2027;release_2022_2027_final_audit""}",incomplete,oil_type;oil_capacity,2026|audi|q7|turbo2
554d93929cd6cd426237a296,2026,Audi,Q7,Turbo 3,,,WL10438,,consolidated:full_oil_filter_workbook,"{""napa_gold_filter"":""10438"",""stp_filter"":""S45005 / S45005XL"",""source_status"":""EXACT_PRIOR_YEAR_CONTINUITY — Engine Oil: exact 2025 continuity; Oil Capacity: exact 2025 continuity; Oil Plug Torque: exact 2025 continuity. WIX official application matched; NAPA Gold cross-reference derived from WIX/NAPA convention; STP product-level cross-reference validated."",""verification_status"":""incomplete"",""source_files"":""fulloilandfilter2022to2027;release_2022_2027_final_audit""}",incomplete,oil_type;oil_capacity,2026|audi|q7|turbo3
039a33703adfbb26aa99529d,2026,Audi,Q8,Turbo 3,,,WL10438,,consolidated:full_oil_filter_workbook,"{""napa_gold_filter"":""10438"",""stp_filter"":""S45005 / S45005XL"",""source_status"":""EXACT_PRIOR_YEAR_CONTINUITY — Engine Oil: exact 2025 continuity; Oil Capacity: exact 2025 continuity; Oil Plug Torque: exact 2025 continuity. WIX official application matched; NAPA Gold cross-reference derived from WIX/NAPA convention; STP product-level cross-reference validated."",""verification_status"":""incomplete"",""source_files"":""fulloilandfilter2022to2027;release_2022_2027_final_audit""}",incomplete,oil_type;oil_capacity,2026|audi|q8|turbo3
67fa3346013eb6f7434156b6,2026,Audi,Rs 3,Turbo 2.5,0W-30,,57187,,consolidated:full_oil_filter_workbook,"{""oil_plug_torque"":""18 ft. lbs."",""napa_gold_filter"":""7187"",""stp_filter"":""S9911"",""source_status"":""EXACT_PRIOR_YEAR_CONTINUITY — Engine Oil: exact 2025 continuity; Oil Capacity: exact 2025 continuity; Oil Plug Torque: exact 2025 continuity. WIX official application matched; NAPA Gold cross-reference derived from WIX/NAPA convention; STP product-level cross-reference validated."",""verification_status"":""incomplete"",""source_files"":""fulloilandfilter2022to2027;release_2022_2027_final_audit""}",incomplete,oil_capacity,2026|audi|rs3|turbo25
cf775c6ed6ae7bd5b75dd2e0,2026,Audi,Rs Q8,Turbo 4,,,WL10438,,consolidated:full_oil_filter_workbook,"{""napa_gold_filter"":""10438"",""stp_filter"":""S45005 / S45005XL"",""source_status"":""EXACT_PRIOR_YEAR_CONTINUITY — Engine Oil: exact 2025 continuity; Oil Capacity: exact 2025 continuity; Oil Plug Torque: exact 2025 continuity. WIX official application matched; NAPA Gold cross-reference derived from WIX/NAPA convention; STP product-level cross-reference validated."",""verification_status"":""incomplete"",""source_files"":""fulloilandfilter2022to2027;release_2022_2027_final_audit""}",incomplete,oil_type;oil_capacity,2026|audi|rsq8|turbo4
b6441f9e456c81716b1d2f1c,2026,Audi,Rs6 Avant,Turbo 4,,,WL10438,,consolidated:full_oil_filter_workbook,"{""napa_gold_filter"":""10438"",""stp_filter"":""S45005 / S45005XL"",""source_status"":""EXACT_PRIOR_YEAR_CONTINUITY — Engine Oil: exact 2025 continuity; Oil Capacity: exact 2025 continuity; Oil Plug Torque: exact 2025 continuity. WIX official application matched; NAPA Gold cross-reference derived from WIX/NAPA convention; STP product-level cross-reference validated."",""verification_status"":""incomplete"",""source_files"":""fulloilandfilter2022to2027;release_2022_2027_final_audit""}",incomplete,oil_type;oil_capacity,2026|audi|rs6avant|turbo4
c6a9eb4fb41e76fd8b5367a7,2026,Audi,Rs7 Sportback,Turbo 4,,,WL10438,,consolidated:full_oil_filter_workbook,"{""napa_gold_filter"":""10438"",""stp_filter"":""S45005 / S45005XL"",""source_status"":""EXACT_PRIOR_YEAR_CONTINUITY — Engine Oil: exact 2025 continuity; Oil Capacity: exact 2025 continuity; Oil Plug Torque: exact 2025 continuity. WIX official application matched; NAPA Gold cross-reference derived from WIX/NAPA convention; STP product-level cross-reference validated."",""verification_status"":""incomplete"",""source_files"":""fulloilandfilter2022to2027;release_2022_2027_final_audit""}",incomplete,oil_type;oil_capacity,2026|audi|rs7sportback|turbo4
a9817362763d741e631adc93,2026,Audi,S3,Turbo 4,,,WL10396,,consolidated:full_oil_filter_workbook,"{""napa_gold_filter"":""10396"",""stp_filter"":""S11784 / S11784XL"",""source_status"":""EXACT_PRIOR_YEAR_CONTINUITY — Engine Oil: exact 2025 continuity; Oil Capacity: exact 2025 continuity; Oil Plug Torque: exact 2025 continuity. WIX official application matched; NAPA Gold cross-reference derived from WIX/NAPA convention; STP product-level cross-reference validated."",""verification_status"":""incomplete"",""source_files"":""fulloilandfilter2022to2027;release_2022_2027_final_audit""}",incomplete,oil_type;oil_capacity,2026|audi|s3|turbo4
c379d95f91e879d6b17381c3,2026,Audi,S5,Turbo 3,,,WL10438,,consolidated:full_oil_filter_workbook,"{""napa_gold_filter"":""10438"",""stp_filter"":""S45005 / S45005XL"",""source_status"":""EXACT_PRIOR_YEAR_CONTINUITY — Engine Oil: exact 2025 continuity; Oil Capacity: exact 2025 continuity; Oil Plug Torque: exact 2025 continuity. WIX official application matched; NAPA Gold cross-reference derived from WIX/NAPA convention; STP product-level cross-reference validated."",""verification_status"":""incomplete"",""source_files"":""fulloilandfilter2022to2027;release_2022_2027_final_audit""}",incomplete,oil_type;oil_capacity,2026|audi|s5|turbo3
59395fdbc41276d3014123a0,2026,Audi,S8,Turbo 4,,,WL10350,,consolidated:full_oil_filter_workbook,"{""napa_gold_filter"":""10350"",""stp_filter"":""S11791"",""source_status"":""EXACT_PRIOR_YEAR_CONTINUITY — Engine Oil: exact 2025 continuity; Oil Capacity: exact 2025 continuity; Oil Plug Torque: exact 2025 continuity. WIX official application matched; NAPA Gold cross-reference derived from WIX/NAPA convention; STP product-level cross-reference validated."",""verification_status"":""incomplete"",""source_files"":""fulloilandfilter2022to2027;release_2022_2027_final_audit""}",incomplete,oil_type;oil_capacity,2026|audi|s8|turbo4
c2776a676ba4f9cb74db1a7d,2026,Audi,SQ5 Sportback,Turbo 3,,,WL10438,,consolidated:full_oil_filter_workbook,"{""napa_gold_filter"":""10438"",""stp_filter"":""S45005 / S45005XL"",""source_status"":""EXACT_PRIOR_YEAR_CONTINUITY — Engine Oil: exact 2025 continuity; Oil Capacity: exact 2025 continuity; Oil Plug Torque: exact 2025 continuity. WIX official application matched; NAPA Gold cross-reference derived from WIX/NAPA convention; STP product-level cross-reference validated."",""verification_status"":""incomplete"",""source_files"":""fulloilandfilter2022to2027;release_2022_2027_final_audit""}",incomplete,oil_type;oil_capacity,2026|audi|sq5sportback|turbo3
a3122bcd12d722e7d3ed2277,2026,Audi,Sq5,Turbo 3,,,WL10438,,consolidated:full_oil_filter_workbook,"{""napa_gold_filter"":""10438"",""stp_filter"":""S45005 / S45005XL"",""source_status"":""EXACT_PRIOR_YEAR_CONTINUITY — Engine Oil: exact 2025 continuity; Oil Capacity: exact 2025 continuity; Oil Plug Torque: exact 2025 continuity. WIX official application matched; NAPA Gold cross-reference derived from WIX/NAPA convention; STP product-level cross-reference validated."",""verification_status"":""incomplete"",""source_files"":""fulloilandfilter2022to2027;release_2022_2027_final_audit""}",incomplete,oil_type;oil_capacity,2026|audi|sq5|turbo3
f7104a8cf3ddb44377b4c2ec,2026,Audi,Sq7,Turbo 4,,,WL10438,,consolidated:full_oil_filter_workbook,"{""napa_gold_filter"":""10438"",""stp_filter"":""S45005 / S45005XL"",""source_status"":""EXACT_PRIOR_YEAR_CONTINUITY — Engine Oil: exact 2025 continuity; Oil Capacity: exact 2025 continuity; Oil Plug Torque: exact 2025 continuity. WIX official application matched; NAPA Gold cross-reference derived from WIX/NAPA convention; STP product-level cross-reference validated."",""verification_status"":""incomplete"",""source_files"":""fulloilandfilter2022to2027;release_2022_2027_final_audit""}",incomplete,oil_type;oil_capacity,2026|audi|sq7|turbo4
889b5757112927a373eee507,2026,Audi,Sq8,Turbo 4,,,WL10350,,consolidated:full_oil_filter_workbook,"{""napa_gold_filter"":""10350"",""stp_filter"":""S11791"",""source_status"":""EXACT_PRIOR_YEAR_CONTINUITY — Engine Oil: exact 2025 continuity; Oil Capacity: exact 2025 continuity; Oil Plug Torque: exact 2025 continuity. WIX official application matched; NAPA Gold cross-reference derived from WIX/NAPA convention; STP product-level cross-reference validated."",""verification_status"":""incomplete"",""source_files"":""fulloilandfilter2022to2027;release_2022_2027_final_audit""}",incomplete,oil_type;oil_capacity,2026|audi|sq8|turbo4
add1c6923ca8dde57962e9aa,2026,BMW,118i,1.5,,,WL10518,,consolidated:full_oil_filter_workbook,"{""napa_gold_filter"":""10518"",""stp_filter"":""S45018"",""source_status"":""EXACT_PRIOR_YEAR_CONTINUITY — Engine Oil: exact 2023 continuity; Oil Capacity: exact 2023 continuity; Oil Plug Torque: exact 2023 continuity. WIX official application matched; NAPA Gold cross-reference derived from WIX/NAPA convention; STP product-level cross-reference validated."",""verification_status"":""incomplete"",""source_files"":""fulloilandfilter2022to2027;release_2022_2027_final_audit""}",incomplete,oil_type;oil_capacity,2026|bmw|118i|15
a46bf6f56d51e2514355a38d,2026,BMW,218i Gran Coupe,1.5,,,WL10518,,consolidated:full_oil_filter_workbook,"{""napa_gold_filter"":""10518"",""stp_filter"":""S45018"",""source_status"":""EXACT_PRIOR_YEAR_CONTINUITY — Engine Oil: exact 2025 continuity; Oil Capacity: exact 2025 continuity; Oil Plug Torque: exact 2025 continuity. WIX official application matched; NAPA Gold cross-reference derived from WIX/NAPA convention; STP product-level cross-reference validated."",""verification_status"":""incomplete"",""source_files"":""fulloilandfilter2022to2027;release_2022_2027_final_audit""}",incomplete,oil_type;oil_capacity,2026|bmw|218igrancoupe|15
2177f53c7eb0e1d7a2a6b7f1,2026,BMW,220I,Turbo 2,,,WL10518,,consolidated:full_oil_filter_workbook,"{""napa_gold_filter"":""10518"",""stp_filter"":""S45018"",""source_status"":""EXACT_PRIOR_YEAR_CONTINUITY — Engine Oil: exact 2023 continuity; Oil Capacity: exact 2023 continuity; Oil Plug Torque: exact 2023 continuity. WIX official application matched; NAPA Gold cross-reference derived from WIX/NAPA convention; STP product-level cross-reference validated."",""verification_status"":""incomplete"",""source_files"":""fulloilandfilter2022to2027;release_2022_2027_final_audit""}",incomplete,oil_type;oil_capacity,2026|bmw|220i|turbo2
ac4087e61bbde92f79fef1fa,2026,BMW,228 Gran Coupe,Turbo 2,,,WL7522,,consolidated:full_oil_filter_workbook,"{""napa_gold_filter"":""7522"",""stp_filter"":""S11885"",""source_status"":""ENGINE_FILTER_FAMILY_CONTINUITY — Engine Oil: 8/8 same engine/filter family; Oil Capacity: 8/8 same engine/filter family; Oil Plug Torque: 8/8 same engine/filter family. WIX official application matched; NAPA Gold cross-reference derived from WIX/NAPA convention; STP product-level cross-reference validated."",""verification_status"":""incomplete"",""source_files"":""fulloilandfilter2022to2027;release_2022_2027_final_audit""}",incomplete,oil_type;oil_capacity,2026|bmw|228grancoupe|turbo2
162e0a19e8e3e2dc439c34c2,2026,BMW,228 xDrive Gran Coupe,Turbo 2,,,WL7522,,consolidated:full_oil_filter_workbook,"{""napa_gold_filter"":""7522"",""stp_filter"":""S11885"",""source_status"":""EXACT_PRIOR_YEAR_CONTINUITY — Engine Oil: exact 2025 continuity; Oil Capacity: exact 2025 continuity; Oil Plug Torque: exact 2025 continuity. WIX official application matched; NAPA Gold cross-reference derived from WIX/NAPA convention; STP product-level cross-reference validated."",""verification_status"":""incomplete"",""source_files"":""fulloilandfilter2022to2027;release_2022_2027_final_audit""}",incomplete,oil_type;oil_capacity,2026|bmw|228xdrivegrancoupe|turbo2
1d3c802b8fe2fcbdc3ec5024,2026,BMW,230i,Turbo 2,,,WL10358,,consolidated:full_oil_filter_workbook,"{""napa_gold_filter"":""10358"",""stp_filter"":""S45014 / S45014XL"",""source_status"":""EXACT_PRIOR_YEAR_CONTINUITY — Engine Oil: exact 2025 continuity; Oil Capacity: exact 2025 continuity; Oil Plug Torque: exact 2025 continuity. WIX official application matched; NAPA Gold cross-reference derived from WIX/NAPA convention; STP product-level cross-reference validated."",""verification_status"":""incomplete"",""source_files"":""fulloilandfilter2022to2027;release_2022_2027_final_audit""}",incomplete,oil_type;oil_capacity,2026|bmw|230i|turbo2
62b2375babd8604e0f572703,2026,BMW,230i xDrive,Turbo 2,,,WL10358,,consolidated:full_oil_filter_workbook,"{""napa_gold_filter"":""10358"",""stp_filter"":""S45014 / S45014XL"",""source_status"":""EXACT_PRIOR_YEAR_CONTINUITY — Engine Oil: exact 2025 continuity; Oil Capacity: exact 2025 continuity; Oil Plug Torque: exact 2025 continuity. WIX official application matched; NAPA Gold cross-reference derived from WIX/NAPA convention; STP product-level cross-reference validated."",""verification_status"":""incomplete"",""source_files"":""fulloilandfilter2022to2027;release_2022_2027_final_audit""}",incomplete,oil_type;oil_capacity,2026|bmw|230ixdrive|turbo2
273bf86089d7b73da9cf32f0,2026,BMW,320I,Turbo 2,,,WL10358,,consolidated:full_oil_filter_workbook,"{""napa_gold_filter"":""10358"",""stp_filter"":""S45014 / S45014XL"",""source_status"":""EXACT_PRIOR_YEAR_CONTINUITY — Engine Oil: exact 2023 continuity; Oil Capacity: exact 2023 continuity; Oil Plug Torque: exact 2023 continuity. WIX official application matched; NAPA Gold cross-reference derived from WIX/NAPA convention; STP product-level cross-reference validated."",""verification_status"":""incomplete"",""source_files"":""fulloilandfilter2022to2027;release_2022_2027_final_audit""}",incomplete,oil_type;oil_capacity,2026|bmw|320i|turbo2
44a5b25fd774dbd89eb90563,2026,BMW,330i,Turbo 2,,,WL7522,,consolidated:full_oil_filter_workbook,"{""napa_gold_filter"":""7522"",""stp_filter"":""S11885"",""source_status"":""EXACT_PRIOR_YEAR_CONTINUITY — Engine Oil: exact 2025 continuity; Oil Capacity: exact 2025 continuity; Oil Plug Torque: exact 2025 continuity. WIX official application matched; NAPA Gold cross-reference derived from WIX/NAPA convention; STP product-level cross-reference validated."",""verification_status"":""incomplete"",""source_files"":""fulloilandfilter2022to2027;release_2022_2027_final_audit""}",incomplete,oil_type;oil_capacity,2026|bmw|330i|turbo2
5c01745c5236c0283ee15959,2026,BMW,330i xDrive,Turbo 2,,,WL10358,,consolidated:full_oil_filter_workbook,"{""napa_gold_filter"":""10358"",""stp_filter"":""S45014 / S45014XL"",""source_status"":""EXACT_PRIOR_YEAR_CONTINUITY — Engine Oil: exact 2025 continuity; Oil Capacity: exact 2025 continuity; Oil Plug Torque: exact 2025 continuity. WIX official application matched; NAPA Gold cross-reference derived from WIX/NAPA convention; STP product-level cross-reference validated."",""verification_status"":""incomplete"",""source_files"":""fulloilandfilter2022to2027;release_2022_2027_final_audit""}",incomplete,oil_type;oil_capacity,2026|bmw|330ixdrive|turbo2
fca244811aead5514afa9a2e,2026,BMW,430i,Turbo 2,,,WL10358,,consolidated:full_oil_filter_workbook,"{""napa_gold_filter"":""10358"",""stp_filter"":""S45014 / S45014XL"",""source_status"":""EXACT_PRIOR_YEAR_CONTINUITY — Engine Oil: exact 2025 continuity; Oil Capacity: exact 2025 continuity; Oil Plug Torque: exact 2025 continuity. WIX official application matched; NAPA Gold cross-reference derived from WIX/NAPA convention; STP product-level cross-reference validated."",""verification_status"":""incomplete"",""source_files"":""fulloilandfilter2022to2027;release_2022_2027_final_audit""}",incomplete,oil_type;oil_capacity,2026|bmw|430i|turbo2
c77bbe3f1228fed9adfbe274,2026,BMW,430i Gran Coupe,Turbo 2,,,WL10358,,consolidated:full_oil_filter_workbook,"{""napa_gold_filter"":""10358"",""stp_filter"":""S45014 / S45014XL"",""source_status"":""EXACT_PRIOR_YEAR_CONTINUITY — Engine Oil: exact 2025 continuity; Oil Capacity: exact 2025 continuity; Oil Plug Torque: exact 2025 continuity. WIX official application matched; NAPA Gold cross-reference derived from WIX/NAPA convention; STP product-level cross-reference validated."",""verification_status"":""incomplete"",""source_files"":""fulloilandfilter2022to2027;release_2022_2027_final_audit""}",incomplete,oil_type;oil_capacity,2026|bmw|430igrancoupe|turbo2
5abe16bed0ba472b1c381e65,2026,BMW,430i xDrive,Turbo 2,,,WL10358,,consolidated:full_oil_filter_workbook,"{""napa_gold_filter"":""10358"",""stp_filter"":""S45014 / S45014XL"",""source_status"":""EXACT_PRIOR_YEAR_CONTINUITY — Engine Oil: exact 2025 continuity; Oil Capacity: exact 2025 continuity; Oil Plug Torque: exact 2025 continuity. WIX official application matched; NAPA Gold cross-reference derived from WIX/NAPA convention; STP product-level cross-reference validated."",""verification_status"":""incomplete"",""source_files"":""fulloilandfilter2022to2027;release_2022_2027_final_audit""}",incomplete,oil_type;oil_capacity,2026|bmw|430ixdrive|turbo2
f9588121a3077b1d71e5ee51,2026,BMW,430i xDrive Gran Coupe,Turbo 2,,,WL10358,,consolidated:full_oil_filter_workbook,"{""napa_gold_filter"":""10358"",""stp_filter"":""S45014 / S45014XL"",""source_status"":""EXACT_PRIOR_YEAR_CONTINUITY — Engine Oil: exact 2025 continuity; Oil Capacity: exact 2025 continuity; Oil Plug Torque: exact 2025 continuity. WIX official application matched; NAPA Gold cross-reference derived from WIX/NAPA convention; STP product-level cross-reference validated."",""verification_status"":""incomplete"",""source_files"":""fulloilandfilter2022to2027;release_2022_2027_final_audit""}",incomplete,oil_type;oil_capacity,2026|bmw|430ixdrivegrancoupe|turbo2
191e4836a9a72d7ea0c06dc2,2026,BMW,530I,Turbo 2,,,WL10358,,consolidated:full_oil_filter_workbook,"{""napa_gold_filter"":""10358"",""stp_filter"":""S45014 / S45014XL"",""source_status"":""EXACT_PRIOR_YEAR_CONTINUITY — Engine Oil: exact 2025 continuity; Oil Capacity: exact 2025 continuity; Oil Plug Torque: exact 2025 continuity. WIX official application matched; NAPA Gold cross-reference derived from WIX/NAPA convention; STP product-level cross-reference validated."",""verification_status"":""incomplete"",""source_files"":""fulloilandfilter2022to2027;release_2022_2027_final_audit""}",incomplete,oil_type;oil_capacity,2026|bmw|530i|turbo2
6448769877ef3a69b7022837,2026,BMW,530e,Turbo 2,,,WL10358,,consolidated:full_oil_filter_workbook,"{""napa_gold_filter"":""10358"",""stp_filter"":""S45014 / S45014XL"",""source_status"":""EXACT_PRIOR_YEAR_CONTINUITY — Engine Oil: exact 2023 continuity; Oil Capacity: exact 2023 continuity; Oil Plug Torque: exact 2023 continuity. WIX official application matched; NAPA Gold cross-reference derived from WIX/NAPA convention; STP product-level cross-reference validated."",""verification_status"":""incomplete"",""source_files"":""fulloilandfilter2022to2027;release_2022_2027_final_audit""}",incomplete,oil_type;oil_capacity,2026|bmw|530e|turbo2
54c029af3a9fc950c2f32c33,2026,BMW,530i xDrive,Turbo 2,,,WL10358,,consolidated:full_oil_filter_workbook,"{""napa_gold_filter"":""10358"",""stp_filter"":""S45014 / S45014XL"",""source_status"":""EXACT_PRIOR_YEAR_CONTINUITY — Engine Oil: exact 2025 continuity; Oil Capacity: exact 2025 continuity; Oil Plug Torque: exact 2025 continuity. WIX official application matched; NAPA Gold cross-reference derived from WIX/NAPA convention; STP product-level cross-reference validated."",""verification_status"":""incomplete"",""source_files"":""fulloilandfilter2022to2027;release_2022_2027_final_audit""}",incomplete,oil_type;oil_capacity,2026|bmw|530ixdrive|turbo2
a8cc0b7a233d9870cea06336,2026,BMW,540i xDrive,Turbo 3,,,WL10342,,consolidated:full_oil_filter_workbook,"{""napa_gold_filter"":""10342"",""stp_filter"":""S90186 / S90186XL"",""source_status"":""EXACT_PRIOR_YEAR_CONTINUITY — Engine Oil: exact 2025 continuity; Oil Capacity: exact 2025 continuity; Oil Plug Torque: exact 2025 continuity. WIX official application matched; NAPA Gold cross-reference derived from WIX/NAPA convention; STP product-level cross-reference validated."",""verification_status"":""incomplete"",""source_files"":""fulloilandfilter2022to2027;release_2022_2027_final_audit""}",incomplete,oil_type;oil_capacity,2026|bmw|540ixdrive|turbo3
47d5dd036783fc7370e6bb2e,2026,BMW,550e XDrive,Turbo 3,,,WL10342,,consolidated:full_oil_filter_workbook,"{""napa_gold_filter"":""10342"",""stp_filter"":""S90186 / S90186XL"",""source_status"":""EXACT_PRIOR_YEAR_CONTINUITY — Engine Oil: exact 2025 continuity; Oil Capacity: exact 2025 continuity; Oil Plug Torque: exact 2025 continuity. WIX official application matched; NAPA Gold cross-reference derived from WIX/NAPA convention; STP product-level cross-reference validated."",""verification_status"":""incomplete"",""source_files"":""fulloilandfilter2022to2027;release_2022_2027_final_audit""}",incomplete,oil_type;oil_capacity,2026|bmw|550exdrive|turbo3
acefd8cccd89497a09a2be85,2026,BMW,740I,Turbo 3,,,WL10342,,consolidated:full_oil_filter_workbook,"{""napa_gold_filter"":""10342"",""stp_filter"":""S90186 / S90186XL"",""source_status"":""EXACT_PRIOR_YEAR_CONTINUITY — Engine Oil: exact 2025 continuity; Oil Capacity: exact 2025 continuity; Oil Plug Torque: exact 2025 continuity. WIX official application matched; NAPA Gold cross-reference derived from WIX/NAPA convention; STP product-level cross-reference validated."",""verification_status"":""incomplete"",""source_files"":""fulloilandfilter2022to2027;release_2022_2027_final_audit""}",incomplete,oil_type;oil_capacity,2026|bmw|740i|turbo3
c5b58b552a88df9c535b0da1,2026,BMW,740i xDrive,Turbo 3,,,WL10342,,consolidated:full_oil_filter_workbook,"{""napa_gold_filter"":""10342"",""stp_filter"":""S90186 / S90186XL"",""source_status"":""EXACT_PRIOR_YEAR_CONTINUITY — Engine Oil: exact 2025 continuity; Oil Capacity: exact 2025 continuity; Oil Plug Torque: exact 2025 continuity. WIX official application matched; NAPA Gold cross-reference derived from WIX/NAPA convention; STP product-level cross-reference validated."",""verification_status"":""incomplete"",""source_files"":""fulloilandfilter2022to2027;release_2022_2027_final_audit""}",incomplete,oil_type;oil_capacity,2026|bmw|740ixdrive|turbo3
93855a1c7f3e61f6fb1f592f,2026,BMW,M135I,Turbo 2,,,WL7522,,consolidated:full_oil_filter_workbook,"{""napa_gold_filter"":""7522"",""stp_filter"":""S11885"",""source_status"":""ENGINE_FILTER_FAMILY_CONTINUITY — Engine Oil: 11/11 same engine/filter family; Oil Capacity: 11/11 same engine/filter family; Oil Plug Torque: 11/11 same engine/filter family. WIX official application matched; NAPA Gold cross-reference derived from WIX/NAPA convention; STP product-level cross-reference validated."",""verification_status"":""incomplete"",""source_files"":""fulloilandfilter2022to2027;release_2022_2027_final_audit""}",incomplete,oil_type;oil_capacity,2026|bmw|m135i|turbo2
e261beefcd51e82e6867c572,2026,BMW,M2,Turbo 3,,,WL10656,,consolidated:full_oil_filter_workbook,"{""napa_gold_filter"":""10656"",""source_status"":""EXACT_PRIOR_YEAR_CONTINUITY — Engine Oil: exact 2025 continuity; Oil Capacity: exact 2025 continuity; Oil Plug Torque: exact 2025 continuity. WIX official application matched; NAPA Gold cross-reference derived from WIX/NAPA convention; STP cross-reference not verified."",""verification_status"":""incomplete"",""source_files"":""fulloilandfilter2022to2027;release_2022_2027_final_audit""}",incomplete,oil_type;oil_capacity;stp_filter,2026|bmw|m2|turbo3
5cf12a581944df2271b76961,2026,BMW,M235 xDrive Gran Coupe,Turbo 2,,,WL7522,,consolidated:full_oil_filter_workbook,"{""napa_gold_filter"":""7522"",""stp_filter"":""S11885"",""source_status"":""EXACT_PRIOR_YEAR_CONTINUITY — Engine Oil: exact 2025 continuity; Oil Capacity: exact 2025 continuity; Oil Plug Torque: exact 2025 continuity. WIX official application matched; NAPA Gold cross-reference derived from WIX/NAPA convention; STP product-level cross-reference validated."",""verification_status"":""incomplete"",""source_files"":""fulloilandfilter2022to2027;release_2022_2027_final_audit""}",incomplete,oil_type;oil_capacity,2026|bmw|m235xdrivegrancoupe|turbo2
1b46f3144fbf1064a08759fa,2026,BMW,M235i xDrive Gran Coupe,Turbo 2,,,WL7522,,consolidated:full_oil_filter_workbook,"{""napa_gold_filter"":""7522"",""stp_filter"":""S11885"",""source_status"":""EXACT_PRIOR_YEAR_CONTINUITY — Engine Oil: exact 2025 continuity; Oil Capacity: exact 2025 continuity; Oil Plug Torque: exact 2025 continuity. WIX official application matched; NAPA Gold cross-reference derived from WIX/NAPA convention; STP product-level cross-reference validated."",""verification_status"":""incomplete"",""source_files"":""fulloilandfilter2022to2027;release_2022_2027_final_audit""}",incomplete,oil_type;oil_capacity,2026|bmw|m235ixdrivegrancoupe|turbo2
f607b01109655337ccf1ea90,2026,BMW,M240i,Turbo 3,,,WL10342,,consolidated:full_oil_filter_workbook,"{""napa_gold_filter"":""10342"",""stp_filter"":""S90186 / S90186XL"",""source_status"":""EXACT_PRIOR_YEAR_CONTINUITY — Engine Oil: exact 2025 continuity; Oil Capacity: exact 2025 continuity; Oil Plug Torque: exact 2025 continuity. WIX official application matched; NAPA Gold cross-reference derived from WIX/NAPA convention; STP product-level cross-reference validated."",""verification_status"":""incomplete"",""source_files"":""fulloilandfilter2022to2027;release_2022_2027_final_audit""}",incomplete,oil_type;oil_capacity,2026|bmw|m240i|turbo3
aecac12ccd4471fdb1092127,2026,BMW,M3,Turbo 3,,,WL10656,,consolidated:full_oil_filter_workbook,"{""napa_gold_filter"":""10656"",""source_status"":""EXACT_PRIOR_YEAR_CONTINUITY — Engine Oil: exact 2025 continuity; Oil Capacity: exact 2025 continuity; Oil Plug Torque: exact 2025 continuity. WIX official application matched; NAPA Gold cross-reference derived from WIX/NAPA convention; STP cross-reference not verified."",""verification_status"":""incomplete"",""source_files"":""fulloilandfilter2022to2027;release_2022_2027_final_audit""}",incomplete,oil_type;oil_capacity;stp_filter,2026|bmw|m3|turbo3
81eb9ab4a522f4f38774ec16,2026,BMW,M340i,Turbo 3,,,WL10342,,consolidated:full_oil_filter_workbook,"{""napa_gold_filter"":""10342"",""stp_filter"":""S90186 / S90186XL"",""source_status"":""ENGINE_FILTER_FAMILY_CONTINUITY — Engine Oil: 42/42 same engine/filter family; Oil Capacity: 42/42 same engine/filter family; Oil Plug Torque: 42/42 same engine/filter family. WIX official application matched; NAPA Gold cross-reference derived from WIX/NAPA convention; STP product-level cross-reference validated."",""verification_status"":""incomplete"",""source_files"":""fulloilandfilter2022to2027;release_2022_2027_final_audit""}",incomplete,oil_type;oil_capacity,2026|bmw|m340i|turbo3
e276224e25ef6fb15a9b7b3b,2026,BMW,M340i xDrive,Turbo 3,,,WL10342,,consolidated:full_oil_filter_workbook,"{""napa_gold_filter"":""10342"",""stp_filter"":""S90186 / S90186XL"",""source_status"":""ENGINE_FILTER_FAMILY_CONTINUITY — Engine Oil: 43/43 same engine/filter family; Oil Capacity: 43/43 same engine/filter family; Oil Plug Torque: 43/43 same engine/filter family. WIX official application matched; NAPA Gold cross-reference derived from WIX/NAPA convention; STP product-level cross-reference validated."",""verification_status"":""incomplete"",""source_files"":""fulloilandfilter2022to2027;release_2022_2027_final_audit""}",incomplete,oil_type;oil_capacity,2026|bmw|m340ixdrive|turbo3
be241e84d6fc044ff8bf72df,2026,BMW,M4,Turbo 3,,,WL10656,,consolidated:full_oil_filter_workbook,"{""napa_gold_filter"":""10656"",""source_status"":""EXACT_PRIOR_YEAR_CONTINUITY — Engine Oil: exact 2025 continuity; Oil Capacity: exact 2025 continuity; Oil Plug Torque: exact 2025 continuity. WIX official application matched; NAPA Gold cross-reference derived from WIX/NAPA convention; STP cross-reference not verified."",""verification_status"":""incomplete"",""source_files"":""fulloilandfilter2022to2027;release_2022_2027_final_audit""}",incomplete,oil_type;oil_capacity;stp_filter,2026|bmw|m4|turbo3
f8e6ffd4125a85a3c7b2317d,2026,BMW,X1,1.5,,,WL10518,,consolidated:full_oil_filter_workbook,"{""napa_gold_filter"":""10518"",""stp_filter"":""S45018"",""source_status"":""EXACT_PRIOR_YEAR_CONTINUITY — Engine Oil: exact 2024 continuity; Oil Capacity: exact 2024 continuity; Oil Plug Torque: exact 2024 continuity. WIX official application matched; NAPA Gold cross-reference derived from WIX/NAPA convention; STP product-level cross-reference validated."",""verification_status"":""incomplete"",""source_files"":""fulloilandfilter2022to2027;release_2022_2027_final_audit""}",incomplete,oil_type;oil_capacity,2026|bmw|x1|15
216da13ff0347a470570cb4a,2026,BMW,X1,Turbo 2,,,WL7522,,consolidated:full_oil_filter_workbook,"{""napa_gold_filter"":""7522"",""stp_filter"":""S11885"",""source_status"":""EXACT_PRIOR_YEAR_CONTINUITY — Engine Oil: exact 2025 continuity; Oil Capacity: exact 2025 continuity; Oil Plug Torque: exact 2025 continuity. WIX official application matched; NAPA Gold cross-reference derived from WIX/NAPA convention; STP product-level cross-reference validated."",""verification_status"":""incomplete"",""source_files"":""fulloilandfilter2022to2027;release_2022_2027_final_audit""}",incomplete,oil_type;oil_capacity,2026|bmw|x1|turbo2
73824a6b556eb1f43d8c9581,2026,BMW,X2,Turbo 2,,,WL7522,,consolidated:full_oil_filter_workbook,"{""napa_gold_filter"":""7522"",""stp_filter"":""S11885"",""source_status"":""EXACT_PRIOR_YEAR_CONTINUITY — Engine Oil: exact 2025 continuity; Oil Capacity: exact 2025 continuity; Oil Plug Torque: exact 2025 continuity. WIX official application matched; NAPA Gold cross-reference derived from WIX/NAPA convention; STP product-level cross-reference validated."",""verification_status"":""incomplete"",""source_files"":""fulloilandfilter2022to2027;release_2022_2027_final_audit""}",incomplete,oil_type;oil_capacity,2026|bmw|x2|turbo2
480dc3bd942361c031464918,2026,BMW,X3,Turbo 2,,,WL10358,,consolidated:full_oil_filter_workbook,"{""napa_gold_filter"":""10358"",""stp_filter"":""S45014 / S45014XL"",""source_status"":""EXACT_PRIOR_YEAR_CONTINUITY — Engine Oil: exact 2025 continuity; Oil Capacity: exact 2025 continuity; Oil Plug Torque: exact 2025 continuity. WIX official application matched; NAPA Gold cross-reference derived from WIX/NAPA convention; STP product-level cross-reference validated."",""verification_status"":""incomplete"",""source_files"":""fulloilandfilter2022to2027;release_2022_2027_final_audit""}",incomplete,oil_type;oil_capacity,2026|bmw|x3|turbo2
0260c323e02f77df194d393b,2026,BMW,X3,Turbo 3,,,WL10342,,consolidated:full_oil_filter_workbook,"{""napa_gold_filter"":""10342"",""stp_filter"":""S90186 / S90186XL"",""source_status"":""EXACT_PRIOR_YEAR_CONTINUITY — Engine Oil: exact 2025 continuity; Oil Capacity: exact 2025 continuity; Oil Plug Torque: exact 2025 continuity. WIX official application matched; NAPA Gold cross-reference derived from WIX/NAPA convention; STP product-level cross-reference validated."",""verification_status"":""incomplete"",""source_files"":""fulloilandfilter2022to2027;release_2022_2027_final_audit""}",incomplete,oil_type;oil_capacity,2026|bmw|x3|turbo3
da419e3ce74205a6a2a00968,2026,BMW,Z4,Turbo 2,,,WL10358,,consolidated:full_oil_filter_workbook,"{""napa_gold_filter"":""10358"",""stp_filter"":""S45014 / S45014XL"",""source_status"":""EXACT_PRIOR_YEAR_CONTINUITY — Engine Oil: exact 2025 continuity; Oil Capacity: exact 2025 continuity; Oil Plug Torque: exact 2025 continuity. WIX official application matched; NAPA Gold cross-reference derived from WIX/NAPA convention; STP product-level cross-reference validated."",""verification_status"":""incomplete"",""source_files"":""fulloilandfilter2022to2027;release_2022_2027_final_audit""}",incomplete,oil_type;oil_capacity,2026|bmw|z4|turbo2
0b5686de9e8032e54251aa14,2026,BMW,Z4,Turbo 3,,,WL10342,,consolidated:full_oil_filter_workbook,"{""napa_gold_filter"":""10342"",""stp_filter"":""S90186 / S90186XL"",""source_status"":""EXACT_PRIOR_YEAR_CONTINUITY — Engine Oil: exact 2025 continuity; Oil Capacity: exact 2025 continuity; Oil Plug Torque: exact 2025 continuity. WIX official application matched; NAPA Gold cross-reference derived from WIX/NAPA convention; STP product-level cross-reference validated."",""verification_status"":""incomplete"",""source_files"":""fulloilandfilter2022to2027;release_2022_2027_final_audit""}",incomplete,oil_type;oil_capacity,2026|bmw|z4|turbo3
1fd016e0ef1d2a249325bba2,2026,Buick,Enclave,Turbo 2.5,,,WL10351,,consolidated:full_oil_filter_workbook,"{""napa_gold_filter"":""10351"",""stp_filter"":""S45008"",""source_status"":""EXACT_PRIOR_YEAR_CONTINUITY — Engine Oil: exact 2025 continuity; Oil Capacity: exact 2025 continuity; Oil Plug Torque: exact 2025 continuity. WIX official application matched; NAPA Gold cross-reference derived from WIX/NAPA convention; STP product-level cross-reference validated."",""verification_status"":""incomplete"",""source_files"":""fulloilandfilter2022to2027;release_2022_2027_final_audit""}",incomplete,oil_type;oil_capacity,2026|buick|enclave|turbo25
52505387721c36850309d432,2026,Buick,Envision,Turbo 2,,,WL10351,,consolidated:full_oil_filter_workbook,"{""napa_gold_filter"":""10351"",""stp_filter"":""S45008"",""source_status"":""EXACT_PRIOR_YEAR_CONTINUITY — Engine Oil: exact 2025 continuity; Oil Capacity: exact 2025 continuity; Oil Plug Torque: exact 2025 continuity. WIX official application matched; NAPA Gold cross-reference derived from WIX/NAPA convention; STP product-level cross-reference validated."",""verification_status"":""incomplete"",""source_files"":""fulloilandfilter2022to2027;release_2022_2027_final_audit""}",incomplete,oil_type;oil_capacity,2026|buick|envision|turbo2
0ee1f5dbcaa172f104c9710a,2026,Cadillac,Ct4,Turbo 2,,,WL10351,,consolidated:full_oil_filter_workbook,"{""napa_gold_filter"":""10351"",""stp_filter"":""S45008"",""source_status"":""EXACT_PRIOR_YEAR_CONTINUITY — Engine Oil: exact 2025 continuity; Oil Capacity: exact 2025 continuity; Oil Plug Torque: exact 2025 continuity. WIX official application matched; NAPA Gold cross-reference derived from WIX/NAPA convention; STP product-level cross-reference validated."",""verification_status"":""incomplete"",""source_files"":""fulloilandfilter2022to2027;release_2022_2027_final_audit""}",incomplete,oil_type;oil_capacity,2026|cadillac|ct4|turbo2
15c4b90c00bfc6286d1864b9,2026,Cadillac,Ct5,6.2,,,WL10290,,consolidated:full_oil_filter_workbook,"{""napa_gold_filter"":""10290"",""stp_filter"":""S12060 / S12060XL"",""source_status"":""EXACT_PRIOR_YEAR_CONTINUITY — Engine Oil: exact 2025 continuity; Oil Capacity: exact 2025 continuity; Oil Plug Torque: exact 2025 continuity. WIX official application matched; NAPA Gold cross-reference derived from WIX/NAPA convention; STP product-level cross-reference validated."",""verification_status"":""incomplete"",""source_files"":""fulloilandfilter2022to2027;release_2022_2027_final_audit""}",incomplete,oil_type;oil_capacity,2026|cadillac|ct5|62
ba5d73c2e75f82d4bd005474,2026,Cadillac,Ct5,Turbo 2,,,WL10351,,consolidated:full_oil_filter_workbook,"{""napa_gold_filter"":""10351"",""stp_filter"":""S45008"",""source_status"":""EXACT_PRIOR_YEAR_CONTINUITY — Engine Oil: exact 2025 continuity; Oil Capacity: exact 2025 continuity; Oil Plug Torque: exact 2025 continuity. WIX official application matched; NAPA Gold cross-reference derived from WIX/NAPA convention; STP product-level cross-reference validated."",""verification_status"":""incomplete"",""source_files"":""fulloilandfilter2022to2027;release_2022_2027_final_audit""}",incomplete,oil_type;oil_capacity,2026|cadillac|ct5|turbo2
98b89802f0e51b16ad2290a6,2026,Cadillac,Ct5,Turbo 3,,,WL10255,,consolidated:full_oil_filter_workbook,"{""napa_gold_filter"":""10255"",""stp_filter"":""S45013"",""source_status"":""EXACT_PRIOR_YEAR_CONTINUITY — Engine Oil: exact 2025 continuity; Oil Capacity: exact 2025 continuity; Oil Plug Torque: exact 2025 continuity. WIX official application matched; NAPA Gold cross-reference derived from WIX/NAPA convention; STP product-level cross-reference validated."",""verification_status"":""incomplete"",""source_files"":""fulloilandfilter2022to2027;release_2022_2027_final_audit""}",incomplete,oil_type;oil_capacity,2026|cadillac|ct5|turbo3
773f4b634ce464ed348680e9,2026,Cadillac,Xt5,Turbo 2,,,WL10351,,consolidated:full_oil_filter_workbook,"{""napa_gold_filter"":""10351"",""stp_filter"":""S45008"",""source_status"":""EXACT_PRIOR_YEAR_CONTINUITY — Engine Oil: exact 2025 continuity; Oil Capacity: exact 2025 continuity; Oil Plug Torque: exact 2025 continuity. WIX official application matched; NAPA Gold cross-reference derived from WIX/NAPA convention; STP product-level cross-reference validated."",""verification_status"":""incomplete"",""source_files"":""fulloilandfilter2022to2027;release_2022_2027_final_audit""}",incomplete,oil_type;oil_capacity,2026|cadillac|xt5|turbo2
527894a403fcf194b124292b,2026,Chevrolet,Blazer,Turbo 2,,,WL10351,,consolidated:full_oil_filter_workbook,"{""napa_gold_filter"":""10351"",""stp_filter"":""S45008"",""source_status"":""EXACT_PRIOR_YEAR_CONTINUITY — Engine Oil: exact 2025 continuity; Oil Capacity: exact 2025 continuity; Oil Plug Torque: exact 2025 continuity. WIX official application matched; NAPA Gold cross-reference derived from WIX/NAPA convention; STP product-level cross-reference validated."",""verification_status"":""incomplete"",""source_files"":""fulloilandfilter2022to2027;release_2022_2027_final_audit""}",incomplete,oil_type;oil_capacity,2026|chevrolet|blazer|turbo2
6b6319057c85ad91890778d7,2026,Chevrolet,Colorado,Turbo 2.7,,,WL10351,,consolidated:full_oil_filter_workbook,"{""napa_gold_filter"":""10351"",""stp_filter"":""S45008"",""source_status"":""EXACT_PRIOR_YEAR_CONTINUITY — Engine Oil: exact 2025 continuity; Oil Capacity: exact 2025 continuity; Oil Plug Torque: exact 2025 continuity. WIX official application matched; NAPA Gold cross-reference derived from WIX/NAPA convention; STP product-level cross-reference validated."",""verification_status"":""incomplete"",""source_files"":""fulloilandfilter2022to2027;release_2022_2027_final_audit""}",incomplete,oil_type;oil_capacity,2026|chevrolet|colorado|turbo27
83741dc0e18eac4d225a8fa2,2026,Chevrolet,Corvette,Hybrid 6.2,,,WL10290,,consolidated:full_oil_filter_workbook,"{""napa_gold_filter"":""10290"",""stp_filter"":""S12060 / S12060XL"",""source_status"":""EXACT_PRIOR_YEAR_CONTINUITY — Engine Oil: exact 2025 continuity; Oil Capacity: exact 2025 continuity; Oil Plug Torque: exact 2025 continuity. WIX official application matched; NAPA Gold cross-reference derived from WIX/NAPA convention; STP product-level cross-reference validated."",""verification_status"":""incomplete"",""source_files"":""fulloilandfilter2022to2027;release_2022_2027_final_audit""}",incomplete,oil_type;oil_capacity,2026|chevrolet|corvette|hybrid62
483e74c9da41dd30a70a84d4,2026,Chevrolet,Express 2500,4.3,,,WL10255,,consolidated:full_oil_filter_workbook,"{""napa_gold_filter"":""10255"",""stp_filter"":""S45013"",""source_status"":""EXACT_PRIOR_YEAR_CONTINUITY — Engine Oil: exact 2025 continuity; Oil Capacity: exact 2025 continuity; Oil Plug Torque: exact 2025 continuity. WIX official application matched; NAPA Gold cross-reference derived from WIX/NAPA convention; STP product-level cross-reference validated."",""verification_status"":""incomplete"",""source_files"":""fulloilandfilter2022to2027;release_2022_2027_final_audit""}",incomplete,oil_type;oil_capacity,2026|chevrolet|express2500|43
0407548b69f38eca693f2fd6,2026,Chevrolet,Express 2500,6.6,,,WL10255,,consolidated:full_oil_filter_workbook,"{""napa_gold_filter"":""10255"",""stp_filter"":""S45013"",""source_status"":""EXACT_PRIOR_YEAR_CONTINUITY — Engine Oil: exact 2025 continuity; Oil Capacity: exact 2025 continuity; Oil Plug Torque: exact 2025 continuity. WIX official application matched; NAPA Gold cross-reference derived from WIX/NAPA convention; STP product-level cross-reference validated."",""verification_status"":""incomplete"",""source_files"":""fulloilandfilter2022to2027;release_2022_2027_final_audit""}",incomplete,oil_type;oil_capacity,2026|chevrolet|express2500|66
ca9270c3746e3429e5a536b5,2026,Chevrolet,Express 3500,4.3,,,WL10255,,consolidated:full_oil_filter_workbook,"{""napa_gold_filter"":""10255"",""stp_filter"":""S45013"",""source_status"":""EXACT_PRIOR_YEAR_CONTINUITY — Engine Oil: exact 2025 continuity; Oil Capacity: exact 2025 continuity; Oil Plug Torque: exact 2025 continuity. WIX official application matched; NAPA Gold cross-reference derived from WIX/NAPA convention; STP product-level cross-reference validated."",""verification_status"":""incomplete"",""source_files"":""fulloilandfilter2022to2027;release_2022_2027_final_audit""}",incomplete,oil_type;oil_capacity,2026|chevrolet|express3500|43
74f8d24b5f098b6baaaadba6,2026,Chevrolet,Express 3500,6.6,,,WL10255,,consolidated:full_oil_filter_workbook,"{""napa_gold_filter"":""10255"",""stp_filter"":""S45013"",""source_status"":""EXACT_PRIOR_YEAR_CONTINUITY — Engine Oil: exact 2025 continuity; Oil Capacity: exact 2025 continuity; Oil Plug Torque: exact 2025 continuity. WIX official application matched; NAPA Gold cross-reference derived from WIX/NAPA convention; STP product-level cross-reference validated."",""verification_status"":""incomplete"",""source_files"":""fulloilandfilter2022to2027;release_2022_2027_final_audit""}",incomplete,oil_type;oil_capacity,2026|chevrolet|express3500|66
8a7e0aa0b3fca33001383ebf,2026,Chevrolet,Lcf 3500Hg,6.6,,,WL10255,,consolidated:full_oil_filter_workbook,"{""napa_gold_filter"":""10255"",""stp_filter"":""S45013"",""source_status"":""EXACT_PRIOR_YEAR_CONTINUITY — Engine Oil: exact 2025 continuity; Oil Capacity: exact 2025 continuity; Oil Plug Torque: exact 2025 continuity. WIX official application matched; NAPA Gold cross-reference derived from WIX/NAPA convention; STP product-level cross-reference validated."",""verification_status"":""incomplete"",""source_files"":""fulloilandfilter2022to2027;release_2022_2027_final_audit""}",incomplete,oil_type;oil_capacity,2026|chevrolet|lcf3500hg|66
fd4f6f5fc4585a8ee57dba72,2026,Chevrolet,Silverado 1500,5.3,,,WL10255,,consolidated:full_oil_filter_workbook,"{""napa_gold_filter"":""10255"",""stp_filter"":""S45013"",""source_status"":""EXACT_PRIOR_YEAR_CONTINUITY — Engine Oil: exact 2025 continuity; Oil Capacity: exact 2025 continuity; Oil Plug Torque: exact 2025 continuity. WIX official application matched; NAPA Gold cross-reference derived from WIX/NAPA convention; STP product-level cross-reference validated."",""verification_status"":""incomplete"",""source_files"":""fulloilandfilter2022to2027;release_2022_2027_final_audit""}",incomplete,oil_type;oil_capacity,2026|chevrolet|silverado1500|53
7907539ed149903dbaba40fc,2026,Chevrolet,Silverado 1500,6.2,,,WL10255,,consolidated:full_oil_filter_workbook,"{""napa_gold_filter"":""10255"",""stp_filter"":""S45013"",""source_status"":""EXACT_PRIOR_YEAR_CONTINUITY — Engine Oil: exact 2025 continuity; Oil Capacity: exact 2025 continuity; Oil Plug Torque: exact 2025 continuity. WIX official application matched; NAPA Gold cross-reference derived from WIX/NAPA convention; STP product-level cross-reference validated."",""verification_status"":""incomplete"",""source_files"":""fulloilandfilter2022to2027;release_2022_2027_final_audit""}",incomplete,oil_type;oil_capacity,2026|chevrolet|silverado1500|62
45271f7319d90e57e2429ae9,2026,Chevrolet,Silverado 1500,Diesel 3,,,WL10351,,consolidated:full_oil_filter_workbook,"{""napa_gold_filter"":""10351"",""stp_filter"":""S45008"",""source_status"":""EXACT_PRIOR_YEAR_CONTINUITY — Engine Oil: exact 2025 continuity; Oil Capacity: exact 2025 continuity; Oil Plug Torque: exact 2025 continuity. WIX official application matched; NAPA Gold cross-reference derived from WIX/NAPA convention; STP product-level cross-reference validated."",""verification_status"":""incomplete"",""source_files"":""fulloilandfilter2022to2027;release_2022_2027_final_audit""}",incomplete,oil_type;oil_capacity,2026|chevrolet|silverado1500|diesel3
61d8df1651019efc44fd5c36,2026,Chevrolet,Silverado 1500,Turbo 2.7,,,WL10351,,consolidated:full_oil_filter_workbook,"{""napa_gold_filter"":""10351"",""stp_filter"":""S45008"",""source_status"":""EXACT_PRIOR_YEAR_CONTINUITY — Engine Oil: exact 2025 continuity; Oil Capacity: exact 2025 continuity; Oil Plug Torque: exact 2025 continuity. WIX official application matched; NAPA Gold cross-reference derived from WIX/NAPA convention; STP product-level cross-reference validated."",""verification_status"":""incomplete"",""source_files"":""fulloilandfilter2022to2027;release_2022_2027_final_audit""}",incomplete,oil_type;oil_capacity,2026|chevrolet|silverado1500|turbo27
04f9ac967456ef2e8db6c3da,2026,Chevrolet,Silverado 2500Hd,6.6,,,WL10255,,consolidated:full_oil_filter_workbook,"{""napa_gold_filter"":""10255"",""stp_filter"":""S45013"",""source_status"":""EXACT_PRIOR_YEAR_CONTINUITY — Engine Oil: exact 2025 continuity; Oil Capacity: exact 2025 continuity; Oil Plug Torque: exact 2025 continuity. WIX official application matched; NAPA Gold cross-reference derived from WIX/NAPA convention; STP product-level cross-reference validated."",""verification_status"":""incomplete"",""source_files"":""fulloilandfilter2022to2027;release_2022_2027_final_audit""}",incomplete,oil_type;oil_capacity,2026|chevrolet|silverado2500hd|66
deaf989ed181e7a86945b717,2026,Chevrolet,Silverado 2500Hd,Diesel 6.6,,,WL10255,,consolidated:full_oil_filter_workbook,"{""napa_gold_filter"":""10255"",""stp_filter"":""S45013"",""source_status"":""EXACT_PRIOR_YEAR_CONTINUITY — Engine Oil: exact 2025 continuity; Oil Capacity: exact 2025 continuity; Oil Plug Torque: exact 2025 continuity. WIX official application matched; NAPA Gold cross-reference derived from WIX/NAPA convention; STP product-level cross-reference validated."",""verification_status"":""incomplete"",""source_files"":""fulloilandfilter2022to2027;release_2022_2027_final_audit""}",incomplete,oil_type;oil_capacity,2026|chevrolet|silverado2500hd|diesel66
ddab51131ce91c4aeeb07f76,2026,Chevrolet,Silverado 3500Hd,6.6,,,WL10255,,consolidated:full_oil_filter_workbook,"{""napa_gold_filter"":""10255"",""stp_filter"":""S45013"",""source_status"":""EXACT_PRIOR_YEAR_CONTINUITY — Engine Oil: exact 2025 continuity; Oil Capacity: exact 2025 continuity; Oil Plug Torque: exact 2025 continuity. WIX official application matched; NAPA Gold cross-reference derived from WIX/NAPA convention; STP product-level cross-reference validated."",""verification_status"":""incomplete"",""source_files"":""fulloilandfilter2022to2027;release_2022_2027_final_audit""}",incomplete,oil_type;oil_capacity,2026|chevrolet|silverado3500hd|66
2bb6964f2c1c9a882a4aed1d,2026,Chevrolet,Silverado 3500Hd,Diesel 6.6,,,WL10255,,consolidated:full_oil_filter_workbook,"{""napa_gold_filter"":""10255"",""stp_filter"":""S45013"",""source_status"":""EXACT_PRIOR_YEAR_CONTINUITY — Engine Oil: exact 2025 continuity; Oil Capacity: exact 2025 continuity; Oil Plug Torque: exact 2025 continuity. WIX official application matched; NAPA Gold cross-reference derived from WIX/NAPA convention; STP product-level cross-reference validated."",""verification_status"":""incomplete"",""source_files"":""fulloilandfilter2022to2027;release_2022_2027_final_audit""}",incomplete,oil_type;oil_capacity,2026|chevrolet|silverado3500hd|diesel66
85d9f6c0d72b499cc5fe51d5,2026,Chevrolet,Silverado 4500 HD,Diesel 6.6,,,WL10255,,consolidated:full_oil_filter_workbook,"{""napa_gold_filter"":""10255"",""stp_filter"":""S45013"",""source_status"":""EXACT_PRIOR_YEAR_CONTINUITY — Engine Oil: exact 2025 continuity; Oil Capacity: exact 2025 continuity; Oil Plug Torque: exact 2025 continuity. WIX official application matched; NAPA Gold cross-reference derived from WIX/NAPA convention; STP product-level cross-reference validated."",""verification_status"":""incomplete"",""source_files"":""fulloilandfilter2022to2027;release_2022_2027_final_audit""}",incomplete,oil_type;oil_capacity,2026|chevrolet|silverado4500hd|diesel66
c996a0e21d4628d69c48f75e,2026,Chevrolet,Suburban (All),5.3,,,WL10255,,consolidated:full_oil_filter_workbook,"{""napa_gold_filter"":""10255"",""stp_filter"":""S45013"",""source_status"":""EXACT_PRIOR_YEAR_CONTINUITY — Engine Oil: exact 2025 continuity; Oil Capacity: exact 2025 continuity; Oil Plug Torque: exact 2025 continuity. WIX official application matched; NAPA Gold cross-reference derived from WIX/NAPA convention; STP product-level cross-reference validated."",""verification_status"":""incomplete"",""source_files"":""fulloilandfilter2022to2027;release_2022_2027_final_audit""}",incomplete,oil_type;oil_capacity,2026|chevrolet|suburbanall|53
49a645129edf5fd7f607007f,2026,Chevrolet,Suburban (All),6.2,,,WL10255,,consolidated:full_oil_filter_workbook,"{""napa_gold_filter"":""10255"",""stp_filter"":""S45013"",""source_status"":""EXACT_PRIOR_YEAR_CONTINUITY — Engine Oil: exact 2025 continuity; Oil Capacity: exact 2025 continuity; Oil Plug Torque: exact 2025 continuity. WIX official application matched; NAPA Gold cross-reference derived from WIX/NAPA convention; STP product-level cross-reference validated."",""verification_status"":""incomplete"",""source_files"":""fulloilandfilter2022to2027;release_2022_2027_final_audit""}",incomplete,oil_type;oil_capacity,2026|chevrolet|suburbanall|62
9a1525ee1433ea796bb2ec83,2026,Chevrolet,Suburban (All),Diesel 3,,,WL10351,,consolidated:full_oil_filter_workbook,"{""napa_gold_filter"":""10351"",""stp_filter"":""S45008"",""source_status"":""EXACT_PRIOR_YEAR_CONTINUITY — Engine Oil: exact 2025 continuity; Oil Capacity: exact 2025 continuity; Oil Plug Torque: exact 2025 continuity. WIX official application matched; NAPA Gold cross-reference derived from WIX/NAPA convention; STP product-level cross-reference validated."",""verification_status"":""incomplete"",""source_files"":""fulloilandfilter2022to2027;release_2022_2027_final_audit""}",incomplete,oil_type;oil_capacity,2026|chevrolet|suburbanall|diesel3
931c06602e2f3186ea65bf72,2026,Chevrolet,Tahoe,5.3,,,WL10255,,consolidated:full_oil_filter_workbook,"{""napa_gold_filter"":""10255"",""stp_filter"":""S45013"",""source_status"":""EXACT_PRIOR_YEAR_CONTINUITY — Engine Oil: exact 2025 continuity; Oil Capacity: exact 2025 continuity; Oil Plug Torque: exact 2025 continuity. WIX official application matched; NAPA Gold cross-reference derived from WIX/NAPA convention; STP product-level cross-reference validated."",""verification_status"":""incomplete"",""source_files"":""fulloilandfilter2022to2027;release_2022_2027_final_audit""}",incomplete,oil_type;oil_capacity,2026|chevrolet|tahoe|53
6f2450fe6486104c30eeb62a,2026,Chevrolet,Tahoe,6.2,,,WL10255,,consolidated:full_oil_filter_workbook,"{""napa_gold_filter"":""10255"",""stp_filter"":""S45013"",""source_status"":""EXACT_PRIOR_YEAR_CONTINUITY — Engine Oil: exact 2025 continuity; Oil Capacity: exact 2025 continuity; Oil Plug Torque: exact 2025 continuity. WIX official application matched; NAPA Gold cross-reference derived from WIX/NAPA convention; STP product-level cross-reference validated."",""verification_status"":""incomplete"",""source_files"":""fulloilandfilter2022to2027;release_2022_2027_final_audit""}",incomplete,oil_type;oil_capacity,2026|chevrolet|tahoe|62
1eb96a18417b0d88cfe412eb,2026,Chevrolet,Tahoe,Diesel 3,,,WL10351,,consolidated:full_oil_filter_workbook,"{""napa_gold_filter"":""10351"",""stp_filter"":""S45008"",""source_status"":""EXACT_PRIOR_YEAR_CONTINUITY — Engine Oil: exact 2025 continuity; Oil Capacity: exact 2025 continuity; Oil Plug Torque: exact 2025 continuity. WIX official application matched; NAPA Gold cross-reference derived from WIX/NAPA convention; STP product-level cross-reference validated."",""verification_status"":""incomplete"",""source_files"":""fulloilandfilter2022to2027;release_2022_2027_final_audit""}",incomplete,oil_type;oil_capacity,2026|chevrolet|tahoe|diesel3
b20ffa9b55448c9eee2c97f0,2026,Chevrolet,Trailblazer,Turbo 1.2,,,WL10290,,consolidated:full_oil_filter_workbook,"{""napa_gold_filter"":""10290"",""stp_filter"":""S12060 / S12060XL"",""source_status"":""EXACT_PRIOR_YEAR_CONTINUITY — Engine Oil: exact 2025 continuity; Oil Capacity: exact 2025 continuity; Oil Plug Torque: exact 2025 continuity. WIX official application matched; NAPA Gold cross-reference derived from WIX/NAPA convention; STP product-level cross-reference validated."",""verification_status"":""incomplete"",""source_files"":""fulloilandfilter2022to2027;release_2022_2027_final_audit""}",incomplete,oil_type;oil_capacity,2026|chevrolet|trailblazer|turbo12
f552f136e19966769f0f43b9,2026,Chevrolet,Trailblazer,Turbo 1.3,,,WL10351,,consolidated:full_oil_filter_workbook,"{""napa_gold_filter"":""10351"",""stp_filter"":""S45008"",""source_status"":""EXACT_PRIOR_YEAR_CONTINUITY — Engine Oil: exact 2025 continuity; Oil Capacity: exact 2025 continuity; Oil Plug Torque: exact 2025 continuity. WIX official application matched; NAPA Gold cross-reference derived from WIX/NAPA convention; STP product-level cross-reference validated."",""verification_status"":""incomplete"",""source_files"":""fulloilandfilter2022to2027;release_2022_2027_final_audit""}",incomplete,oil_type;oil_capacity,2026|chevrolet|trailblazer|turbo13
d014043690bafdc6362dd1cf,2026,Chevrolet,Traverse,Turbo 2.5,,,WL10351,,consolidated:full_oil_filter_workbook,"{""napa_gold_filter"":""10351"",""stp_filter"":""S45008"",""source_status"":""EXACT_PRIOR_YEAR_CONTINUITY — Engine Oil: exact 2025 continuity; Oil Capacity: exact 2025 continuity; Oil Plug Torque: exact 2025 continuity. WIX official application matched; NAPA Gold cross-reference derived from WIX/NAPA convention; STP product-level cross-reference validated."",""verification_status"":""incomplete"",""source_files"":""fulloilandfilter2022to2027;release_2022_2027_final_audit""}",incomplete,oil_type;oil_capacity,2026|chevrolet|traverse|turbo25
4622dd4f29de1a5a778b14e5,2026,Chevrolet,Trax,Turbo 1.2,,,WL10290,,consolidated:full_oil_filter_workbook,"{""napa_gold_filter"":""10290"",""stp_filter"":""S12060 / S12060XL"",""source_status"":""EXACT_PRIOR_YEAR_CONTINUITY — Engine Oil: exact 2025 continuity; Oil Capacity: exact 2025 continuity; Oil Plug Torque: exact 2025 continuity. WIX official application matched; NAPA Gold cross-reference derived from WIX/NAPA convention; STP product-level cross-reference validated."",""verification_status"":""incomplete"",""source_files"":""fulloilandfilter2022to2027;release_2022_2027_final_audit""}",incomplete,oil_type;oil_capacity,2026|chevrolet|trax|turbo12
6af67d9a15f2b4ac1abf6f62,2026,Chevrolet Trucks,Blazer,Turbo 2,,,WL10351,,consolidated:full_oil_filter_workbook,"{""napa_gold_filter"":""10351"",""stp_filter"":""S45008"",""source_status"":""EXACT_PRIOR_YEAR_CONTINUITY — Engine Oil: exact 2025 continuity; Oil Capacity: exact 2025 continuity; Oil Plug Torque: exact 2025 continuity. WIX official application matched; NAPA Gold cross-reference derived from WIX/NAPA convention; STP product-level cross-reference validated."",""verification_status"":""incomplete"",""source_files"":""fulloilandfilter2022to2027;release_2022_2027_final_audit""}",incomplete,oil_type;oil_capacity,2026|chevrolettrucks|blazer|turbo2
a2fa33f46470bbc0b916ce1a,2026,Chevrolet Trucks,Corvette,6.2,,,WL10290,,consolidated:full_oil_filter_workbook,"{""napa_gold_filter"":""10290"",""stp_filter"":""S12060 / S12060XL"",""source_status"":""EXACT_PRIOR_YEAR_CONTINUITY — Engine Oil: exact 2025 continuity; Oil Capacity: exact 2025 continuity; Oil Plug Torque: exact 2025 continuity. WIX official application matched; NAPA Gold cross-reference derived from WIX/NAPA convention; STP product-level cross-reference validated."",""verification_status"":""incomplete"",""source_files"":""fulloilandfilter2022to2027;release_2022_2027_final_audit""}",incomplete,oil_type;oil_capacity,2026|chevrolettrucks|corvette|62
4883be4b3b07abcef70c1bcf,2026,Chevrolet Trucks,Corvette,Hybrid 6.2,,,WL10290,,consolidated:full_oil_filter_workbook,"{""napa_gold_filter"":""10290"",""stp_filter"":""S12060 / S12060XL"",""source_status"":""EXACT_PRIOR_YEAR_CONTINUITY — Engine Oil: exact 2025 continuity; Oil Capacity: exact 2025 continuity; Oil Plug Torque: exact 2025 continuity. WIX official application matched; NAPA Gold cross-reference derived from WIX/NAPA convention; STP product-level cross-reference validated."",""verification_status"":""incomplete"",""source_files"":""fulloilandfilter2022to2027;release_2022_2027_final_audit""}",incomplete,oil_type;oil_capacity,2026|chevrolettrucks|corvette|hybrid62
0e6ab13a28826152d67f4e04,2026,Chevrolet Trucks,Silverado 1500,Diesel 3,,,WL10351,,consolidated:full_oil_filter_workbook,"{""napa_gold_filter"":""10351"",""stp_filter"":""S45008"",""source_status"":""EXACT_PRIOR_YEAR_CONTINUITY — Engine Oil: exact 2025 continuity; Oil Capacity: exact 2025 continuity; Oil Plug Torque: exact 2025 continuity. WIX official application matched; NAPA Gold cross-reference derived from WIX/NAPA convention; STP product-level cross-reference validated."",""verification_status"":""incomplete"",""source_files"":""fulloilandfilter2022to2027;release_2022_2027_final_audit""}",incomplete,oil_type;oil_capacity,2026|chevrolettrucks|silverado1500|diesel3
45884098cf5e1d5b3b373150,2026,Chevrolet Trucks,Suburban (All),Diesel 3,,,WL10351,,consolidated:full_oil_filter_workbook,"{""napa_gold_filter"":""10351"",""stp_filter"":""S45008"",""source_status"":""EXACT_PRIOR_YEAR_CONTINUITY — Engine Oil: exact 2025 continuity; Oil Capacity: exact 2025 continuity; Oil Plug Torque: exact 2025 continuity. WIX official application matched; NAPA Gold cross-reference derived from WIX/NAPA convention; STP product-level cross-reference validated."",""verification_status"":""incomplete"",""source_files"":""fulloilandfilter2022to2027;release_2022_2027_final_audit""}",incomplete,oil_type;oil_capacity,2026|chevrolettrucks|suburbanall|diesel3
a9e50b6392b18c5df8ae484d,2026,Chevrolet Trucks,Tahoe,Diesel 3,,,WL10351,,consolidated:full_oil_filter_workbook,"{""napa_gold_filter"":""10351"",""stp_filter"":""S45008"",""source_status"":""EXACT_PRIOR_YEAR_CONTINUITY — Engine Oil: exact 2025 continuity; Oil Capacity: exact 2025 continuity; Oil Plug Torque: exact 2025 continuity. WIX official application matched; NAPA Gold cross-reference derived from WIX/NAPA convention; STP product-level cross-reference validated."",""verification_status"":""incomplete"",""source_files"":""fulloilandfilter2022to2027;release_2022_2027_final_audit""}",incomplete,oil_type;oil_capacity,2026|chevrolettrucks|tahoe|diesel3
180c21ab8bfe37e2055ef2c5,2026,Chevrolet Trucks,Traverse,Turbo 2.5,,,WL10351,,consolidated:full_oil_filter_workbook,"{""napa_gold_filter"":""10351"",""stp_filter"":""S45008"",""source_status"":""EXACT_PRIOR_YEAR_CONTINUITY — Engine Oil: exact 2025 continuity; Oil Capacity: exact 2025 continuity; Oil Plug Torque: exact 2025 continuity. WIX official application matched; NAPA Gold cross-reference derived from WIX/NAPA convention; STP product-level cross-reference validated."",""verification_status"":""incomplete"",""source_files"":""fulloilandfilter2022to2027;release_2022_2027_final_audit""}",incomplete,oil_type;oil_capacity,2026|chevrolettrucks|traverse|turbo25
f10754c3224c925553a6cb69,2026,Chrysler,Pacifica,Hybrid 3.6,,,WL10010,,consolidated:full_oil_filter_workbook,"{""napa_gold_filter"":""10010"",""stp_filter"":""S11665 / S11665XL"",""source_status"":""EXACT_PRIOR_YEAR_CONTINUITY — Engine Oil: exact 2025 continuity; Oil Capacity: exact 2025 continuity; Oil Plug Torque: exact 2025 continuity. WIX official application matched; NAPA Gold cross-reference derived from WIX/NAPA convention; STP product-level cross-reference validated."",""verification_status"":""incomplete"",""source_files"":""fulloilandfilter2022to2027;release_2022_2027_final_audit""}",incomplete,oil_type;oil_capacity,2026|chrysler|pacifica|hybrid36
156a08bea2a516e4b1cfe4bf,2026,Dodge,Charger,Turbo 3,,,WL10255,,consolidated:full_oil_filter_workbook,"{""napa_gold_filter"":""10255"",""stp_filter"":""S45013"",""source_status"":""UNVERIFIED_OIL_SERVICE_DATA — Engine Oil: no validated continuity source; Oil Capacity: no validated continuity source; Oil Plug Torque: no validated continuity source. WIX official application matched; NAPA Gold cross-reference derived from WIX/NAPA convention; STP product-level cross-reference validated."",""verification_status"":""unverified"",""source_files"":""fulloilandfilter2022to2027;release_2022_2027_final_audit""}",unverified,oil_type;oil_capacity,2026|dodge|charger|turbo3
f7ab8f0b8a33c6cb9dd40f0a,2026,Dodge Trucks,Charger,Turbo 3,,,WL10255,,consolidated:full_oil_filter_workbook,"{""napa_gold_filter"":""10255"",""stp_filter"":""S45013"",""source_status"":""UNVERIFIED_OIL_SERVICE_DATA — Engine Oil: no validated continuity source; Oil Capacity: no validated continuity source; Oil Plug Torque: no validated continuity source. WIX official application matched; NAPA Gold cross-reference derived from WIX/NAPA convention; STP product-level cross-reference validated."",""verification_status"":""unverified"",""source_files"":""fulloilandfilter2022to2027;release_2022_2027_final_audit""}",unverified,oil_type;oil_capacity,2026|dodgetrucks|charger|turbo3
1f1fe594d8967c25f491e762,2026,Ford,Bronco,Turbo 3,,,WL10050,,consolidated:full_oil_filter_workbook,"{""napa_gold_filter"":""10050"",""stp_filter"":""S11955 / S11955XL"",""source_status"":""EXACT_PRIOR_YEAR_CONTINUITY — Engine Oil: exact 2025 continuity; Oil Capacity: exact 2025 continuity; Oil Plug Torque: exact 2025 continuity. WIX official application matched; NAPA Gold cross-reference derived from WIX/NAPA convention; STP product-level cross-reference validated."",""verification_status"":""incomplete"",""source_files"":""fulloilandfilter2022to2027;release_2022_2027_final_audit""}",incomplete,oil_type;oil_capacity,2026|ford|bronco|turbo3
bb1114afe1e6db1b19bd9116,2026,Ford,Bronco Sport,Turbo 1.5,,,51348,,consolidated:full_oil_filter_workbook,"{""napa_gold_filter"":""1348"",""stp_filter"":""PH2811"",""source_status"":""EXACT_PRIOR_YEAR_CONTINUITY — Engine Oil: exact 2025 continuity; Oil Capacity: exact 2025 continuity; Oil Plug Torque: exact 2025 continuity. WIX official application matched; NAPA Gold cross-reference derived from WIX/NAPA convention; STP product-level cross-reference validated."",""verification_status"":""incomplete"",""source_files"":""fulloilandfilter2022to2027;release_2022_2027_final_audit""}",incomplete,oil_type;oil_capacity,2026|ford|broncosport|turbo15
cd19100c998358f7ac6b5b43,2026,Ford,Bronco Sport,Turbo 2,,,51348,,consolidated:full_oil_filter_workbook,"{""napa_gold_filter"":""1348"",""stp_filter"":""PH2811"",""source_status"":""EXACT_PRIOR_YEAR_CONTINUITY — Engine Oil: exact 2025 continuity; Oil Capacity: exact 2025 continuity; Oil Plug Torque: exact 2025 continuity. WIX official application matched; NAPA Gold cross-reference derived from WIX/NAPA convention; STP product-level cross-reference validated."",""verification_status"":""incomplete"",""source_files"":""fulloilandfilter2022to2027;release_2022_2027_final_audit""}",incomplete,oil_type;oil_capacity,2026|ford|broncosport|turbo2
01f85e48ddc37fd01c3a2eb7,2026,Ford,E-350 Super Duty,7.3,,,51372,,consolidated:full_oil_filter_workbook,"{""napa_gold_filter"":""1372"",""source_status"":""EXACT_PRIOR_YEAR_CONTINUITY — Engine Oil: exact 2025 continuity; Oil Capacity: exact 2025 continuity; Oil Plug Torque: exact 2025 continuity. WIX official application matched; NAPA Gold cross-reference derived from WIX/NAPA convention; STP cross-reference not verified."",""verification_status"":""incomplete"",""source_files"":""fulloilandfilter2022to2027;release_2022_2027_final_audit""}",incomplete,oil_type;oil_capacity;stp_filter,2026|ford|e350superduty|73
1eeaf217cf27b42e3c80b410,2026,Ford,Escape,Hybrid 2.5,,,51348,,consolidated:full_oil_filter_workbook,"{""napa_gold_filter"":""1348"",""stp_filter"":""PH2811"",""source_status"":""EXACT_PRIOR_YEAR_CONTINUITY — Engine Oil: exact 2025 continuity; Oil Capacity: exact 2025 continuity; Oil Plug Torque: exact 2025 continuity. WIX official application matched; NAPA Gold cross-reference derived from WIX/NAPA convention; STP product-level cross-reference validated."",""verification_status"":""incomplete"",""source_files"":""fulloilandfilter2022to2027;release_2022_2027_final_audit""}",incomplete,oil_type;oil_capacity,2026|ford|escape|hybrid25
9cb526907fa7e72bcb9a1563,2026,Ford,Escape,Turbo 1.5,,,51348,,consolidated:full_oil_filter_workbook,"{""napa_gold_filter"":""1348"",""stp_filter"":""PH2811"",""source_status"":""EXACT_PRIOR_YEAR_CONTINUITY — Engine Oil: exact 2025 continuity; Oil Capacity: exact 2025 continuity; Oil Plug Torque: exact 2025 continuity. WIX official application matched; NAPA Gold cross-reference derived from WIX/NAPA convention; STP product-level cross-reference validated."",""verification_status"":""incomplete"",""source_files"":""fulloilandfilter2022to2027;release_2022_2027_final_audit""}",incomplete,oil_type;oil_capacity,2026|ford|escape|turbo15
da332295ac4cdcdb131860a9,2026,Ford,Escape,Turbo 2,,,51348,,consolidated:full_oil_filter_workbook,"{""napa_gold_filter"":""1348"",""stp_filter"":""PH2811"",""source_status"":""EXACT_PRIOR_YEAR_CONTINUITY — Engine Oil: exact 2025 continuity; Oil Capacity: exact 2025 continuity; Oil Plug Torque: exact 2025 continuity. WIX official application matched; NAPA Gold cross-reference derived from WIX/NAPA convention; STP product-level cross-reference validated."",""verification_status"":""incomplete"",""source_files"":""fulloilandfilter2022to2027;release_2022_2027_final_audit""}",incomplete,oil_type;oil_capacity,2026|ford|escape|turbo2
89ec7e9eeb266d2a08b4c604,2026,Ford,Expedition,Turbo 3.5,,,57502,,consolidated:full_oil_filter_workbook,"{""napa_gold_filter"":""7502"",""source_status"":""EXACT_PRIOR_YEAR_CONTINUITY — Engine Oil: exact 2025 continuity; Oil Capacity: exact 2025 continuity; Oil Plug Torque: exact 2025 continuity. WIX official application matched; NAPA Gold cross-reference derived from WIX/NAPA convention; STP cross-reference not verified."",""verification_status"":""incomplete"",""source_files"":""fulloilandfilter2022to2027;release_2022_2027_final_audit""}",incomplete,oil_type;oil_capacity;stp_filter,2026|ford|expedition|turbo35
111abd62ffe723eae8b5d34a,2026,Ford,Explorer,Turbo 3,,,WL7490,,consolidated:full_oil_filter_workbook,"{""napa_gold_filter"":""7490"",""stp_filter"":""S11015 / S11015XL"",""source_status"":""EXACT_PRIOR_YEAR_CONTINUITY — Engine Oil: exact 2025 continuity; Oil Capacity: exact 2025 continuity; Oil Plug Torque: exact 2025 continuity. WIX official application matched; NAPA Gold cross-reference derived from WIX/NAPA convention; STP product-level cross-reference validated."",""verification_status"":""incomplete"",""source_files"":""fulloilandfilter2022to2027;release_2022_2027_final_audit""}",incomplete,oil_type;oil_capacity,2026|ford|explorer|turbo3
22f23d325f25a99549684c15,2026,Ford,F-150,Turbo 3.5,,,57502,,consolidated:full_oil_filter_workbook,"{""napa_gold_filter"":""7502"",""source_status"":""EXACT_PRIOR_YEAR_CONTINUITY — Engine Oil: exact 2025 continuity; Oil Capacity: exact 2025 continuity; Oil Plug Torque: exact 2025 continuity. WIX official application matched; NAPA Gold cross-reference derived from WIX/NAPA convention; STP cross-reference not verified."",""verification_status"":""incomplete"",""source_files"":""fulloilandfilter2022to2027;release_2022_2027_final_audit""}",incomplete,oil_type;oil_capacity;stp_filter,2026|ford|f150|turbo35
ca988336906eba90aa99c7b2,2026,Ford,F-150,Turbo 5.2,,,57502,,consolidated:full_oil_filter_workbook,"{""napa_gold_filter"":""7502"",""source_status"":""EXACT_PRIOR_YEAR_CONTINUITY — Engine Oil: exact 2025 continuity; Oil Capacity: exact 2025 continuity; Oil Plug Torque: exact 2025 continuity. WIX official application matched; NAPA Gold cross-reference derived from WIX/NAPA convention; STP cross-reference not verified."",""verification_status"":""incomplete"",""source_files"":""fulloilandfilter2022to2027;release_2022_2027_final_audit""}",incomplete,oil_type;oil_capacity;stp_filter,2026|ford|f150|turbo52
cdeb656e314d8b52e7d9963b,2026,Ford,F-350 Super Duty,Diesel 6.7,,,57151,,consolidated:full_oil_filter_workbook,"{""napa_gold_filter"":""7151"",""stp_filter"":""S10890 / S10890XL"",""source_status"":""ENGINE_FILTER_FAMILY_CONTINUITY — Engine Oil: 4/4 same engine/filter family; Oil Capacity: 4/4 same engine/filter family; Oil Plug Torque: 4/4 same engine/filter family. WIX official application matched; NAPA Gold cross-reference derived from WIX/NAPA convention; STP product-level cross-reference validated."",""verification_status"":""incomplete"",""source_files"":""fulloilandfilter2022to2027;release_2022_2027_final_audit""}",incomplete,oil_type;oil_capacity,2026|ford|f350superduty|diesel67
676e5b5f2e7444a46844a22d,2026,Ford,Maverick,Hybrid 2.5,,,51348,,consolidated:full_oil_filter_workbook,"{""napa_gold_filter"":""1348"",""stp_filter"":""PH2811"",""source_status"":""EXACT_PRIOR_YEAR_CONTINUITY — Engine Oil: exact 2025 continuity; Oil Capacity: exact 2025 continuity; Oil Plug Torque: exact 2025 continuity. WIX official application matched; NAPA Gold cross-reference derived from WIX/NAPA convention; STP product-level cross-reference validated."",""verification_status"":""incomplete"",""source_files"":""fulloilandfilter2022to2027;release_2022_2027_final_audit""}",incomplete,oil_type;oil_capacity,2026|ford|maverick|hybrid25
eeb2bec8fbd0275c8178c7ed,2026,Ford,Maverick,Turbo 2,,,51348,,consolidated:full_oil_filter_workbook,"{""napa_gold_filter"":""1348"",""stp_filter"":""PH2811"",""source_status"":""EXACT_PRIOR_YEAR_CONTINUITY — Engine Oil: exact 2025 continuity; Oil Capacity: exact 2025 continuity; Oil Plug Torque: exact 2025 continuity. WIX official application matched; NAPA Gold cross-reference derived from WIX/NAPA convention; STP product-level cross-reference validated."",""verification_status"":""incomplete"",""source_files"":""fulloilandfilter2022to2027;release_2022_2027_final_audit""}",incomplete,oil_type;oil_capacity,2026|ford|maverick|turbo2
56600404783a279c60522f9d,2026,Ford,Mustang,Turbo 5.2,,,57502,,consolidated:full_oil_filter_workbook,"{""napa_gold_filter"":""7502"",""source_status"":""EXACT_PRIOR_YEAR_CONTINUITY — Engine Oil: exact 2025 continuity; Oil Capacity: exact 2025 continuity; Oil Plug Torque: exact 2025 continuity. WIX official application matched; NAPA Gold cross-reference derived from WIX/NAPA convention; STP cross-reference not verified."",""verification_status"":""incomplete"",""source_files"":""fulloilandfilter2022to2027;release_2022_2027_final_audit""}",incomplete,oil_type;oil_capacity;stp_filter,2026|ford|mustang|turbo52
94a4571b21715967b381260d,2026,Ford,Pickup F-Series Super Duty (Up To 550 Series),6.8,,,51372,,consolidated:full_oil_filter_workbook,"{""napa_gold_filter"":""1372"",""source_status"":""EXACT_PRIOR_YEAR_CONTINUITY — Engine Oil: exact 2025 continuity; Oil Capacity: exact 2025 continuity; Oil Plug Torque: exact 2025 continuity. WIX official application matched; NAPA Gold cross-reference derived from WIX/NAPA convention; STP cross-reference not verified."",""verification_status"":""incomplete"",""source_files"":""fulloilandfilter2022to2027;release_2022_2027_final_audit""}",incomplete,oil_type;oil_capacity;stp_filter,2026|ford|pickupfseriessuperdutyupto550series|68
d8d8b82700dcfde6f96bf11c,2026,Ford,Pickup F-Series Super Duty (Up To 550 Series),7.3,,,51372,,consolidated:full_oil_filter_workbook,"{""napa_gold_filter"":""1372"",""source_status"":""EXACT_PRIOR_YEAR_CONTINUITY — Engine Oil: exact 2025 continuity; Oil Capacity: exact 2025 continuity; Oil Plug Torque: exact 2025 continuity. WIX official application matched; NAPA Gold cross-reference derived from WIX/NAPA convention; STP cross-reference not verified."",""verification_status"":""incomplete"",""source_files"":""fulloilandfilter2022to2027;release_2022_2027_final_audit""}",incomplete,oil_type;oil_capacity;stp_filter,2026|ford|pickupfseriessuperdutyupto550series|73
8525971ea1df40e2b80aa9ec,2026,Ford,Pickup F-Series Super Duty (Up To 550 Series),Diesel 6.7,,,57151,,consolidated:full_oil_filter_workbook,"{""napa_gold_filter"":""7151"",""stp_filter"":""S10890 / S10890XL"",""source_status"":""EXACT_PRIOR_YEAR_CONTINUITY — Engine Oil: exact 2025 continuity; Oil Capacity: exact 2025 continuity; Oil Plug Torque: exact 2025 continuity. WIX official application matched; NAPA Gold cross-reference derived from WIX/NAPA convention; STP product-level cross-reference validated."",""verification_status"":""incomplete"",""source_files"":""fulloilandfilter2022to2027;release_2022_2027_final_audit""}",incomplete,oil_type;oil_capacity,2026|ford|pickupfseriessuperdutyupto550series|diesel67
0ac3116d308bcbff5d916811,2026,Ford,Police Interceptor Utility,3.3,,,57502,,consolidated:full_oil_filter_workbook,"{""napa_gold_filter"":""7502"",""source_status"":""EXACT_PRIOR_YEAR_CONTINUITY — Engine Oil: exact 2025 continuity; Oil Capacity: exact 2025 continuity; Oil Plug Torque: exact 2025 continuity. WIX official application matched; NAPA Gold cross-reference derived from WIX/NAPA convention; STP cross-reference not verified."",""verification_status"":""incomplete"",""source_files"":""fulloilandfilter2022to2027;release_2022_2027_final_audit""}",incomplete,oil_type;oil_capacity;stp_filter,2026|ford|policeinterceptorutility|33
2ec66ae2aa3e6eedf173e84d,2026,Ford,Police Interceptor Utility,Turbo 3,,,WL10050,,consolidated:full_oil_filter_workbook,"{""napa_gold_filter"":""10050"",""stp_filter"":""S11955 / S11955XL"",""source_status"":""EXACT_PRIOR_YEAR_CONTINUITY — Engine Oil: exact 2025 continuity; Oil Capacity: exact 2025 continuity; Oil Plug Torque: exact 2025 continuity. WIX official application matched; NAPA Gold cross-reference derived from WIX/NAPA convention; STP product-level cross-reference validated."",""verification_status"":""incomplete"",""source_files"":""fulloilandfilter2022to2027;release_2022_2027_final_audit""}",incomplete,oil_type;oil_capacity,2026|ford|policeinterceptorutility|turbo3
a50245c61bdf537731a293ed,2026,Ford,Ranger,Turbo 3,,,WL10050,,consolidated:full_oil_filter_workbook,"{""napa_gold_filter"":""10050"",""stp_filter"":""S11955 / S11955XL"",""source_status"":""EXACT_PRIOR_YEAR_CONTINUITY — Engine Oil: exact 2025 continuity; Oil Capacity: exact 2025 continuity; Oil Plug Torque: exact 2025 continuity. WIX official application matched; NAPA Gold cross-reference derived from WIX/NAPA convention; STP product-level cross-reference validated."",""verification_status"":""incomplete"",""source_files"":""fulloilandfilter2022to2027;release_2022_2027_final_audit""}",incomplete,oil_type;oil_capacity,2026|ford|ranger|turbo3
03c768a69a12df51a6ffeec1,2026,Ford,Transit,Turbo 2,,,51348,,consolidated:full_oil_filter_workbook,"{""napa_gold_filter"":""1348"",""stp_filter"":""PH2811"",""source_status"":""EXACT_PRIOR_YEAR_CONTINUITY — Engine Oil: exact 2025 continuity; Oil Capacity: exact 2025 continuity; Oil Plug Torque: exact 2025 continuity. WIX official application matched; NAPA Gold cross-reference derived from WIX/NAPA convention; STP product-level cross-reference validated."",""verification_status"":""incomplete"",""source_files"":""fulloilandfilter2022to2027;release_2022_2027_final_audit""}",incomplete,oil_type;oil_capacity,2026|ford|transit|turbo2
14f09c7f5ae46a68c17fe7f2,2026,Ford,Transit-150,3.5,,,57502,,consolidated:full_oil_filter_workbook,"{""napa_gold_filter"":""7502"",""source_status"":""EXACT_PRIOR_YEAR_CONTINUITY — Engine Oil: exact 2025 continuity; Oil Capacity: exact 2025 continuity; Oil Plug Torque: exact 2025 continuity. WIX official application matched; NAPA Gold cross-reference derived from WIX/NAPA convention; STP cross-reference not verified."",""verification_status"":""incomplete"",""source_files"":""fulloilandfilter2022to2027;release_2022_2027_final_audit""}",incomplete,oil_type;oil_capacity;stp_filter,2026|ford|transit150|35
277dfa02c734180cc4b1e0a2,2026,Ford,Transit-150,Turbo 3.5,,,57502,,consolidated:full_oil_filter_workbook,"{""napa_gold_filter"":""7502"",""source_status"":""EXACT_PRIOR_YEAR_CONTINUITY — Engine Oil: exact 2025 continuity; Oil Capacity: exact 2025 continuity; Oil Plug Torque: exact 2025 continuity. WIX official application matched; NAPA Gold cross-reference derived from WIX/NAPA convention; STP cross-reference not verified."",""verification_status"":""incomplete"",""source_files"":""fulloilandfilter2022to2027;release_2022_2027_final_audit""}",incomplete,oil_type;oil_capacity;stp_filter,2026|ford|transit150|turbo35
2a5f8c3e4b97806b9b03e594,2026,Ford,Transit-250,3.5,,,57502,,consolidated:full_oil_filter_workbook,"{""napa_gold_filter"":""7502"",""source_status"":""EXACT_PRIOR_YEAR_CONTINUITY — Engine Oil: exact 2025 continuity; Oil Capacity: exact 2025 continuity; Oil Plug Torque: exact 2025 continuity. WIX official application matched; NAPA Gold cross-reference derived from WIX/NAPA convention; STP cross-reference not verified."",""verification_status"":""incomplete"",""source_files"":""fulloilandfilter2022to2027;release_2022_2027_final_audit""}",incomplete,oil_type;oil_capacity;stp_filter,2026|ford|transit250|35
b55822a61d137bb44c7c2d1f,2026,Ford,Transit-250,Turbo 3.5,,,57502,,consolidated:full_oil_filter_workbook,"{""napa_gold_filter"":""7502"",""source_status"":""EXACT_PRIOR_YEAR_CONTINUITY — Engine Oil: exact 2025 continuity; Oil Capacity: exact 2025 continuity; Oil Plug Torque: exact 2025 continuity. WIX official application matched; NAPA Gold cross-reference derived from WIX/NAPA convention; STP cross-reference not verified."",""verification_status"":""incomplete"",""source_files"":""fulloilandfilter2022to2027;release_2022_2027_final_audit""}",incomplete,oil_type;oil_capacity;stp_filter,2026|ford|transit250|turbo35
c0f11af4fff1ba4bca5db97f,2026,Ford,Transit-350,3.5,,,57502,,consolidated:full_oil_filter_workbook,"{""napa_gold_filter"":""7502"",""source_status"":""EXACT_PRIOR_YEAR_CONTINUITY — Engine Oil: exact 2025 continuity; Oil Capacity: exact 2025 continuity; Oil Plug Torque: exact 2025 continuity. WIX official application matched; NAPA Gold cross-reference derived from WIX/NAPA convention; STP cross-reference not verified."",""verification_status"":""incomplete"",""source_files"":""fulloilandfilter2022to2027;release_2022_2027_final_audit""}",incomplete,oil_type;oil_capacity;stp_filter,2026|ford|transit350|35
3064ded0515284d202fae239,2026,Ford,Transit-350,Turbo 3.5,,,57502,,consolidated:full_oil_filter_workbook,"{""napa_gold_filter"":""7502"",""source_status"":""EXACT_PRIOR_YEAR_CONTINUITY — Engine Oil: exact 2025 continuity; Oil Capacity: exact 2025 continuity; Oil Plug Torque: exact 2025 continuity. WIX official application matched; NAPA Gold cross-reference derived from WIX/NAPA convention; STP cross-reference not verified."",""verification_status"":""incomplete"",""source_files"":""fulloilandfilter2022to2027;release_2022_2027_final_audit""}",incomplete,oil_type;oil_capacity;stp_filter,2026|ford|transit350|turbo35
24b4589d51e1944b87c2ec81,2026,Ford,Transit-350 Hd,3.5,,,57502,,consolidated:full_oil_filter_workbook,"{""napa_gold_filter"":""7502"",""source_status"":""EXACT_PRIOR_YEAR_CONTINUITY — Engine Oil: exact 2025 continuity; Oil Capacity: exact 2025 continuity; Oil Plug Torque: exact 2025 continuity. WIX official application matched; NAPA Gold cross-reference derived from WIX/NAPA convention; STP cross-reference not verified."",""verification_status"":""incomplete"",""source_files"":""fulloilandfilter2022to2027;release_2022_2027_final_audit""}",incomplete,oil_type;oil_capacity;stp_filter,2026|ford|transit350hd|35
a3fad04781a5d0c02ceb32aa,2026,Ford,Transit-350 Hd,Turbo 3.5,,,57502,,consolidated:full_oil_filter_workbook,"{""napa_gold_filter"":""7502"",""source_status"":""EXACT_PRIOR_YEAR_CONTINUITY — Engine Oil: exact 2025 continuity; Oil Capacity: exact 2025 continuity; Oil Plug Torque: exact 2025 continuity. WIX official application matched; NAPA Gold cross-reference derived from WIX/NAPA convention; STP cross-reference not verified."",""verification_status"":""incomplete"",""source_files"":""fulloilandfilter2022to2027;release_2022_2027_final_audit""}",incomplete,oil_type;oil_capacity;stp_filter,2026|ford|transit350hd|turbo35
bfdaaf997ef7aae3fc3a7a38,2026,Ford Trucks,Bronco,Turbo 3,,,WL10050,,consolidated:full_oil_filter_workbook,"{""napa_gold_filter"":""10050"",""stp_filter"":""S11955 / S11955XL"",""source_status"":""EXACT_PRIOR_YEAR_CONTINUITY — Engine Oil: exact 2025 continuity; Oil Capacity: exact 2025 continuity; Oil Plug Torque: exact 2025 continuity. WIX official application matched; NAPA Gold cross-reference derived from WIX/NAPA convention; STP product-level cross-reference validated."",""verification_status"":""incomplete"",""source_files"":""fulloilandfilter2022to2027;release_2022_2027_final_audit""}",incomplete,oil_type;oil_capacity,2026|fordtrucks|bronco|turbo3
c55bb5502653d5ec64d59112,2026,Ford Trucks,Bronco Sport,Turbo 2,,,51348,,consolidated:full_oil_filter_workbook,"{""napa_gold_filter"":""1348"",""stp_filter"":""PH2811"",""source_status"":""EXACT_PRIOR_YEAR_CONTINUITY — Engine Oil: exact 2025 continuity; Oil Capacity: exact 2025 continuity; Oil Plug Torque: exact 2025 continuity. WIX official application matched; NAPA Gold cross-reference derived from WIX/NAPA convention; STP product-level cross-reference validated."",""verification_status"":""incomplete"",""source_files"":""fulloilandfilter2022to2027;release_2022_2027_final_audit""}",incomplete,oil_type;oil_capacity,2026|fordtrucks|broncosport|turbo2
d84556e19eef9921916bf6e3,2026,Ford Trucks,Escape,Hybrid 2.5,,,51348,,consolidated:full_oil_filter_workbook,"{""napa_gold_filter"":""1348"",""stp_filter"":""PH2811"",""source_status"":""EXACT_PRIOR_YEAR_CONTINUITY — Engine Oil: exact 2025 continuity; Oil Capacity: exact 2025 continuity; Oil Plug Torque: exact 2025 continuity. WIX official application matched; NAPA Gold cross-reference derived from WIX/NAPA convention; STP product-level cross-reference validated."",""verification_status"":""incomplete"",""source_files"":""fulloilandfilter2022to2027;release_2022_2027_final_audit""}",incomplete,oil_type;oil_capacity,2026|fordtrucks|escape|hybrid25
31afb342f9d1d9f0659fa118,2026,Ford Trucks,Escape,Turbo 2,,,51348,,consolidated:full_oil_filter_workbook,"{""napa_gold_filter"":""1348"",""stp_filter"":""PH2811"",""source_status"":""EXACT_PRIOR_YEAR_CONTINUITY — Engine Oil: exact 2025 continuity; Oil Capacity: exact 2025 continuity; Oil Plug Torque: exact 2025 continuity. WIX official application matched; NAPA Gold cross-reference derived from WIX/NAPA convention; STP product-level cross-reference validated."",""verification_status"":""incomplete"",""source_files"":""fulloilandfilter2022to2027;release_2022_2027_final_audit""}",incomplete,oil_type;oil_capacity,2026|fordtrucks|escape|turbo2
e1cb4bb9bf13b984bc9343f2,2026,Ford Trucks,Explorer,Turbo 3,,,WL7490,,consolidated:full_oil_filter_workbook,"{""napa_gold_filter"":""7490"",""stp_filter"":""S11015 / S11015XL"",""source_status"":""EXACT_PRIOR_YEAR_CONTINUITY — Engine Oil: exact 2025 continuity; Oil Capacity: exact 2025 continuity; Oil Plug Torque: exact 2025 continuity. WIX official application matched; NAPA Gold cross-reference derived from WIX/NAPA convention; STP product-level cross-reference validated."",""verification_status"":""incomplete"",""source_files"":""fulloilandfilter2022to2027;release_2022_2027_final_audit""}",incomplete,oil_type;oil_capacity,2026|fordtrucks|explorer|turbo3
d2b924adf672cdfba15dddad,2026,Ford Trucks,F-150,Turbo 5.2,,,57502,,consolidated:full_oil_filter_workbook,"{""napa_gold_filter"":""7502"",""source_status"":""EXACT_PRIOR_YEAR_CONTINUITY — Engine Oil: exact 2025 continuity; Oil Capacity: exact 2025 continuity; Oil Plug Torque: exact 2025 continuity. WIX official application matched; NAPA Gold cross-reference derived from WIX/NAPA convention; STP cross-reference not verified."",""verification_status"":""incomplete"",""source_files"":""fulloilandfilter2022to2027;release_2022_2027_final_audit""}",incomplete,oil_type;oil_capacity;stp_filter,2026|fordtrucks|f150|turbo52
7b55d53ca2f1938a8bd8e924,2026,Ford Trucks,F-350 Super Duty,Diesel 6.7,,,57151,,consolidated:full_oil_filter_workbook,"{""napa_gold_filter"":""7151"",""stp_filter"":""S10890 / S10890XL"",""source_status"":""ENGINE_FILTER_FAMILY_CONTINUITY — Engine Oil: 3/4 same engine/filter family; Oil Capacity: 3/4 same engine/filter family; Oil Plug Torque: 3/4 same engine/filter family. WIX official application matched; NAPA Gold cross-reference derived from WIX/NAPA convention; STP product-level cross-reference validated."",""verification_status"":""incomplete"",""source_files"":""fulloilandfilter2022to2027;release_2022_2027_final_audit""}",incomplete,oil_type;oil_capacity,2026|fordtrucks|f350superduty|diesel67
5a8a34571c648d7a960629e0,2026,Ford Trucks,Maverick,Hybrid 2.5,,,51348,,consolidated:full_oil_filter_workbook,"{""napa_gold_filter"":""1348"",""stp_filter"":""PH2811"",""source_status"":""EXACT_PRIOR_YEAR_CONTINUITY — Engine Oil: exact 2025 continuity; Oil Capacity: exact 2025 continuity; Oil Plug Torque: exact 2025 continuity. WIX official application matched; NAPA Gold cross-reference derived from WIX/NAPA convention; STP product-level cross-reference validated."",""verification_status"":""incomplete"",""source_files"":""fulloilandfilter2022to2027;release_2022_2027_final_audit""}",incomplete,oil_type;oil_capacity,2026|fordtrucks|maverick|hybrid25
381b77dd2dc09a41dedb7b56,2026,Ford Trucks,Maverick,Turbo 2,,,51348,,consolidated:full_oil_filter_workbook,"{""napa_gold_filter"":""1348"",""stp_filter"":""PH2811"",""source_status"":""EXACT_PRIOR_YEAR_CONTINUITY — Engine Oil: exact 2025 continuity; Oil Capacity: exact 2025 continuity; Oil Plug Torque: exact 2025 continuity. WIX official application matched; NAPA Gold cross-reference derived from WIX/NAPA convention; STP product-level cross-reference validated."",""verification_status"":""incomplete"",""source_files"":""fulloilandfilter2022to2027;release_2022_2027_final_audit""}",incomplete,oil_type;oil_capacity,2026|fordtrucks|maverick|turbo2
228292118bc7cd2be0ade7db,2026,Ford Trucks,Mustang,Turbo 5.2,,,57502,,consolidated:full_oil_filter_workbook,"{""napa_gold_filter"":""7502"",""source_status"":""EXACT_PRIOR_YEAR_CONTINUITY — Engine Oil: exact 2025 continuity; Oil Capacity: exact 2025 continuity; Oil Plug Torque: exact 2025 continuity. WIX official application matched; NAPA Gold cross-reference derived from WIX/NAPA convention; STP cross-reference not verified."",""verification_status"":""incomplete"",""source_files"":""fulloilandfilter2022to2027;release_2022_2027_final_audit""}",incomplete,oil_type;oil_capacity;stp_filter,2026|fordtrucks|mustang|turbo52
c509eb4dac8917dd850d4677,2026,Ford Trucks,Pickup F-Series Super Duty (Up To 550 Series),6.8,,,51372,,consolidated:full_oil_filter_workbook,"{""napa_gold_filter"":""1372"",""source_status"":""EXACT_PRIOR_YEAR_CONTINUITY — Engine Oil: exact 2025 continuity; Oil Capacity: exact 2025 continuity; Oil Plug Torque: exact 2025 continuity. WIX official application matched; NAPA Gold cross-reference derived from WIX/NAPA convention; STP cross-reference not verified."",""verification_status"":""incomplete"",""source_files"":""fulloilandfilter2022to2027;release_2022_2027_final_audit""}",incomplete,oil_type;oil_capacity;stp_filter,2026|fordtrucks|pickupfseriessuperdutyupto550series|68
3b69bdbf7f9545daf0cefcc7,2026,Ford Trucks,Pickup F-Series Super Duty (Up To 550 Series),Diesel 6.7,,,57151,,consolidated:full_oil_filter_workbook,"{""napa_gold_filter"":""7151"",""stp_filter"":""S10890 / S10890XL"",""source_status"":""EXACT_PRIOR_YEAR_CONTINUITY — Engine Oil: exact 2025 continuity; Oil Capacity: exact 2025 continuity; Oil Plug Torque: exact 2025 continuity. WIX official application matched; NAPA Gold cross-reference derived from WIX/NAPA convention; STP product-level cross-reference validated."",""verification_status"":""incomplete"",""source_files"":""fulloilandfilter2022to2027;release_2022_2027_final_audit""}",incomplete,oil_type;oil_capacity,2026|fordtrucks|pickupfseriessuperdutyupto550series|diesel67
215865ac9f74a6dc98891da4,2026,Ford Trucks,Police Interceptor Utility,Turbo 3,,,WL10050,,consolidated:full_oil_filter_workbook,"{""napa_gold_filter"":""10050"",""stp_filter"":""S11955 / S11955XL"",""source_status"":""EXACT_PRIOR_YEAR_CONTINUITY — Engine Oil: exact 2025 continuity; Oil Capacity: exact 2025 continuity; Oil Plug Torque: exact 2025 continuity. WIX official application matched; NAPA Gold cross-reference derived from WIX/NAPA convention; STP product-level cross-reference validated."",""verification_status"":""incomplete"",""source_files"":""fulloilandfilter2022to2027;release_2022_2027_final_audit""}",incomplete,oil_type;oil_capacity,2026|fordtrucks|policeinterceptorutility|turbo3
e0b80b9b9131195e2457d677,2026,Ford Trucks,Ranger,Turbo 3,,,WL10050,,consolidated:full_oil_filter_workbook,"{""napa_gold_filter"":""10050"",""stp_filter"":""S11955 / S11955XL"",""source_status"":""EXACT_PRIOR_YEAR_CONTINUITY — Engine Oil: exact 2025 continuity; Oil Capacity: exact 2025 continuity; Oil Plug Torque: exact 2025 continuity. WIX official application matched; NAPA Gold cross-reference derived from WIX/NAPA convention; STP product-level cross-reference validated."",""verification_status"":""incomplete"",""source_files"":""fulloilandfilter2022to2027;release_2022_2027_final_audit""}",incomplete,oil_type;oil_capacity,2026|fordtrucks|ranger|turbo3
4a867ac5c5cfa972c53a9496,2026,Ford Trucks,Transit,Turbo 2,,,51348,,consolidated:full_oil_filter_workbook,"{""napa_gold_filter"":""1348"",""stp_filter"":""PH2811"",""source_status"":""EXACT_PRIOR_YEAR_CONTINUITY — Engine Oil: exact 2025 continuity; Oil Capacity: exact 2025 continuity; Oil Plug Torque: exact 2025 continuity. WIX official application matched; NAPA Gold cross-reference derived from WIX/NAPA convention; STP product-level cross-reference validated."",""verification_status"":""incomplete"",""source_files"":""fulloilandfilter2022to2027;release_2022_2027_final_audit""}",incomplete,oil_type;oil_capacity,2026|fordtrucks|transit|turbo2
8cae662654df70b316995e8b,2026,GMC Trucks,Acadia,Turbo 2.5,,,WL10351,,consolidated:full_oil_filter_workbook,"{""napa_gold_filter"":""10351"",""stp_filter"":""S45008"",""source_status"":""EXACT_PRIOR_YEAR_CONTINUITY — Engine Oil: exact 2025 continuity; Oil Capacity: exact 2025 continuity; Oil Plug Torque: exact 2025 continuity. WIX official application matched; NAPA Gold cross-reference derived from WIX/NAPA convention; STP product-level cross-reference validated."",""verification_status"":""incomplete"",""source_files"":""fulloilandfilter2022to2027;release_2022_2027_final_audit""}",incomplete,oil_type;oil_capacity,2026|gmctrucks|acadia|turbo25
6eb50290057aaa538c44b14e,2026,GMC Trucks,Sierra 1500,Diesel 3,,,WL10351,,consolidated:full_oil_filter_workbook,"{""napa_gold_filter"":""10351"",""stp_filter"":""S45008"",""source_status"":""EXACT_PRIOR_YEAR_CONTINUITY — Engine Oil: exact 2025 continuity; Oil Capacity: exact 2025 continuity; Oil Plug Torque: exact 2025 continuity. WIX official application matched; NAPA Gold cross-reference derived from WIX/NAPA convention; STP product-level cross-reference validated."",""verification_status"":""incomplete"",""source_files"":""fulloilandfilter2022to2027;release_2022_2027_final_audit""}",incomplete,oil_type;oil_capacity,2026|gmctrucks|sierra1500|diesel3
e9b7395d11aea4d8cbe3da99,2026,GMC Trucks,Yukon,Diesel 3,,,WL10351,,consolidated:full_oil_filter_workbook,"{""napa_gold_filter"":""10351"",""stp_filter"":""S45008"",""source_status"":""EXACT_PRIOR_YEAR_CONTINUITY — Engine Oil: exact 2025 continuity; Oil Capacity: exact 2025 continuity; Oil Plug Torque: exact 2025 continuity. WIX official application matched; NAPA Gold cross-reference derived from WIX/NAPA convention; STP product-level cross-reference validated."",""verification_status"":""incomplete"",""source_files"":""fulloilandfilter2022to2027;release_2022_2027_final_audit""}",incomplete,oil_type;oil_capacity,2026|gmctrucks|yukon|diesel3
d3d63cbf9bd3d450694ab6d7,2026,GMC Trucks,Yukon Xl,Diesel 3,,,WL10351,,consolidated:full_oil_filter_workbook,"{""napa_gold_filter"":""10351"",""stp_filter"":""S45008"",""source_status"":""EXACT_PRIOR_YEAR_CONTINUITY — Engine Oil: exact 2025 continuity; Oil Capacity: exact 2025 continuity; Oil Plug Torque: exact 2025 continuity. WIX official application matched; NAPA Gold cross-reference derived from WIX/NAPA convention; STP product-level cross-reference validated."",""verification_status"":""incomplete"",""source_files"":""fulloilandfilter2022to2027;release_2022_2027_final_audit""}",incomplete,oil_type;oil_capacity,2026|gmctrucks|yukonxl|diesel3
a95b75eec57381c098b3c8d7,2026,Honda,Accord,Hybrid 2,,,57356,,consolidated:full_oil_filter_workbook,"{""napa_gold_filter"":""7356"",""source_status"":""EXACT_PRIOR_YEAR_CONTINUITY — Engine Oil: exact 2025 continuity; Oil Capacity: exact 2025 continuity; Oil Plug Torque: exact 2025 continuity. WIX official application matched; NAPA Gold cross-reference derived from WIX/NAPA convention; STP cross-reference not verified."",""verification_status"":""incomplete"",""source_files"":""fulloilandfilter2022to2027;release_2022_2027_final_audit""}",incomplete,oil_type;oil_capacity;stp_filter,2026|honda|accord|hybrid2
6bbef9b64e8d7ae753007dfe,2026,Honda,Civic,Turbo 2,,,57356,,consolidated:full_oil_filter_workbook,"{""napa_gold_filter"":""7356"",""source_status"":""EXACT_PRIOR_YEAR_CONTINUITY — Engine Oil: exact 2025 continuity; Oil Capacity: exact 2025 continuity; Oil Plug Torque: exact 2025 continuity. WIX official application matched; NAPA Gold cross-reference derived from WIX/NAPA convention; STP cross-reference not verified."",""verification_status"":""incomplete"",""source_files"":""fulloilandfilter2022to2027;release_2022_2027_final_audit""}",incomplete,oil_type;oil_capacity;stp_filter,2026|honda|civic|turbo2
b9bc260813d676e7dd69b9d2,2026,Honda,Cr-V,Hybrid 2,,,57356,,consolidated:full_oil_filter_workbook,"{""napa_gold_filter"":""7356"",""source_status"":""EXACT_PRIOR_YEAR_CONTINUITY — Engine Oil: exact 2025 continuity; Oil Capacity: exact 2025 continuity; Oil Plug Torque: exact 2025 continuity. WIX official application matched; NAPA Gold cross-reference derived from WIX/NAPA convention; STP cross-reference not verified."",""verification_status"":""incomplete"",""source_files"":""fulloilandfilter2022to2027;release_2022_2027_final_audit""}",incomplete,oil_type;oil_capacity;stp_filter,2026|honda|crv|hybrid2
bd2167eab1f29f1805bcd1e7,2026,Hyundai,Elantra,Hybrid 1.6,,,51334,,consolidated:full_oil_filter_workbook,"{""napa_gold_filter"":""1334"",""stp_filter"":""PH7010"",""source_status"":""EXACT_PRIOR_YEAR_CONTINUITY — Engine Oil: exact 2025 continuity; Oil Capacity: exact 2025 continuity; Oil Plug Torque: exact 2025 continuity. WIX official application matched; NAPA Gold cross-reference derived from WIX/NAPA convention; STP product-level cross-reference validated."",""verification_status"":""incomplete"",""source_files"":""fulloilandfilter2022to2027;release_2022_2027_final_audit""}",incomplete,oil_type;oil_capacity,2026|hyundai|elantra|hybrid16
149a760b7624d225d614a7ec,2026,Hyundai,Elantra N,Turbo 2,,,51334,,consolidated:full_oil_filter_workbook,"{""napa_gold_filter"":""1334"",""stp_filter"":""PH7010"",""source_status"":""EXACT_PRIOR_YEAR_CONTINUITY — Engine Oil: exact 2025 continuity; Oil Capacity: exact 2025 continuity; Oil Plug Torque: exact 2025 continuity. WIX official application matched; NAPA Gold cross-reference derived from WIX/NAPA convention; STP product-level cross-reference validated."",""verification_status"":""incomplete"",""source_files"":""fulloilandfilter2022to2027;release_2022_2027_final_audit""}",incomplete,oil_type;oil_capacity,2026|hyundai|elantran|turbo2
3f30ca14b86dc2da0e75589b,2026,Hyundai,Palisade,3.5,,,WL10657,,consolidated:full_oil_filter_workbook,"{""napa_gold_filter"":""10657"",""source_status"":""UNVERIFIED_OIL_SERVICE_DATA — Engine Oil: no validated continuity source; Oil Capacity: no validated continuity source; Oil Plug Torque: no validated continuity source. WIX official application matched; NAPA Gold cross-reference derived from WIX/NAPA convention; STP cross-reference not verified."",""verification_status"":""unverified"",""source_files"":""fulloilandfilter2022to2027;release_2022_2027_final_audit""}",unverified,oil_type;oil_capacity;stp_filter,2026|hyundai|palisade|35
7f13114ce02f7657ce8ed656,2026,Infiniti,Qx60,Turbo 2,,,51358,,consolidated:full_oil_filter_workbook,"{""napa_gold_filter"":""1358"",""stp_filter"":""PH2865 / PH7028"",""source_status"":""EXACT_PRIOR_YEAR_CONTINUITY — Engine Oil: exact 2025 continuity; Oil Capacity: exact 2025 continuity; Oil Plug Torque: exact 2025 continuity. WIX official application matched; NAPA Gold cross-reference derived from WIX/NAPA convention; STP product-level cross-reference validated."",""verification_status"":""incomplete"",""source_files"":""fulloilandfilter2022to2027;release_2022_2027_final_audit""}",incomplete,oil_type;oil_capacity,2026|infiniti|qx60|turbo2
f35960787f2e82f16083cec6,2026,Infiniti,Qx80,Turbo 3.5,,,51358,,consolidated:full_oil_filter_workbook,"{""napa_gold_filter"":""1358"",""stp_filter"":""PH2865 / PH7028"",""source_status"":""EXACT_PRIOR_YEAR_CONTINUITY — Engine Oil: exact 2025 continuity; Oil Capacity: exact 2025 continuity; Oil Plug Torque: exact 2025 continuity. WIX official application matched; NAPA Gold cross-reference derived from WIX/NAPA convention; STP product-level cross-reference validated."",""verification_status"":""incomplete"",""source_files"":""fulloilandfilter2022to2027;release_2022_2027_final_audit""}",incomplete,oil_type;oil_capacity,2026|infiniti|qx80|turbo35
012069d3f7aedcafa32241eb,2026,Jaguar,F-Pace,Turbo 2,,,WL10419,,consolidated:full_oil_filter_workbook,"{""napa_gold_filter"":""10419"",""stp_filter"":""S45004"",""source_status"":""EXACT_PRIOR_YEAR_CONTINUITY — Engine Oil: exact 2025 continuity; Oil Capacity: exact 2025 continuity; Oil Plug Torque: exact 2025 continuity. WIX official application matched; NAPA Gold cross-reference derived from WIX/NAPA convention; STP product-level cross-reference validated."",""verification_status"":""incomplete"",""source_files"":""fulloilandfilter2022to2027;release_2022_2027_final_audit""}",incomplete,oil_type;oil_capacity,2026|jaguar|fpace|turbo2
ce5322ece2f263c82f94f24f,2026,Jaguar,F-Pace,Turbo 3,,,WL10513,,consolidated:full_oil_filter_workbook,"{""napa_gold_filter"":""10513"",""source_status"":""EXACT_PRIOR_YEAR_CONTINUITY — Engine Oil: exact 2025 continuity; Oil Capacity: exact 2025 continuity; Oil Plug Torque: exact 2025 continuity. WIX official application matched; NAPA Gold cross-reference derived from WIX/NAPA convention; STP cross-reference not verified."",""verification_status"":""incomplete"",""source_files"":""fulloilandfilter2022to2027;release_2022_2027_final_audit""}",incomplete,oil_type;oil_capacity;stp_filter,2026|jaguar|fpace|turbo3
3eb71eb673a3763a99b558d2,2026,Jeep,Compass,Turbo 2,,,57060,,consolidated:full_oil_filter_workbook,"{""napa_gold_filter"":""7060"",""stp_filter"":""S3506"",""source_status"":""EXACT_PRIOR_YEAR_CONTINUITY — Engine Oil: exact 2024 continuity; Oil Capacity: exact 2024 continuity; Oil Plug Torque: exact 2024 continuity. WIX official application matched; NAPA Gold cross-reference derived from WIX/NAPA convention; STP product-level cross-reference validated."",""verification_status"":""incomplete"",""source_files"":""fulloilandfilter2022to2027;release_2022_2027_final_audit""}",incomplete,oil_type;oil_capacity,2026|jeep|compass|turbo2
9461b8da6d84a3816a96f85f,2026,Jeep,Grand Cherokee,Turbo 2,,,57060,,consolidated:full_oil_filter_workbook,"{""napa_gold_filter"":""7060"",""stp_filter"":""S3506"",""source_status"":""EXACT_PRIOR_YEAR_CONTINUITY — Engine Oil: exact 2025 continuity; Oil Capacity: exact 2025 continuity; Oil Plug Torque: exact 2025 continuity. WIX official application matched; NAPA Gold cross-reference derived from WIX/NAPA convention; STP product-level cross-reference validated."",""verification_status"":""incomplete"",""source_files"":""fulloilandfilter2022to2027;release_2022_2027_final_audit""}",incomplete,oil_type;oil_capacity,2026|jeep|grandcherokee|turbo2
9213b019b59cd90354b72185,2026,Jeep,Grand Cherokee L,Turbo 2,,,57060,,consolidated:full_oil_filter_workbook,"{""napa_gold_filter"":""7060"",""stp_filter"":""S3506"",""source_status"":""ENGINE_FILTER_FAMILY_CONTINUITY — Engine Oil: 12/12 same engine/filter family; Oil Capacity: 12/12 same engine/filter family; Oil Plug Torque: 12/12 same engine/filter family. WIX official application matched; NAPA Gold cross-reference derived from WIX/NAPA convention; STP product-level cross-reference validated."",""verification_status"":""incomplete"",""source_files"":""fulloilandfilter2022to2027;release_2022_2027_final_audit""}",incomplete,oil_type;oil_capacity,2026|jeep|grandcherokeel|turbo2
3cd7c164c522d47516cd70fd,2026,Jeep,Grand Wagoneer,Turbo 3,,,57045,,consolidated:full_oil_filter_workbook,"{""napa_gold_filter"":""7045"",""stp_filter"":""S10590 / S10590XL"",""source_status"":""EXACT_PRIOR_YEAR_CONTINUITY — Engine Oil: exact 2025 continuity; Oil Capacity: exact 2025 continuity; Oil Plug Torque: exact 2025 continuity. WIX official application matched; NAPA Gold cross-reference derived from WIX/NAPA convention; STP product-level cross-reference validated."",""verification_status"":""incomplete"",""source_files"":""fulloilandfilter2022to2027;release_2022_2027_final_audit""}",incomplete,oil_type;oil_capacity,2026|jeep|grandwagoneer|turbo3
44db62725f71a56bd27bcc81,2026,Jeep,Grand Wagoneer L,Turbo 3,,,57045,,consolidated:full_oil_filter_workbook,"{""napa_gold_filter"":""7045"",""stp_filter"":""S10590 / S10590XL"",""source_status"":""EXACT_PRIOR_YEAR_CONTINUITY — Engine Oil: exact 2025 continuity; Oil Capacity: exact 2025 continuity; Oil Plug Torque: exact 2025 continuity. WIX official application matched; NAPA Gold cross-reference derived from WIX/NAPA convention; STP product-level cross-reference validated."",""verification_status"":""incomplete"",""source_files"":""fulloilandfilter2022to2027;release_2022_2027_final_audit""}",incomplete,oil_type;oil_capacity,2026|jeep|grandwagoneerl|turbo3
55a138437c52b6cd3ec75355,2026,Jeep,Wagoneer,Turbo 3,,,WL10255,,consolidated:full_oil_filter_workbook,"{""napa_gold_filter"":""10255"",""stp_filter"":""S45013"",""source_status"":""EXACT_PRIOR_YEAR_CONTINUITY — Engine Oil: exact 2025 continuity; Oil Capacity: exact 2025 continuity; Oil Plug Torque: exact 2025 continuity. WIX official application matched; NAPA Gold cross-reference derived from WIX/NAPA convention; STP product-level cross-reference validated."",""verification_status"":""incomplete"",""source_files"":""fulloilandfilter2022to2027;release_2022_2027_final_audit""}",incomplete,oil_type;oil_capacity,2026|jeep|wagoneer|turbo3
572880385a51033a26c739a7,2026,Jeep,Wagoneer L,Turbo 3,,,57045,,consolidated:full_oil_filter_workbook,"{""napa_gold_filter"":""7045"",""stp_filter"":""S10590 / S10590XL"",""source_status"":""EXACT_PRIOR_YEAR_CONTINUITY — Engine Oil: exact 2025 continuity; Oil Capacity: exact 2025 continuity; Oil Plug Torque: exact 2025 continuity. WIX official application matched; NAPA Gold cross-reference derived from WIX/NAPA convention; STP product-level cross-reference validated."",""verification_status"":""incomplete"",""source_files"":""fulloilandfilter2022to2027;release_2022_2027_final_audit""}",incomplete,oil_type;oil_capacity,2026|jeep|wagoneerl|turbo3
36e85ee6f6476c03e6fa3c45,2026,Kia,K4,2,,,WL10521,,consolidated:full_oil_filter_workbook,"{""napa_gold_filter"":""10521"",""stp_filter"":""S45028 / S45028XL"",""source_status"":""EXACT_PRIOR_YEAR_CONTINUITY — Engine Oil: exact 2025 continuity; Oil Capacity: exact 2025 continuity; Oil Plug Torque: exact 2025 continuity. WIX official application matched; NAPA Gold cross-reference derived from WIX/NAPA convention; STP product-level cross-reference validated."",""verification_status"":""incomplete"",""source_files"":""fulloilandfilter2022to2027;release_2022_2027_final_audit""}",incomplete,oil_type;oil_capacity,2026|kia|k4|2
a2cd7c3641a505bb91211a74,2026,Land Rover,Defender 110,Turbo 2,,,WL10419,,consolidated:full_oil_filter_workbook,"{""napa_gold_filter"":""10419"",""stp_filter"":""S45004"",""source_status"":""EXACT_PRIOR_YEAR_CONTINUITY — Engine Oil: exact 2025 continuity; Oil Capacity: exact 2025 continuity; Oil Plug Torque: exact 2025 continuity. WIX official application matched; NAPA Gold cross-reference derived from WIX/NAPA convention; STP product-level cross-reference validated."",""verification_status"":""incomplete"",""source_files"":""fulloilandfilter2022to2027;release_2022_2027_final_audit""}",incomplete,oil_type;oil_capacity,2026|landrover|defender110|turbo2
e29785af45780df012f06f22,2026,Land Rover,Defender 110,Turbo 3,,,WL10513,,consolidated:full_oil_filter_workbook,"{""napa_gold_filter"":""10513"",""source_status"":""EXACT_PRIOR_YEAR_CONTINUITY — Engine Oil: exact 2025 continuity; Oil Capacity: exact 2025 continuity; Oil Plug Torque: exact 2025 continuity. WIX official application matched; NAPA Gold cross-reference derived from WIX/NAPA convention; STP cross-reference not verified."",""verification_status"":""incomplete"",""source_files"":""fulloilandfilter2022to2027;release_2022_2027_final_audit""}",incomplete,oil_type;oil_capacity;stp_filter,2026|landrover|defender110|turbo3
e6f41927f674012c96e44fa0,2026,Land Rover,Defender 110,Turbo 4.4,,,57279,,consolidated:full_oil_filter_workbook,"{""napa_gold_filter"":""7279"",""stp_filter"":""S10992 / S10992XL"",""source_status"":""EXACT_PRIOR_YEAR_CONTINUITY — Engine Oil: exact 2025 continuity; Oil Capacity: exact 2025 continuity; Oil Plug Torque: exact 2025 continuity. WIX official application matched; NAPA Gold cross-reference derived from WIX/NAPA convention; STP product-level cross-reference validated."",""verification_status"":""incomplete"",""source_files"":""fulloilandfilter2022to2027;release_2022_2027_final_audit""}",incomplete,oil_type;oil_capacity,2026|landrover|defender110|turbo44
4a4806e718c4206b24860737,2026,Land Rover,Discovery,Turbo 2,,,WL10419,,consolidated:full_oil_filter_workbook,"{""napa_gold_filter"":""10419"",""stp_filter"":""S45004"",""source_status"":""EXACT_PRIOR_YEAR_CONTINUITY — Engine Oil: exact 2025 continuity; Oil Capacity: exact 2025 continuity; Oil Plug Torque: exact 2025 continuity. WIX official application matched; NAPA Gold cross-reference derived from WIX/NAPA convention; STP product-level cross-reference validated."",""verification_status"":""incomplete"",""source_files"":""fulloilandfilter2022to2027;release_2022_2027_final_audit""}",incomplete,oil_type;oil_capacity,2026|landrover|discovery|turbo2
040643aae923bd4c29521b79,2026,Land Rover,Discovery,Turbo 3,,,WL10513,,consolidated:full_oil_filter_workbook,"{""napa_gold_filter"":""10513"",""source_status"":""EXACT_PRIOR_YEAR_CONTINUITY — Engine Oil: exact 2025 continuity; Oil Capacity: exact 2025 continuity; Oil Plug Torque: exact 2025 continuity. WIX official application matched; NAPA Gold cross-reference derived from WIX/NAPA convention; STP cross-reference not verified."",""verification_status"":""incomplete"",""source_files"":""fulloilandfilter2022to2027;release_2022_2027_final_audit""}",incomplete,oil_type;oil_capacity;stp_filter,2026|landrover|discovery|turbo3
5a85e992b6690ccf34e76717,2026,Land Rover,Discovery Sport,Turbo 2,,,WL10419,,consolidated:full_oil_filter_workbook,"{""napa_gold_filter"":""10419"",""stp_filter"":""S45004"",""source_status"":""EXACT_PRIOR_YEAR_CONTINUITY — Engine Oil: exact 2025 continuity; Oil Capacity: exact 2025 continuity; Oil Plug Torque: exact 2025 continuity. WIX official application matched; NAPA Gold cross-reference derived from WIX/NAPA convention; STP product-level cross-reference validated."",""verification_status"":""incomplete"",""source_files"":""fulloilandfilter2022to2027;release_2022_2027_final_audit""}",incomplete,oil_type;oil_capacity,2026|landrover|discoverysport|turbo2
4e8b5f93b342c8d9ee325042,2026,Land Rover,Range Rover,Turbo 3,,,WL10513,,consolidated:full_oil_filter_workbook,"{""napa_gold_filter"":""10513"",""source_status"":""EXACT_PRIOR_YEAR_CONTINUITY — Engine Oil: exact 2025 continuity; Oil Capacity: exact 2025 continuity; Oil Plug Torque: exact 2025 continuity. WIX official application matched; NAPA Gold cross-reference derived from WIX/NAPA convention; STP cross-reference not verified."",""verification_status"":""incomplete"",""source_files"":""fulloilandfilter2022to2027;release_2022_2027_final_audit""}",incomplete,oil_type;oil_capacity;stp_filter,2026|landrover|rangerover|turbo3
40b66d6110d3b695dd139c25,2026,Land Rover,Range Rover,Turbo 4.4,,,57279,,consolidated:full_oil_filter_workbook,"{""napa_gold_filter"":""7279"",""stp_filter"":""S10992 / S10992XL"",""source_status"":""EXACT_PRIOR_YEAR_CONTINUITY — Engine Oil: exact 2025 continuity; Oil Capacity: exact 2025 continuity; Oil Plug Torque: exact 2025 continuity. WIX official application matched; NAPA Gold cross-reference derived from WIX/NAPA convention; STP product-level cross-reference validated."",""verification_status"":""incomplete"",""source_files"":""fulloilandfilter2022to2027;release_2022_2027_final_audit""}",incomplete,oil_type;oil_capacity,2026|landrover|rangerover|turbo44
0eb4a65bee3c364aafb070c8,2026,Land Rover,Range Rover Evoque,Turbo 2,,,WL10419,,consolidated:full_oil_filter_workbook,"{""napa_gold_filter"":""10419"",""stp_filter"":""S45004"",""source_status"":""EXACT_PRIOR_YEAR_CONTINUITY — Engine Oil: exact 2025 continuity; Oil Capacity: exact 2025 continuity; Oil Plug Torque: exact 2025 continuity. WIX official application matched; NAPA Gold cross-reference derived from WIX/NAPA convention; STP product-level cross-reference validated."",""verification_status"":""incomplete"",""source_files"":""fulloilandfilter2022to2027;release_2022_2027_final_audit""}",incomplete,oil_type;oil_capacity,2026|landrover|rangeroverevoque|turbo2
564015be2e583d368dd00bce,2026,Land Rover,Range Rover Sport,Turbo 4.4,,,57279,,consolidated:full_oil_filter_workbook,"{""napa_gold_filter"":""7279"",""stp_filter"":""S10992 / S10992XL"",""source_status"":""EXACT_PRIOR_YEAR_CONTINUITY — Engine Oil: exact 2025 continuity; Oil Capacity: exact 2025 continuity; Oil Plug Torque: exact 2025 continuity. WIX official application matched; NAPA Gold cross-reference derived from WIX/NAPA convention; STP product-level cross-reference validated."",""verification_status"":""incomplete"",""source_files"":""fulloilandfilter2022to2027;release_2022_2027_final_audit""}",incomplete,oil_type;oil_capacity,2026|landrover|rangeroversport|turbo44
5aa5245c250d060687e712c1,2026,Land Rover,Range Rover Velar,Turbo 2,,,WL10419,,consolidated:full_oil_filter_workbook,"{""napa_gold_filter"":""10419"",""stp_filter"":""S45004"",""source_status"":""EXACT_PRIOR_YEAR_CONTINUITY — Engine Oil: exact 2025 continuity; Oil Capacity: exact 2025 continuity; Oil Plug Torque: exact 2025 continuity. WIX official application matched; NAPA Gold cross-reference derived from WIX/NAPA convention; STP product-level cross-reference validated."",""verification_status"":""incomplete"",""source_files"":""fulloilandfilter2022to2027;release_2022_2027_final_audit""}",incomplete,oil_type;oil_capacity,2026|landrover|rangerovervelar|turbo2
abe5be3c37e80aa8711993a2,2026,Land Rover,Range Rover Velar,Turbo 3,,,WL10513,,consolidated:full_oil_filter_workbook,"{""napa_gold_filter"":""10513"",""source_status"":""EXACT_PRIOR_YEAR_CONTINUITY — Engine Oil: exact 2025 continuity; Oil Capacity: exact 2025 continuity; Oil Plug Torque: exact 2025 continuity. WIX official application matched; NAPA Gold cross-reference derived from WIX/NAPA convention; STP cross-reference not verified."",""verification_status"":""incomplete"",""source_files"":""fulloilandfilter2022to2027;release_2022_2027_final_audit""}",incomplete,oil_type;oil_capacity;stp_filter,2026|landrover|rangerovervelar|turbo3
31cc5442a299ff6de7543822,2026,Lexus,Gx550,Turbo 3.4,,,57145,,consolidated:full_oil_filter_workbook,"{""napa_gold_filter"":""7145"",""source_status"":""EXACT_PRIOR_YEAR_CONTINUITY — Engine Oil: exact 2025 continuity; Oil Capacity: exact 2025 continuity; Oil Plug Torque: exact 2025 continuity. WIX official application matched; NAPA Gold cross-reference derived from WIX/NAPA convention; STP cross-reference not verified."",""verification_status"":""incomplete"",""source_files"":""fulloilandfilter2022to2027;release_2022_2027_final_audit""}",incomplete,oil_type;oil_capacity;stp_filter,2026|lexus|gx550|turbo34
05516bfd77298f480fd3c7f7,2026,Lexus,LX700h,Turbo 3.4,,,57145,,consolidated:full_oil_filter_workbook,"{""napa_gold_filter"":""7145"",""source_status"":""EXACT_PRIOR_YEAR_CONTINUITY — Engine Oil: exact 2025 continuity; Oil Capacity: exact 2025 continuity; Oil Plug Torque: exact 2025 continuity. WIX official application matched; NAPA Gold cross-reference derived from WIX/NAPA convention; STP cross-reference not verified."",""verification_status"":""incomplete"",""source_files"":""fulloilandfilter2022to2027;release_2022_2027_final_audit""}",incomplete,oil_type;oil_capacity;stp_filter,2026|lexus|lx700h|turbo34
abc1429b74a957883de17b38,2026,Lexus,UX 300h,Hybrid 2,,,51394,,consolidated:full_oil_filter_workbook,"{""napa_gold_filter"":""1394"",""source_status"":""EXACT_PRIOR_YEAR_CONTINUITY — Engine Oil: exact 2025 continuity; Oil Capacity: exact 2025 continuity; Oil Plug Torque: exact 2025 continuity. WIX official application matched; NAPA Gold cross-reference derived from WIX/NAPA convention; STP cross-reference not verified."",""verification_status"":""incomplete"",""source_files"":""fulloilandfilter2022to2027;release_2022_2027_final_audit""}",incomplete,oil_type;oil_capacity;stp_filter,2026|lexus|ux300h|hybrid2
52bb67254a963ca382e2097e,2026,Lincoln,Aviator,Turbo 3,,,WL10050,,consolidated:full_oil_filter_workbook,"{""napa_gold_filter"":""10050"",""stp_filter"":""S11955 / S11955XL"",""source_status"":""EXACT_PRIOR_YEAR_CONTINUITY — Engine Oil: exact 2025 continuity; Oil Capacity: exact 2025 continuity; Oil Plug Torque: exact 2025 continuity. WIX official application matched; NAPA Gold cross-reference derived from WIX/NAPA convention; STP product-level cross-reference validated."",""verification_status"":""incomplete"",""source_files"":""fulloilandfilter2022to2027;release_2022_2027_final_audit""}",incomplete,oil_type;oil_capacity,2026|lincoln|aviator|turbo3
624f61a7d84dd8837f93496b,2026,Lincoln,Corsair,Hybrid 2.5,,,51348,,consolidated:full_oil_filter_workbook,"{""napa_gold_filter"":""1348"",""stp_filter"":""PH2811"",""source_status"":""EXACT_PRIOR_YEAR_CONTINUITY — Engine Oil: exact 2025 continuity; Oil Capacity: exact 2025 continuity; Oil Plug Torque: exact 2025 continuity. WIX official application matched; NAPA Gold cross-reference derived from WIX/NAPA convention; STP product-level cross-reference validated."",""verification_status"":""incomplete"",""source_files"":""fulloilandfilter2022to2027;release_2022_2027_final_audit""}",incomplete,oil_type;oil_capacity,2026|lincoln|corsair|hybrid25
098149b39a2a0f5991d44ebc,2026,Lincoln,Corsair,Turbo 2,,,WL10290,,consolidated:full_oil_filter_workbook,"{""napa_gold_filter"":""10290"",""stp_filter"":""S12060 / S12060XL"",""source_status"":""EXACT_PRIOR_YEAR_CONTINUITY — Engine Oil: exact 2025 continuity; Oil Capacity: exact 2025 continuity; Oil Plug Torque: exact 2025 continuity. WIX official application matched; NAPA Gold cross-reference derived from WIX/NAPA convention; STP product-level cross-reference validated."",""verification_status"":""incomplete"",""source_files"":""fulloilandfilter2022to2027;release_2022_2027_final_audit""}",incomplete,oil_type;oil_capacity,2026|lincoln|corsair|turbo2
6dbf91cc93a441a9e6c7b0eb,2026,Lincoln,Nautilus,Turbo 2,,,WL10290,,consolidated:full_oil_filter_workbook,"{""napa_gold_filter"":""10290"",""stp_filter"":""S12060 / S12060XL"",""source_status"":""EXACT_PRIOR_YEAR_CONTINUITY — Engine Oil: exact 2025 continuity; Oil Capacity: exact 2025 continuity; Oil Plug Torque: exact 2025 continuity. WIX official application matched; NAPA Gold cross-reference derived from WIX/NAPA convention; STP product-level cross-reference validated."",""verification_status"":""incomplete"",""source_files"":""fulloilandfilter2022to2027;release_2022_2027_final_audit""}",incomplete,oil_type;oil_capacity,2026|lincoln|nautilus|turbo2
5938cfa9608b8e0d580d1024,2026,Mazda,3,Hybrid 2.5,,,57002,,consolidated:full_oil_filter_workbook,"{""napa_gold_filter"":""7002"",""source_status"":""EXACT_PRIOR_YEAR_CONTINUITY — Engine Oil: exact 2025 continuity; Oil Capacity: exact 2025 continuity; Oil Plug Torque: exact 2025 continuity. WIX official application matched; NAPA Gold cross-reference derived from WIX/NAPA convention; STP cross-reference not verified."",""verification_status"":""incomplete"",""source_files"":""fulloilandfilter2022to2027;release_2022_2027_final_audit""}",incomplete,oil_type;oil_capacity;stp_filter,2026|mazda|3|hybrid25
4be6483b68b21b03a1eb0bb9,2026,Mazda,Cx-50,Hybrid 2.5,,,WL10332,,consolidated:full_oil_filter_workbook,"{""napa_gold_filter"":""10332"",""source_status"":""EXACT_PRIOR_YEAR_CONTINUITY — Engine Oil: exact 2025 continuity; Oil Capacity: exact 2025 continuity; Oil Plug Torque: exact 2025 continuity. WIX official application matched; NAPA Gold cross-reference derived from WIX/NAPA convention; STP cross-reference not verified."",""verification_status"":""incomplete"",""source_files"":""fulloilandfilter2022to2027;release_2022_2027_final_audit""}",incomplete,oil_type;oil_capacity;stp_filter,2026|mazda|cx50|hybrid25
976b5e0a35fdae5efe7f5f9b,2026,Mazda,Cx-70,Hybrid 2.5,,,57002,,consolidated:full_oil_filter_workbook,"{""napa_gold_filter"":""7002"",""source_status"":""EXACT_PRIOR_YEAR_CONTINUITY — Engine Oil: exact 2025 continuity; Oil Capacity: exact 2025 continuity; Oil Plug Torque: exact 2025 continuity. WIX official application matched; NAPA Gold cross-reference derived from WIX/NAPA convention; STP cross-reference not verified."",""verification_status"":""incomplete"",""source_files"":""fulloilandfilter2022to2027;release_2022_2027_final_audit""}",incomplete,oil_type;oil_capacity;stp_filter,2026|mazda|cx70|hybrid25
2fc4da5d89a6cdf60d90c841,2026,Mazda,Cx-70,Turbo 3.3,,,51348,,consolidated:full_oil_filter_workbook,"{""napa_gold_filter"":""1348"",""stp_filter"":""PH2811"",""source_status"":""EXACT_PRIOR_YEAR_CONTINUITY — Engine Oil: exact 2025 continuity; Oil Capacity: exact 2025 continuity; Oil Plug Torque: exact 2025 continuity. WIX official application matched; NAPA Gold cross-reference derived from WIX/NAPA convention; STP product-level cross-reference validated."",""verification_status"":""incomplete"",""source_files"":""fulloilandfilter2022to2027;release_2022_2027_final_audit""}",incomplete,oil_type;oil_capacity,2026|mazda|cx70|turbo33
3e9a4ab24c2cb62ba7bebe3a,2026,Mazda,Cx-90,Hybrid 2.5,,,57002,,consolidated:full_oil_filter_workbook,"{""napa_gold_filter"":""7002"",""source_status"":""EXACT_PRIOR_YEAR_CONTINUITY — Engine Oil: exact 2025 continuity; Oil Capacity: exact 2025 continuity; Oil Plug Torque: exact 2025 continuity. WIX official application matched; NAPA Gold cross-reference derived from WIX/NAPA convention; STP cross-reference not verified."",""verification_status"":""incomplete"",""source_files"":""fulloilandfilter2022to2027;release_2022_2027_final_audit""}",incomplete,oil_type;oil_capacity;stp_filter,2026|mazda|cx90|hybrid25
4f3301df07e990c6d61d8b90,2026,Mazda,Cx-90,Turbo 3.3,,,51348,,consolidated:full_oil_filter_workbook,"{""napa_gold_filter"":""1348"",""stp_filter"":""PH2811"",""source_status"":""EXACT_PRIOR_YEAR_CONTINUITY — Engine Oil: exact 2025 continuity; Oil Capacity: exact 2025 continuity; Oil Plug Torque: exact 2025 continuity. WIX official application matched; NAPA Gold cross-reference derived from WIX/NAPA convention; STP product-level cross-reference validated."",""verification_status"":""incomplete"",""source_files"":""fulloilandfilter2022to2027;release_2022_2027_final_audit""}",incomplete,oil_type;oil_capacity,2026|mazda|cx90|turbo33
f1efc1aab5da08545be2f589,2026,Mercedes Benz,AMG GT 63 Pro,Turbo 4,,,WL10077,,consolidated:full_oil_filter_workbook,"{""napa_gold_filter"":""10077"",""stp_filter"":""S11792 / S11792XL"",""source_status"":""EXACT_PRIOR_YEAR_CONTINUITY — Engine Oil: exact 2025 continuity; Oil Capacity: exact 2025 continuity; Oil Plug Torque: exact 2025 continuity. WIX official application matched; NAPA Gold cross-reference derived from WIX/NAPA convention; STP product-level cross-reference validated."",""verification_status"":""incomplete"",""source_files"":""fulloilandfilter2022to2027;release_2022_2027_final_audit""}",incomplete,oil_type;oil_capacity,2026|mercedesbenz|amggt63pro|turbo4
c721ea1c27af7bee03078b1d,2026,Mercedes Benz,AMG GT 63 S E Performance,Turbo 4,,,WL10077,,consolidated:full_oil_filter_workbook,"{""napa_gold_filter"":""10077"",""stp_filter"":""S11792 / S11792XL"",""source_status"":""EXACT_PRIOR_YEAR_CONTINUITY — Engine Oil: exact 2025 continuity; Oil Capacity: exact 2025 continuity; Oil Plug Torque: exact 2025 continuity. WIX official application matched; NAPA Gold cross-reference derived from WIX/NAPA convention; STP product-level cross-reference validated."",""verification_status"":""incomplete"",""source_files"":""fulloilandfilter2022to2027;release_2022_2027_final_audit""}",incomplete,oil_type;oil_capacity,2026|mercedesbenz|amggt63seperformance|turbo4
044e0731697dc57e8bd45221,2026,Mercedes Benz,Amg A45 S,Turbo 2,,,57059,,consolidated:full_oil_filter_workbook,"{""napa_gold_filter"":""7059"",""stp_filter"":""S11060 / S11060XL"",""source_status"":""EXACT_PRIOR_YEAR_CONTINUITY — Engine Oil: exact 2025 continuity; Oil Capacity: exact 2025 continuity; Oil Plug Torque: exact 2025 continuity. WIX official application matched; NAPA Gold cross-reference derived from WIX/NAPA convention; STP product-level cross-reference validated."",""verification_status"":""incomplete"",""source_files"":""fulloilandfilter2022to2027;release_2022_2027_final_audit""}",incomplete,oil_type;oil_capacity,2026|mercedesbenz|amga45s|turbo2
2a1e6c47be24adeac5a82a2e,2026,Mercedes Benz,Amg Gt 43,Turbo 2,,,WL10760,,consolidated:full_oil_filter_workbook,"{""napa_gold_filter"":""10760"",""stp_filter"":""S45037XL"",""source_status"":""EXACT_PRIOR_YEAR_CONTINUITY — Engine Oil: exact 2025 continuity; Oil Capacity: exact 2025 continuity; Oil Plug Torque: exact 2025 continuity. WIX official application matched; NAPA Gold cross-reference derived from WIX/NAPA convention; STP product-level cross-reference validated."",""verification_status"":""incomplete"",""source_files"":""fulloilandfilter2022to2027;release_2022_2027_final_audit""}",incomplete,oil_type;oil_capacity,2026|mercedesbenz|amggt43|turbo2
ca2ff8c903672a6e9f23726e,2026,Mercedes Benz,Amg Gt 43,Turbo 3,,,WL10433,,consolidated:full_oil_filter_workbook,"{""napa_gold_filter"":""10433"",""source_status"":""EXACT_PRIOR_YEAR_CONTINUITY — Engine Oil: exact 2025 continuity; Oil Capacity: exact 2025 continuity; Oil Plug Torque: exact 2025 continuity. WIX official application matched; NAPA Gold cross-reference derived from WIX/NAPA convention; STP cross-reference not verified."",""verification_status"":""incomplete"",""source_files"":""fulloilandfilter2022to2027;release_2022_2027_final_audit""}",incomplete,oil_type;oil_capacity;stp_filter,2026|mercedesbenz|amggt43|turbo3
a6f93014fcf8558b01bdf463,2026,Mercedes Benz,Amg Gt 53,Turbo 3,,,WL10433,,consolidated:full_oil_filter_workbook,"{""napa_gold_filter"":""10433"",""source_status"":""EXACT_PRIOR_YEAR_CONTINUITY — Engine Oil: exact 2025 continuity; Oil Capacity: exact 2025 continuity; Oil Plug Torque: exact 2025 continuity. WIX official application matched; NAPA Gold cross-reference derived from WIX/NAPA convention; STP cross-reference not verified."",""verification_status"":""incomplete"",""source_files"":""fulloilandfilter2022to2027;release_2022_2027_final_audit""}",incomplete,oil_type;oil_capacity;stp_filter,2026|mercedesbenz|amggt53|turbo3
bd2c29fc64e9989455a496c9,2026,Mercedes Benz,Amg Gt 55,Turbo 4,,,WL10077,,consolidated:full_oil_filter_workbook,"{""napa_gold_filter"":""10077"",""stp_filter"":""S11792 / S11792XL"",""source_status"":""EXACT_PRIOR_YEAR_CONTINUITY — Engine Oil: exact 2025 continuity; Oil Capacity: exact 2025 continuity; Oil Plug Torque: exact 2025 continuity. WIX official application matched; NAPA Gold cross-reference derived from WIX/NAPA convention; STP product-level cross-reference validated."",""verification_status"":""incomplete"",""source_files"":""fulloilandfilter2022to2027;release_2022_2027_final_audit""}",incomplete,oil_type;oil_capacity,2026|mercedesbenz|amggt55|turbo4
9d4da27d902dc4bc1feebff9,2026,Mercedes Benz,Amg Gt 63,Turbo 4,,,WL10077,,consolidated:full_oil_filter_workbook,"{""napa_gold_filter"":""10077"",""stp_filter"":""S11792 / S11792XL"",""source_status"":""EXACT_PRIOR_YEAR_CONTINUITY — Engine Oil: exact 2025 continuity; Oil Capacity: exact 2025 continuity; Oil Plug Torque: exact 2025 continuity. WIX official application matched; NAPA Gold cross-reference derived from WIX/NAPA convention; STP product-level cross-reference validated."",""verification_status"":""incomplete"",""source_files"":""fulloilandfilter2022to2027;release_2022_2027_final_audit""}",incomplete,oil_type;oil_capacity,2026|mercedesbenz|amggt63|turbo4
32d6146d5b0bf994bf950d09,2026,Mercedes Benz,C200,Turbo 1.5,,,WL7515,,consolidated:full_oil_filter_workbook,"{""napa_gold_filter"":""7515"",""stp_filter"":""S11473 / S11473XL"",""source_status"":""EXACT_PRIOR_YEAR_CONTINUITY — Engine Oil: exact 2025 continuity; Oil Capacity: exact 2025 continuity; Oil Plug Torque: exact 2025 continuity. WIX official application matched; NAPA Gold cross-reference derived from WIX/NAPA convention; STP product-level cross-reference validated."",""verification_status"":""incomplete"",""source_files"":""fulloilandfilter2022to2027;release_2022_2027_final_audit""}",incomplete,oil_type;oil_capacity,2026|mercedesbenz|c200|turbo15
3188f400b0b60ccf631ef565,2026,Mercedes Benz,C300,Turbo 2,,,WL7515,,consolidated:full_oil_filter_workbook,"{""napa_gold_filter"":""7515"",""stp_filter"":""S11473 / S11473XL"",""source_status"":""EXACT_PRIOR_YEAR_CONTINUITY — Engine Oil: exact 2025 continuity; Oil Capacity: exact 2025 continuity; Oil Plug Torque: exact 2025 continuity. WIX official application matched; NAPA Gold cross-reference derived from WIX/NAPA convention; STP product-level cross-reference validated."",""verification_status"":""incomplete"",""source_files"":""fulloilandfilter2022to2027;release_2022_2027_final_audit""}",incomplete,oil_type;oil_capacity,2026|mercedesbenz|c300|turbo2
5f27c74ead14a5825b5f9481,2026,Mercedes Benz,C43 Amg,Turbo 2,,,WL10760,,consolidated:full_oil_filter_workbook,"{""napa_gold_filter"":""10760"",""stp_filter"":""S45037XL"",""source_status"":""EXACT_PRIOR_YEAR_CONTINUITY — Engine Oil: exact 2025 continuity; Oil Capacity: exact 2025 continuity; Oil Plug Torque: exact 2025 continuity. WIX official application matched; NAPA Gold cross-reference derived from WIX/NAPA convention; STP product-level cross-reference validated."",""verification_status"":""incomplete"",""source_files"":""fulloilandfilter2022to2027;release_2022_2027_final_audit""}",incomplete,oil_type;oil_capacity,2026|mercedesbenz|c43amg|turbo2
f362a376f9d4578cf633012d,2026,Mercedes Benz,C63 AMG S E Performance,Turbo 2,,,WL10760,,consolidated:full_oil_filter_workbook,"{""napa_gold_filter"":""10760"",""stp_filter"":""S45037XL"",""source_status"":""EXACT_PRIOR_YEAR_CONTINUITY — Engine Oil: exact 2025 continuity; Oil Capacity: exact 2025 continuity; Oil Plug Torque: exact 2025 continuity. WIX official application matched; NAPA Gold cross-reference derived from WIX/NAPA convention; STP product-level cross-reference validated."",""verification_status"":""incomplete"",""source_files"":""fulloilandfilter2022to2027;release_2022_2027_final_audit""}",incomplete,oil_type;oil_capacity,2026|mercedesbenz|c63amgseperformance|turbo2
b35909f7a011afc759c603bc,2026,Mercedes Benz,Cla250,Turbo 2,,,WL7515,,consolidated:full_oil_filter_workbook,"{""napa_gold_filter"":""7515"",""stp_filter"":""S11473 / S11473XL"",""source_status"":""EXACT_PRIOR_YEAR_CONTINUITY — Engine Oil: exact 2025 continuity; Oil Capacity: exact 2025 continuity; Oil Plug Torque: exact 2025 continuity. WIX official application matched; NAPA Gold cross-reference derived from WIX/NAPA convention; STP product-level cross-reference validated."",""verification_status"":""incomplete"",""source_files"":""fulloilandfilter2022to2027;release_2022_2027_final_audit""}",incomplete,oil_type;oil_capacity,2026|mercedesbenz|cla250|turbo2
c018b3b8412e72e41e167930,2026,Mercedes Benz,Cla35 Amg,Turbo 2,,,WL7515,,consolidated:full_oil_filter_workbook,"{""napa_gold_filter"":""7515"",""stp_filter"":""S11473 / S11473XL"",""source_status"":""EXACT_PRIOR_YEAR_CONTINUITY — Engine Oil: exact 2025 continuity; Oil Capacity: exact 2025 continuity; Oil Plug Torque: exact 2025 continuity. WIX official application matched; NAPA Gold cross-reference derived from WIX/NAPA convention; STP product-level cross-reference validated."",""verification_status"":""incomplete"",""source_files"":""fulloilandfilter2022to2027;release_2022_2027_final_audit""}",incomplete,oil_type;oil_capacity,2026|mercedesbenz|cla35amg|turbo2
42c5ad33a26cc1007209d434,2026,Mercedes Benz,Cla45 Amg S,Turbo 2,,,WL7515,,consolidated:full_oil_filter_workbook,"{""napa_gold_filter"":""7515"",""stp_filter"":""S11473 / S11473XL"",""source_status"":""EXACT_PRIOR_YEAR_CONTINUITY — Engine Oil: exact 2025 continuity; Oil Capacity: exact 2025 continuity; Oil Plug Torque: exact 2025 continuity. WIX official application matched; NAPA Gold cross-reference derived from WIX/NAPA convention; STP product-level cross-reference validated."",""verification_status"":""incomplete"",""source_files"":""fulloilandfilter2022to2027;release_2022_2027_final_audit""}",incomplete,oil_type;oil_capacity,2026|mercedesbenz|cla45amgs|turbo2
78aacf22e4fbf4571115aebd,2026,Mercedes Benz,Cle 300,Turbo 2,,,WL7515,,consolidated:full_oil_filter_workbook,"{""napa_gold_filter"":""7515"",""stp_filter"":""S11473 / S11473XL"",""source_status"":""EXACT_PRIOR_YEAR_CONTINUITY — Engine Oil: exact 2024 continuity; Oil Capacity: exact 2024 continuity; Oil Plug Torque: exact 2024 continuity. WIX official application matched; NAPA Gold cross-reference derived from WIX/NAPA convention; STP product-level cross-reference validated."",""verification_status"":""incomplete"",""source_files"":""fulloilandfilter2022to2027;release_2022_2027_final_audit""}",incomplete,oil_type;oil_capacity,2026|mercedesbenz|cle300|turbo2
9446129c63e1e601521059ce,2026,Mercedes Benz,Cle 450,Turbo 3,,,WL10433,,consolidated:full_oil_filter_workbook,"{""napa_gold_filter"":""10433"",""source_status"":""EXACT_PRIOR_YEAR_CONTINUITY — Engine Oil: exact 2024 continuity; Oil Capacity: exact 2024 continuity; Oil Plug Torque: exact 2024 continuity. WIX official application matched; NAPA Gold cross-reference derived from WIX/NAPA convention; STP cross-reference not verified."",""verification_status"":""incomplete"",""source_files"":""fulloilandfilter2022to2027;release_2022_2027_final_audit""}",incomplete,oil_type;oil_capacity;stp_filter,2026|mercedesbenz|cle450|turbo3
bed605a9b0cce1a4c5b97aa2,2026,Mercedes Benz,Cle53 Amg,Turbo 3,,,WL10433,,consolidated:full_oil_filter_workbook,"{""napa_gold_filter"":""10433"",""source_status"":""EXACT_PRIOR_YEAR_CONTINUITY — Engine Oil: exact 2025 continuity; Oil Capacity: exact 2025 continuity; Oil Plug Torque: exact 2025 continuity. WIX official application matched; NAPA Gold cross-reference derived from WIX/NAPA convention; STP cross-reference not verified."",""verification_status"":""incomplete"",""source_files"":""fulloilandfilter2022to2027;release_2022_2027_final_audit""}",incomplete,oil_type;oil_capacity;stp_filter,2026|mercedesbenz|cle53amg|turbo3
d8b718f9135cf221d07a1877,2026,Mercedes Benz,E350,Turbo 2,,,WL10760,,consolidated:full_oil_filter_workbook,"{""napa_gold_filter"":""10760"",""stp_filter"":""S45037XL"",""source_status"":""EXACT_PRIOR_YEAR_CONTINUITY — Engine Oil: exact 2025 continuity; Oil Capacity: exact 2025 continuity; Oil Plug Torque: exact 2025 continuity. WIX official application matched; NAPA Gold cross-reference derived from WIX/NAPA convention; STP product-level cross-reference validated."",""verification_status"":""incomplete"",""source_files"":""fulloilandfilter2022to2027;release_2022_2027_final_audit""}",incomplete,oil_type;oil_capacity,2026|mercedesbenz|e350|turbo2
0356cc26c7043160ad05f98b,2026,Mercedes Benz,E450,Turbo 3,,,WL10433,,consolidated:full_oil_filter_workbook,"{""napa_gold_filter"":""10433"",""source_status"":""EXACT_PRIOR_YEAR_CONTINUITY — Engine Oil: exact 2024 continuity; Oil Capacity: exact 2024 continuity; Oil Plug Torque: exact 2024 continuity. WIX official application matched; NAPA Gold cross-reference derived from WIX/NAPA convention; STP cross-reference not verified."",""verification_status"":""incomplete"",""source_files"":""fulloilandfilter2022to2027;release_2022_2027_final_audit""}",incomplete,oil_type;oil_capacity;stp_filter,2026|mercedesbenz|e450|turbo3
ea2ba1b66f28d398a7f10507,2026,Mercedes Benz,E53 Amg,Turbo 3,,,WL10760,,consolidated:full_oil_filter_workbook,"{""napa_gold_filter"":""10760"",""stp_filter"":""S45037XL"",""source_status"":""EXACT_PRIOR_YEAR_CONTINUITY — Engine Oil: exact 2025 continuity; Oil Capacity: exact 2025 continuity; Oil Plug Torque: exact 2025 continuity. WIX official application matched; NAPA Gold cross-reference derived from WIX/NAPA convention; STP product-level cross-reference validated."",""verification_status"":""incomplete"",""source_files"":""fulloilandfilter2022to2027;release_2022_2027_final_audit""}",incomplete,oil_type;oil_capacity,2026|mercedesbenz|e53amg|turbo3
bdd546c3b05b1e410b4c6ce4,2026,Mercedes Benz,GLC350e,Turbo 2,,,WL10760,,consolidated:full_oil_filter_workbook,"{""napa_gold_filter"":""10760"",""stp_filter"":""S45037XL"",""source_status"":""ENGINE_FILTER_FAMILY_CONTINUITY — Engine Oil: 14/14 same engine/filter family; Oil Capacity: 14/14 same engine/filter family; Oil Plug Torque: 14/14 same engine/filter family. WIX official application matched; NAPA Gold cross-reference derived from WIX/NAPA convention; STP product-level cross-reference validated."",""verification_status"":""incomplete"",""source_files"":""fulloilandfilter2022to2027;release_2022_2027_final_audit""}",incomplete,oil_type;oil_capacity,2026|mercedesbenz|glc350e|turbo2
20f554dd5ae6652b4494f6d4,2026,Mercedes Benz,GLC63 AMG S E Performance,Turbo 2,,,WL7515,,consolidated:full_oil_filter_workbook,"{""napa_gold_filter"":""7515"",""stp_filter"":""S11473 / S11473XL"",""source_status"":""ENGINE_FILTER_FAMILY_CONTINUITY — Engine Oil: 41/41 same engine/filter family; Oil Capacity: 41/41 same engine/filter family; Oil Plug Torque: 41/41 same engine/filter family. WIX official application matched; NAPA Gold cross-reference derived from WIX/NAPA convention; STP product-level cross-reference validated."",""verification_status"":""incomplete"",""source_files"":""fulloilandfilter2022to2027;release_2022_2027_final_audit""}",incomplete,oil_type;oil_capacity,2026|mercedesbenz|glc63amgseperformance|turbo2
a4bda3e78249e60cf14f02ac,2026,Mercedes Benz,GLE450e,Hybrid 2,,,WL10433,,consolidated:full_oil_filter_workbook,"{""napa_gold_filter"":""10433"",""source_status"":""EXACT_PRIOR_YEAR_CONTINUITY — Engine Oil: exact 2025 continuity; Oil Capacity: exact 2025 continuity; Oil Plug Torque: exact 2025 continuity. WIX official application matched; NAPA Gold cross-reference derived from WIX/NAPA convention; STP cross-reference not verified."",""verification_status"":""incomplete"",""source_files"":""fulloilandfilter2022to2027;release_2022_2027_final_audit""}",incomplete,oil_type;oil_capacity;stp_filter,2026|mercedesbenz|gle450e|hybrid2
c521803598f6eb3b8b30e311,2026,Mercedes Benz,Gla200,Turbo 1.3,,,WL7506,,consolidated:full_oil_filter_workbook,"{""napa_gold_filter"":""7506"",""stp_filter"":""S45001"",""source_status"":""EXACT_PRIOR_YEAR_CONTINUITY — Engine Oil: exact 2025 continuity; Oil Capacity: exact 2025 continuity; Oil Plug Torque: exact 2025 continuity. WIX official application matched; NAPA Gold cross-reference derived from WIX/NAPA convention; STP product-level cross-reference validated."",""verification_status"":""incomplete"",""source_files"":""fulloilandfilter2022to2027;release_2022_2027_final_audit""}",incomplete,oil_type;oil_capacity,2026|mercedesbenz|gla200|turbo13
7215e2f46710ec3b251c2abf,2026,Mercedes Benz,Gla250,Turbo 2,,,WL7515,,consolidated:full_oil_filter_workbook,"{""napa_gold_filter"":""7515"",""stp_filter"":""S11473 / S11473XL"",""source_status"":""EXACT_PRIOR_YEAR_CONTINUITY — Engine Oil: exact 2025 continuity; Oil Capacity: exact 2025 continuity; Oil Plug Torque: exact 2025 continuity. WIX official application matched; NAPA Gold cross-reference derived from WIX/NAPA convention; STP product-level cross-reference validated."",""verification_status"":""incomplete"",""source_files"":""fulloilandfilter2022to2027;release_2022_2027_final_audit""}",incomplete,oil_type;oil_capacity,2026|mercedesbenz|gla250|turbo2
bf79b79b43e505bd381979d7,2026,Mercedes Benz,Gla35 Amg,Turbo 2,,,WL7515,,consolidated:full_oil_filter_workbook,"{""napa_gold_filter"":""7515"",""stp_filter"":""S11473 / S11473XL"",""source_status"":""EXACT_PRIOR_YEAR_CONTINUITY — Engine Oil: exact 2025 continuity; Oil Capacity: exact 2025 continuity; Oil Plug Torque: exact 2025 continuity. WIX official application matched; NAPA Gold cross-reference derived from WIX/NAPA convention; STP product-level cross-reference validated."",""verification_status"":""incomplete"",""source_files"":""fulloilandfilter2022to2027;release_2022_2027_final_audit""}",incomplete,oil_type;oil_capacity,2026|mercedesbenz|gla35amg|turbo2
10a46127d48afa6ec073647e,2026,Mercedes Benz,Glb 250,Turbo 2,,,WL7515,,consolidated:full_oil_filter_workbook,"{""napa_gold_filter"":""7515"",""stp_filter"":""S11473 / S11473XL"",""source_status"":""EXACT_PRIOR_YEAR_CONTINUITY — Engine Oil: exact 2025 continuity; Oil Capacity: exact 2025 continuity; Oil Plug Torque: exact 2025 continuity. WIX official application matched; NAPA Gold cross-reference derived from WIX/NAPA convention; STP product-level cross-reference validated."",""verification_status"":""incomplete"",""source_files"":""fulloilandfilter2022to2027;release_2022_2027_final_audit""}",incomplete,oil_type;oil_capacity,2026|mercedesbenz|glb250|turbo2
a8fe13566b49374bb2de9a1d,2026,Mercedes Benz,Glb220,Turbo 2,,,WL7515,,consolidated:full_oil_filter_workbook,"{""napa_gold_filter"":""7515"",""stp_filter"":""S11473 / S11473XL"",""source_status"":""EXACT_PRIOR_YEAR_CONTINUITY — Engine Oil: exact 2025 continuity; Oil Capacity: exact 2025 continuity; Oil Plug Torque: exact 2025 continuity. WIX official application matched; NAPA Gold cross-reference derived from WIX/NAPA convention; STP product-level cross-reference validated."",""verification_status"":""incomplete"",""source_files"":""fulloilandfilter2022to2027;release_2022_2027_final_audit""}",incomplete,oil_type;oil_capacity,2026|mercedesbenz|glb220|turbo2
8f2bccab6ebe1cf46cd1e015,2026,Mercedes Benz,Glb35 Amg,Turbo 2,,,WL7515,,consolidated:full_oil_filter_workbook,"{""napa_gold_filter"":""7515"",""stp_filter"":""S11473 / S11473XL"",""source_status"":""EXACT_PRIOR_YEAR_CONTINUITY — Engine Oil: exact 2025 continuity; Oil Capacity: exact 2025 continuity; Oil Plug Torque: exact 2025 continuity. WIX official application matched; NAPA Gold cross-reference derived from WIX/NAPA convention; STP product-level cross-reference validated."",""verification_status"":""incomplete"",""source_files"":""fulloilandfilter2022to2027;release_2022_2027_final_audit""}",incomplete,oil_type;oil_capacity,2026|mercedesbenz|glb35amg|turbo2
7106bfd5277b74be6d4074d4,2026,Mercedes Benz,Glc300,Turbo 2,,,WL7515,,consolidated:full_oil_filter_workbook,"{""napa_gold_filter"":""7515"",""stp_filter"":""S11473 / S11473XL"",""source_status"":""EXACT_PRIOR_YEAR_CONTINUITY — Engine Oil: exact 2025 continuity; Oil Capacity: exact 2025 continuity; Oil Plug Torque: exact 2025 continuity. WIX official application matched; NAPA Gold cross-reference derived from WIX/NAPA convention; STP product-level cross-reference validated."",""verification_status"":""incomplete"",""source_files"":""fulloilandfilter2022to2027;release_2022_2027_final_audit""}",incomplete,oil_type;oil_capacity,2026|mercedesbenz|glc300|turbo2
b720149976db0bfba90fe777,2026,Mercedes Benz,Glc43 Amg,Turbo 2,,,WL7515,,consolidated:full_oil_filter_workbook,"{""napa_gold_filter"":""7515"",""stp_filter"":""S11473 / S11473XL"",""source_status"":""EXACT_PRIOR_YEAR_CONTINUITY — Engine Oil: exact 2025 continuity; Oil Capacity: exact 2025 continuity; Oil Plug Torque: exact 2025 continuity. WIX official application matched; NAPA Gold cross-reference derived from WIX/NAPA convention; STP product-level cross-reference validated."",""verification_status"":""incomplete"",""source_files"":""fulloilandfilter2022to2027;release_2022_2027_final_audit""}",incomplete,oil_type;oil_capacity,2026|mercedesbenz|glc43amg|turbo2
af18251e67a4eb5c39844e33,2026,Mercedes Benz,Gle350,Hybrid 2,,,WL10760,,consolidated:full_oil_filter_workbook,"{""napa_gold_filter"":""10760"",""stp_filter"":""S45037XL"",""source_status"":""EXACT_PRIOR_YEAR_CONTINUITY — Engine Oil: exact 2025 continuity; Oil Capacity: exact 2025 continuity; Oil Plug Torque: exact 2025 continuity. WIX official application matched; NAPA Gold cross-reference derived from WIX/NAPA convention; STP product-level cross-reference validated."",""verification_status"":""incomplete"",""source_files"":""fulloilandfilter2022to2027;release_2022_2027_final_audit""}",incomplete,oil_type;oil_capacity,2026|mercedesbenz|gle350|hybrid2
47dd86a0f19f66deec3b8d7c,2026,Mercedes Benz,Gle450,Turbo 3,,,WL10760,,consolidated:full_oil_filter_workbook,"{""napa_gold_filter"":""10760"",""stp_filter"":""S45037XL"",""source_status"":""EXACT_PRIOR_YEAR_CONTINUITY — Engine Oil: exact 2025 continuity; Oil Capacity: exact 2025 continuity; Oil Plug Torque: exact 2025 continuity. WIX official application matched; NAPA Gold cross-reference derived from WIX/NAPA convention; STP product-level cross-reference validated."",""verification_status"":""incomplete"",""source_files"":""fulloilandfilter2022to2027;release_2022_2027_final_audit""}",incomplete,oil_type;oil_capacity,2026|mercedesbenz|gle450|turbo3
eb3af0735ba496df7ec49847,2026,Mercedes Benz,Gle53 Amg,Turbo 3,,,WL10760,,consolidated:full_oil_filter_workbook,"{""napa_gold_filter"":""10760"",""stp_filter"":""S45037XL"",""source_status"":""EXACT_PRIOR_YEAR_CONTINUITY — Engine Oil: exact 2025 continuity; Oil Capacity: exact 2025 continuity; Oil Plug Torque: exact 2025 continuity. WIX official application matched; NAPA Gold cross-reference derived from WIX/NAPA convention; STP product-level cross-reference validated."",""verification_status"":""incomplete"",""source_files"":""fulloilandfilter2022to2027;release_2022_2027_final_audit""}",incomplete,oil_type;oil_capacity,2026|mercedesbenz|gle53amg|turbo3
e3a973822bb1c060cae7101c,2026,Mercedes Benz,Gle580,Turbo 4,,,WL10399,,consolidated:full_oil_filter_workbook,"{""napa_gold_filter"":""10399"",""source_status"":""EXACT_PRIOR_YEAR_CONTINUITY — Engine Oil: exact 2025 continuity; Oil Capacity: exact 2025 continuity; Oil Plug Torque: exact 2025 continuity. WIX official application matched; NAPA Gold cross-reference derived from WIX/NAPA convention; STP cross-reference not verified."",""verification_status"":""incomplete"",""source_files"":""fulloilandfilter2022to2027;release_2022_2027_final_audit""}",incomplete,oil_type;oil_capacity;stp_filter,2026|mercedesbenz|gle580|turbo4
414215a002337e0a028fa4aa,2026,Mercedes Benz,Gle63 Amg S,Turbo 4,,,WL10077,,consolidated:full_oil_filter_workbook,"{""napa_gold_filter"":""10077"",""stp_filter"":""S11792 / S11792XL"",""source_status"":""EXACT_PRIOR_YEAR_CONTINUITY — Engine Oil: exact 2025 continuity; Oil Capacity: exact 2025 continuity; Oil Plug Torque: exact 2025 continuity. WIX official application matched; NAPA Gold cross-reference derived from WIX/NAPA convention; STP product-level cross-reference validated."",""verification_status"":""incomplete"",""source_files"":""fulloilandfilter2022to2027;release_2022_2027_final_audit""}",incomplete,oil_type;oil_capacity,2026|mercedesbenz|gle63amgs|turbo4
163b4a2e001cdaecd9b527e5,2026,Mercedes Benz,Gls 450,Turbo 3,,,WL10433,,consolidated:full_oil_filter_workbook,"{""napa_gold_filter"":""10433"",""source_status"":""EXACT_PRIOR_YEAR_CONTINUITY — Engine Oil: exact 2025 continuity; Oil Capacity: exact 2025 continuity; Oil Plug Torque: exact 2025 continuity. WIX official application matched; NAPA Gold cross-reference derived from WIX/NAPA convention; STP cross-reference not verified."",""verification_status"":""incomplete"",""source_files"":""fulloilandfilter2022to2027;release_2022_2027_final_audit""}",incomplete,oil_type;oil_capacity;stp_filter,2026|mercedesbenz|gls450|turbo3
86e0b9f546e583e21f897ffd,2026,Mercedes Benz,Gls 580,Turbo 4,,,WL10077,,consolidated:full_oil_filter_workbook,"{""napa_gold_filter"":""10077"",""stp_filter"":""S11792 / S11792XL"",""source_status"":""EXACT_PRIOR_YEAR_CONTINUITY — Engine Oil: exact 2025 continuity; Oil Capacity: exact 2025 continuity; Oil Plug Torque: exact 2025 continuity. WIX official application matched; NAPA Gold cross-reference derived from WIX/NAPA convention; STP product-level cross-reference validated."",""verification_status"":""incomplete"",""source_files"":""fulloilandfilter2022to2027;release_2022_2027_final_audit""}",incomplete,oil_type;oil_capacity,2026|mercedesbenz|gls580|turbo4
b92df380b4d69274f1fdcb57,2026,Mercedes Benz,Gls63 Amg,Turbo 4,,,WL10077,,consolidated:full_oil_filter_workbook,"{""napa_gold_filter"":""10077"",""stp_filter"":""S11792 / S11792XL"",""source_status"":""EXACT_PRIOR_YEAR_CONTINUITY — Engine Oil: exact 2025 continuity; Oil Capacity: exact 2025 continuity; Oil Plug Torque: exact 2025 continuity. WIX official application matched; NAPA Gold cross-reference derived from WIX/NAPA convention; STP product-level cross-reference validated."",""verification_status"":""incomplete"",""source_files"":""fulloilandfilter2022to2027;release_2022_2027_final_audit""}",incomplete,oil_type;oil_capacity,2026|mercedesbenz|gls63amg|turbo4
e8dbf7f353dc7b3d609a7653,2026,Mercedes Benz,Maybach GLS600,Turbo 4,,,WL10077,,consolidated:full_oil_filter_workbook,"{""napa_gold_filter"":""10077"",""stp_filter"":""S11792 / S11792XL"",""source_status"":""EXACT_PRIOR_YEAR_CONTINUITY — Engine Oil: exact 2025 continuity; Oil Capacity: exact 2025 continuity; Oil Plug Torque: exact 2025 continuity. WIX official application matched; NAPA Gold cross-reference derived from WIX/NAPA convention; STP product-level cross-reference validated."",""verification_status"":""incomplete"",""source_files"":""fulloilandfilter2022to2027;release_2022_2027_final_audit""}",incomplete,oil_type;oil_capacity,2026|mercedesbenz|maybachgls600|turbo4
11fdd04c1b051c911e6224aa,2026,Mercedes Benz,Maybach S580,Turbo 4,,,WL10077,,consolidated:full_oil_filter_workbook,"{""napa_gold_filter"":""10077"",""stp_filter"":""S11792 / S11792XL"",""source_status"":""ENGINE_FILTER_FAMILY_CONTINUITY — Engine Oil: 45/45 same engine/filter family; Oil Capacity: 45/45 same engine/filter family; Oil Plug Torque: 45/45 same engine/filter family. WIX official application matched; NAPA Gold cross-reference derived from WIX/NAPA convention; STP product-level cross-reference validated."",""verification_status"":""incomplete"",""source_files"":""fulloilandfilter2022to2027;release_2022_2027_final_audit""}",incomplete,oil_type;oil_capacity,2026|mercedesbenz|maybachs580|turbo4
cb84c86fc9e48568581d48d0,2026,Mercedes Benz,Maybach S680,Turbo 6,,,57198,,consolidated:full_oil_filter_workbook,"{""napa_gold_filter"":""7198"",""stp_filter"":""S10682"",""source_status"":""EXACT_PRIOR_YEAR_CONTINUITY — Engine Oil: exact 2025 continuity; Oil Capacity: exact 2025 continuity; Oil Plug Torque: exact 2025 continuity. WIX official application matched; NAPA Gold cross-reference derived from WIX/NAPA convention; STP product-level cross-reference validated."",""verification_status"":""incomplete"",""source_files"":""fulloilandfilter2022to2027;release_2022_2027_final_audit""}",incomplete,oil_type;oil_capacity,2026|mercedesbenz|maybachs680|turbo6
b341f10785aefdaed4192c6b,2026,Mercedes Benz,S500,Turbo 3,,,WL10433,,consolidated:full_oil_filter_workbook,"{""napa_gold_filter"":""10433"",""source_status"":""EXACT_PRIOR_YEAR_CONTINUITY — Engine Oil: exact 2025 continuity; Oil Capacity: exact 2025 continuity; Oil Plug Torque: exact 2025 continuity. WIX official application matched; NAPA Gold cross-reference derived from WIX/NAPA convention; STP cross-reference not verified."",""verification_status"":""incomplete"",""source_files"":""fulloilandfilter2022to2027;release_2022_2027_final_audit""}",incomplete,oil_type;oil_capacity;stp_filter,2026|mercedesbenz|s500|turbo3
5e75145be80e89a196af26e7,2026,Mercedes Benz,S580,Turbo 4,,,WL10399,,consolidated:full_oil_filter_workbook,"{""napa_gold_filter"":""10399"",""source_status"":""EXACT_PRIOR_YEAR_CONTINUITY — Engine Oil: exact 2025 continuity; Oil Capacity: exact 2025 continuity; Oil Plug Torque: exact 2025 continuity. WIX official application matched; NAPA Gold cross-reference derived from WIX/NAPA convention; STP cross-reference not verified."",""verification_status"":""incomplete"",""source_files"":""fulloilandfilter2022to2027;release_2022_2027_final_audit""}",incomplete,oil_type;oil_capacity;stp_filter,2026|mercedesbenz|s580|turbo4
7ef3ce91d54918e1ac921a88,2026,Mercedes Benz,S580e,Turbo 3,,,WL10433,,consolidated:full_oil_filter_workbook,"{""napa_gold_filter"":""10433"",""source_status"":""EXACT_PRIOR_YEAR_CONTINUITY — Engine Oil: exact 2025 continuity; Oil Capacity: exact 2025 continuity; Oil Plug Torque: exact 2025 continuity. WIX official application matched; NAPA Gold cross-reference derived from WIX/NAPA convention; STP cross-reference not verified."",""verification_status"":""incomplete"",""source_files"":""fulloilandfilter2022to2027;release_2022_2027_final_audit""}",incomplete,oil_type;oil_capacity;stp_filter,2026|mercedesbenz|s580e|turbo3
c32ef7a8ec1b40577dba3731,2026,Mercedes Benz,S63 AMG E Performance,Turbo 4,,,WL10399,,consolidated:full_oil_filter_workbook,"{""napa_gold_filter"":""10399"",""source_status"":""EXACT_PRIOR_YEAR_CONTINUITY — Engine Oil: exact 2025 continuity; Oil Capacity: exact 2025 continuity; Oil Plug Torque: exact 2025 continuity. WIX official application matched; NAPA Gold cross-reference derived from WIX/NAPA convention; STP cross-reference not verified."",""verification_status"":""incomplete"",""source_files"":""fulloilandfilter2022to2027;release_2022_2027_final_audit""}",incomplete,oil_type;oil_capacity;stp_filter,2026|mercedesbenz|s63amgeperformance|turbo4
73d24ebcfb6106b578d237a2,2026,Mercedes Benz,SL63 AMG S E Performance,Turbo 4,,,WL10399,,consolidated:full_oil_filter_workbook,"{""napa_gold_filter"":""10399"",""source_status"":""EXACT_PRIOR_YEAR_CONTINUITY — Engine Oil: exact 2025 continuity; Oil Capacity: exact 2025 continuity; Oil Plug Torque: exact 2025 continuity. WIX official application matched; NAPA Gold cross-reference derived from WIX/NAPA convention; STP cross-reference not verified."",""verification_status"":""incomplete"",""source_files"":""fulloilandfilter2022to2027;release_2022_2027_final_audit""}",incomplete,oil_type;oil_capacity;stp_filter,2026|mercedesbenz|sl63amgseperformance|turbo4
c30ff1a23a06de8f0b0696db,2026,Mercedes Benz,Sl55 Amg,Turbo 4,,,WL10399,,consolidated:full_oil_filter_workbook,"{""napa_gold_filter"":""10399"",""source_status"":""EXACT_PRIOR_YEAR_CONTINUITY — Engine Oil: exact 2025 continuity; Oil Capacity: exact 2025 continuity; Oil Plug Torque: exact 2025 continuity. WIX official application matched; NAPA Gold cross-reference derived from WIX/NAPA convention; STP cross-reference not verified."",""verification_status"":""incomplete"",""source_files"":""fulloilandfilter2022to2027;release_2022_2027_final_audit""}",incomplete,oil_type;oil_capacity;stp_filter,2026|mercedesbenz|sl55amg|turbo4
ac7f182dd664c56d8f4bfe41,2026,Mercedes Benz,Sl63 Amg,Turbo 4,,,WL10399,,consolidated:full_oil_filter_workbook,"{""napa_gold_filter"":""10399"",""source_status"":""EXACT_PRIOR_YEAR_CONTINUITY — Engine Oil: exact 2025 continuity; Oil Capacity: exact 2025 continuity; Oil Plug Torque: exact 2025 continuity. WIX official application matched; NAPA Gold cross-reference derived from WIX/NAPA convention; STP cross-reference not verified."",""verification_status"":""incomplete"",""source_files"":""fulloilandfilter2022to2027;release_2022_2027_final_audit""}",incomplete,oil_type;oil_capacity;stp_filter,2026|mercedesbenz|sl63amg|turbo4
5e8c712035d6e47f3c53a927,2026,Mercedes Benz,Sprinter 2500,Diesel 2,,,WL10789,,consolidated:full_oil_filter_workbook,"{""napa_gold_filter"":""10789"",""source_status"":""EXACT_PRIOR_YEAR_CONTINUITY — Engine Oil: exact 2025 continuity; Oil Capacity: exact 2025 continuity; Oil Plug Torque: exact 2025 continuity. WIX official application matched; NAPA Gold cross-reference derived from WIX/NAPA convention; STP cross-reference not verified."",""verification_status"":""incomplete"",""source_files"":""fulloilandfilter2022to2027;release_2022_2027_final_audit""}",incomplete,oil_type;oil_capacity;stp_filter,2026|mercedesbenz|sprinter2500|diesel2
8e0277fd8099c8500fae1f55,2026,Mercedes Benz,Sprinter 3500,Diesel 2,,,WL10789,,consolidated:full_oil_filter_workbook,"{""napa_gold_filter"":""10789"",""source_status"":""EXACT_PRIOR_YEAR_CONTINUITY — Engine Oil: exact 2025 continuity; Oil Capacity: exact 2025 continuity; Oil Plug Torque: exact 2025 continuity. WIX official application matched; NAPA Gold cross-reference derived from WIX/NAPA convention; STP cross-reference not verified."",""verification_status"":""incomplete"",""source_files"":""fulloilandfilter2022to2027;release_2022_2027_final_audit""}",incomplete,oil_type;oil_capacity;stp_filter,2026|mercedesbenz|sprinter3500|diesel2
693968573f8ac7087d5ef147,2026,Mercedes Benz,Sprinter 3500Xd,Diesel 2,,,WL10789,,consolidated:full_oil_filter_workbook,"{""napa_gold_filter"":""10789"",""source_status"":""EXACT_PRIOR_YEAR_CONTINUITY — Engine Oil: exact 2025 continuity; Oil Capacity: exact 2025 continuity; Oil Plug Torque: exact 2025 continuity. WIX official application matched; NAPA Gold cross-reference derived from WIX/NAPA convention; STP cross-reference not verified."",""verification_status"":""incomplete"",""source_files"":""fulloilandfilter2022to2027;release_2022_2027_final_audit""}",incomplete,oil_type;oil_capacity;stp_filter,2026|mercedesbenz|sprinter3500xd|diesel2
ea81bce90d3a20496dfe39fd,2026,Mini,Cooper,Turbo 2,,,WL10518,,consolidated:full_oil_filter_workbook,"{""napa_gold_filter"":""10518"",""stp_filter"":""S45018"",""source_status"":""EXACT_PRIOR_YEAR_CONTINUITY — Engine Oil: exact 2025 continuity; Oil Capacity: exact 2025 continuity; Oil Plug Torque: exact 2025 continuity. WIX official application matched; NAPA Gold cross-reference derived from WIX/NAPA convention; STP product-level cross-reference validated."",""verification_status"":""incomplete"",""source_files"":""fulloilandfilter2022to2027;release_2022_2027_final_audit""}",incomplete,oil_type;oil_capacity,2026|mini|cooper|turbo2
096f9d1e3464ff686641f5e3,2026,Mini,Countryman,Turbo 2,,,WL7522,,consolidated:full_oil_filter_workbook,"{""napa_gold_filter"":""7522"",""stp_filter"":""S11885"",""source_status"":""EXACT_PRIOR_YEAR_CONTINUITY — Engine Oil: exact 2025 continuity; Oil Capacity: exact 2025 continuity; Oil Plug Torque: exact 2025 continuity. WIX official application matched; NAPA Gold cross-reference derived from WIX/NAPA convention; STP product-level cross-reference validated."",""verification_status"":""incomplete"",""source_files"":""fulloilandfilter2022to2027;release_2022_2027_final_audit""}",incomplete,oil_type;oil_capacity,2026|mini|countryman|turbo2
0b44e22ac64f631ecbe89059,2026,Mitsubishi,Eclipse Cross,Turbo 1.5,0W-20,,57356,,consolidated:full_oil_filter_workbook,"{""oil_plug_torque"":""26 ft. lbs."",""napa_gold_filter"":""7356"",""source_status"":""EXACT_PRIOR_YEAR_CONTINUITY — Engine Oil: exact 2025 continuity; Oil Capacity: exact 2025 continuity; Oil Plug Torque: exact 2025 continuity. WIX official application matched; NAPA Gold cross-reference derived from WIX/NAPA convention; STP cross-reference not verified."",""verification_status"":""incomplete"",""source_files"":""fulloilandfilter2022to2027;release_2022_2027_final_audit""}",incomplete,oil_capacity;stp_filter,2026|mitsubishi|eclipsecross|turbo15
2267d8eb8ef8fd2175218dd8,2026,Mitsubishi,Outlander,Turbo 1.5,,,51358,,consolidated:full_oil_filter_workbook,"{""napa_gold_filter"":""1358"",""stp_filter"":""PH2865 / PH7028"",""source_status"":""UNVERIFIED_OIL_SERVICE_DATA — Engine Oil: no validated continuity source; Oil Capacity: no validated continuity source; Oil Plug Torque: no validated continuity source. WIX official application matched; NAPA Gold cross-reference derived from WIX/NAPA convention; STP product-level cross-reference validated."",""verification_status"":""unverified"",""source_files"":""fulloilandfilter2022to2027;release_2022_2027_final_audit""}",unverified,oil_type;oil_capacity,2026|mitsubishi|outlander|turbo15
2cb638d5e9cc842881deb455,2026,Mitsubishi,Outlander PHEV,Hybrid 2.4,,,57356,,consolidated:full_oil_filter_workbook,"{""napa_gold_filter"":""7356"",""source_status"":""EXACT_PRIOR_YEAR_CONTINUITY — Engine Oil: exact 2025 continuity; Oil Capacity: exact 2025 continuity; Oil Plug Torque: exact 2025 continuity. WIX official application matched; NAPA Gold cross-reference derived from WIX/NAPA convention; STP cross-reference not verified."",""verification_status"":""incomplete"",""source_files"":""fulloilandfilter2022to2027;release_2022_2027_final_audit""}",incomplete,oil_type;oil_capacity;stp_filter,2026|mitsubishi|outlanderphev|hybrid24
5cf8115067e20f23e339aac2,2026,Nissan,Altima,Turbo 2,,,51358,,consolidated:full_oil_filter_workbook,"{""napa_gold_filter"":""1358"",""stp_filter"":""PH2865 / PH7028"",""source_status"":""EXACT_PRIOR_YEAR_CONTINUITY — Engine Oil: exact 2024 continuity; Oil Capacity: exact 2024 continuity; Oil Plug Torque: exact 2024 continuity. WIX official application matched; NAPA Gold cross-reference derived from WIX/NAPA convention; STP product-level cross-reference validated."",""verification_status"":""incomplete"",""source_files"":""fulloilandfilter2022to2027;release_2022_2027_final_audit""}",incomplete,oil_type;oil_capacity,2026|nissan|altima|turbo2
3ed34e993c81f6eb9b9894f6,2026,Nissan,Armada,Turbo 3.5,,,51358,,consolidated:full_oil_filter_workbook,"{""napa_gold_filter"":""1358"",""stp_filter"":""PH2865 / PH7028"",""source_status"":""EXACT_PRIOR_YEAR_CONTINUITY — Engine Oil: exact 2025 continuity; Oil Capacity: exact 2025 continuity; Oil Plug Torque: exact 2025 continuity. WIX official application matched; NAPA Gold cross-reference derived from WIX/NAPA convention; STP product-level cross-reference validated."",""verification_status"":""incomplete"",""source_files"":""fulloilandfilter2022to2027;release_2022_2027_final_audit""}",incomplete,oil_type;oil_capacity,2026|nissan|armada|turbo35
1662c80624827fa6bbb5f827,2026,Nissan,Murano,Turbo 2,,,51358,,consolidated:full_oil_filter_workbook,"{""napa_gold_filter"":""1358"",""stp_filter"":""PH2865 / PH7028"",""source_status"":""EXACT_PRIOR_YEAR_CONTINUITY — Engine Oil: exact 2025 continuity; Oil Capacity: exact 2025 continuity; Oil Plug Torque: exact 2025 continuity. WIX official application matched; NAPA Gold cross-reference derived from WIX/NAPA convention; STP product-level cross-reference validated."",""verification_status"":""incomplete"",""source_files"":""fulloilandfilter2022to2027;release_2022_2027_final_audit""}",incomplete,oil_type;oil_capacity,2026|nissan|murano|turbo2
96bb6e701cbbf009fb3975f2,2026,Nissan,Rogue,Turbo 1.5,,,51358,,consolidated:full_oil_filter_workbook,"{""napa_gold_filter"":""1358"",""stp_filter"":""PH2865 / PH7028"",""source_status"":""EXACT_PRIOR_YEAR_CONTINUITY — Engine Oil: exact 2025 continuity; Oil Capacity: exact 2025 continuity; Oil Plug Torque: exact 2025 continuity. WIX official application matched; NAPA Gold cross-reference derived from WIX/NAPA convention; STP product-level cross-reference validated."",""verification_status"":""incomplete"",""source_files"":""fulloilandfilter2022to2027;release_2022_2027_final_audit""}",incomplete,oil_type;oil_capacity,2026|nissan|rogue|turbo15
c0906413751e320311589506,2026,Nissan,Z,Turbo 3,,,57356,,consolidated:full_oil_filter_workbook,"{""napa_gold_filter"":""7356"",""source_status"":""EXACT_PRIOR_YEAR_CONTINUITY — Engine Oil: exact 2025 continuity; Oil Capacity: exact 2025 continuity; Oil Plug Torque: exact 2025 continuity. WIX official application matched; NAPA Gold cross-reference derived from WIX/NAPA convention; STP cross-reference not verified."",""verification_status"":""incomplete"",""source_files"":""fulloilandfilter2022to2027;release_2022_2027_final_audit""}",incomplete,oil_type;oil_capacity;stp_filter,2026|nissan|z|turbo3
b086e663ff4d88539743e460,2026,Porsche,911,4,European Car Formula 0W-40 or 5W-40 Synthetic,,57070,,consolidated:full_oil_filter_workbook,"{""oil_plug_torque"":""37 ft. lbs."",""napa_gold_filter"":""7070"",""stp_filter"":""S11008 / S11008XL"",""source_status"":""EXACT_PRIOR_YEAR_CONTINUITY — Engine Oil: exact 2025 continuity; Oil Capacity: exact 2025 continuity; Oil Plug Torque: exact 2025 continuity. WIX official application matched; NAPA Gold cross-reference derived from WIX/NAPA convention; STP product-level cross-reference validated."",""verification_status"":""incomplete"",""source_files"":""fulloilandfilter2022to2027;release_2022_2027_final_audit""}",incomplete,oil_capacity,2026|porsche|911|4
b9476a18573e108dab5e1738,2026,Porsche,911,Turbo 3,,,WL10372,,consolidated:full_oil_filter_workbook,"{""napa_gold_filter"":""10372"",""source_status"":""EXACT_PRIOR_YEAR_CONTINUITY — Engine Oil: exact 2025 continuity; Oil Capacity: exact 2025 continuity; Oil Plug Torque: exact 2025 continuity. WIX official application matched; NAPA Gold cross-reference derived from WIX/NAPA convention; STP cross-reference not verified."",""verification_status"":""incomplete"",""source_files"":""fulloilandfilter2022to2027;release_2022_2027_final_audit""}",incomplete,oil_type;oil_capacity;stp_filter,2026|porsche|911|turbo3
432bb9373fb30b3b8bddd7da,2026,Porsche,Cayenne,Turbo 3,,,WL10438,,consolidated:full_oil_filter_workbook,"{""napa_gold_filter"":""10438"",""stp_filter"":""S45005 / S45005XL"",""source_status"":""EXACT_PRIOR_YEAR_CONTINUITY — Engine Oil: exact 2025 continuity; Oil Capacity: exact 2025 continuity; Oil Plug Torque: exact 2025 continuity. WIX official application matched; NAPA Gold cross-reference derived from WIX/NAPA convention; STP product-level cross-reference validated."",""verification_status"":""incomplete"",""source_files"":""fulloilandfilter2022to2027;release_2022_2027_final_audit""}",incomplete,oil_type;oil_capacity,2026|porsche|cayenne|turbo3
74b44f017de323232cbfc04d,2026,Porsche,Cayenne,Turbo 4,,,WL10438,,consolidated:full_oil_filter_workbook,"{""napa_gold_filter"":""10438"",""stp_filter"":""S45005 / S45005XL"",""source_status"":""EXACT_PRIOR_YEAR_CONTINUITY — Engine Oil: exact 2025 continuity; Oil Capacity: exact 2025 continuity; Oil Plug Torque: exact 2025 continuity. WIX official application matched; NAPA Gold cross-reference derived from WIX/NAPA convention; STP product-level cross-reference validated."",""verification_status"":""incomplete"",""source_files"":""fulloilandfilter2022to2027;release_2022_2027_final_audit""}",incomplete,oil_type;oil_capacity,2026|porsche|cayenne|turbo4
26bb7ee8855f08011ba5c9c1,2026,Porsche,Macan,Turbo 2,,,WL10396,,consolidated:full_oil_filter_workbook,"{""napa_gold_filter"":""10396"",""stp_filter"":""S11784 / S11784XL"",""source_status"":""EXACT_PRIOR_YEAR_CONTINUITY — Engine Oil: exact 2025 continuity; Oil Capacity: exact 2025 continuity; Oil Plug Torque: exact 2025 continuity. WIX official application matched; NAPA Gold cross-reference derived from WIX/NAPA convention; STP product-level cross-reference validated."",""verification_status"":""incomplete"",""source_files"":""fulloilandfilter2022to2027;release_2022_2027_final_audit""}",incomplete,oil_type;oil_capacity,2026|porsche|macan|turbo2
0fb7d26736b442cfed487af2,2026,Ram,1500,Hybrid 3.6,,,WL10010,,consolidated:full_oil_filter_workbook,"{""napa_gold_filter"":""10010"",""stp_filter"":""S11665 / S11665XL"",""source_status"":""EXACT_PRIOR_YEAR_CONTINUITY — Engine Oil: exact 2025 continuity; Oil Capacity: exact 2025 continuity; Oil Plug Torque: exact 2025 continuity. WIX official application matched; NAPA Gold cross-reference derived from WIX/NAPA convention; STP product-level cross-reference validated."",""verification_status"":""incomplete"",""source_files"":""fulloilandfilter2022to2027;release_2022_2027_final_audit""}",incomplete,oil_type;oil_capacity,2026|ram|1500|hybrid36
9cd6f4432973214c58537642,2026,Ram,1500,Turbo 3,,,WL10255,,consolidated:full_oil_filter_workbook,"{""napa_gold_filter"":""10255"",""stp_filter"":""S45013"",""source_status"":""EXACT_PRIOR_YEAR_CONTINUITY — Engine Oil: exact 2025 continuity; Oil Capacity: exact 2025 continuity; Oil Plug Torque: exact 2025 continuity. WIX official application matched; NAPA Gold cross-reference derived from WIX/NAPA convention; STP product-level cross-reference validated."",""verification_status"":""incomplete"",""source_files"":""fulloilandfilter2022to2027;release_2022_2027_final_audit""}",incomplete,oil_type;oil_capacity,2026|ram|1500|turbo3
b637e2a91ec10234ee9c8dab,2026,Subaru,Wrx,Turbo 2.4,,,WL10078,,consolidated:full_oil_filter_workbook,"{""napa_gold_filter"":""10078"",""source_status"":""EXACT_PRIOR_YEAR_CONTINUITY — Engine Oil: exact 2025 continuity; Oil Capacity: exact 2025 continuity; Oil Plug Torque: exact 2025 continuity. WIX official application matched; NAPA Gold cross-reference derived from WIX/NAPA convention; STP cross-reference not verified."",""verification_status"":""incomplete"",""source_files"":""fulloilandfilter2022to2027;release_2022_2027_final_audit""}",incomplete,oil_type;oil_capacity;stp_filter,2026|subaru|wrx|turbo24
fea568e0ff0c03f5e5fcbdcd,2026,Toyota,4 Runner,Hybrid 2.4,,,WL10332,,consolidated:full_oil_filter_workbook,"{""napa_gold_filter"":""10332"",""source_status"":""EXACT_PRIOR_YEAR_CONTINUITY — Engine Oil: exact 2025 continuity; Oil Capacity: exact 2025 continuity; Oil Plug Torque: exact 2025 continuity. WIX official application matched; NAPA Gold cross-reference derived from WIX/NAPA convention; STP cross-reference not verified."",""verification_status"":""incomplete"",""source_files"":""fulloilandfilter2022to2027;release_2022_2027_final_audit""}",incomplete,oil_type;oil_capacity;stp_filter,2026|toyota|4runner|hybrid24
13aba95b1112f226b35abe87,2026,Toyota,4 Runner,Turbo 2.4,,,WL10332,,consolidated:full_oil_filter_workbook,"{""napa_gold_filter"":""10332"",""source_status"":""EXACT_PRIOR_YEAR_CONTINUITY — Engine Oil: exact 2025 continuity; Oil Capacity: exact 2025 continuity; Oil Plug Torque: exact 2025 continuity. WIX official application matched; NAPA Gold cross-reference derived from WIX/NAPA convention; STP cross-reference not verified."",""verification_status"":""incomplete"",""source_files"":""fulloilandfilter2022to2027;release_2022_2027_final_audit""}",incomplete,oil_type;oil_capacity;stp_filter,2026|toyota|4runner|turbo24
ad56608d030d90452d5db2a1,2026,Toyota,Camry,Hybrid 2.5,,,WL10332,,consolidated:full_oil_filter_workbook,"{""napa_gold_filter"":""10332"",""source_status"":""EXACT_PRIOR_YEAR_CONTINUITY — Engine Oil: exact 2025 continuity; Oil Capacity: exact 2025 continuity; Oil Plug Torque: exact 2025 continuity. WIX official application matched; NAPA Gold cross-reference derived from WIX/NAPA convention; STP cross-reference not verified."",""verification_status"":""incomplete"",""source_files"":""fulloilandfilter2022to2027;release_2022_2027_final_audit""}",incomplete,oil_type;oil_capacity;stp_filter,2026|toyota|camry|hybrid25
470a1de2d70cc18ea22197ee,2026,Toyota,Corolla,Hybrid 1.8,,,51394,,consolidated:full_oil_filter_workbook,"{""napa_gold_filter"":""1394"",""source_status"":""EXACT_PRIOR_YEAR_CONTINUITY — Engine Oil: exact 2025 continuity; Oil Capacity: exact 2025 continuity; Oil Plug Torque: exact 2025 continuity. WIX official application matched; NAPA Gold cross-reference derived from WIX/NAPA convention; STP cross-reference not verified."",""verification_status"":""incomplete"",""source_files"":""fulloilandfilter2022to2027;release_2022_2027_final_audit""}",incomplete,oil_type;oil_capacity;stp_filter,2026|toyota|corolla|hybrid18
d0b1ef182436ef46b37304f6,2026,Toyota,Corolla Cross,2,,,WL10332,,consolidated:full_oil_filter_workbook,"{""napa_gold_filter"":""10332"",""source_status"":""EXACT_PRIOR_YEAR_CONTINUITY — Engine Oil: exact 2025 continuity; Oil Capacity: exact 2025 continuity; Oil Plug Torque: exact 2025 continuity. WIX official application matched; NAPA Gold cross-reference derived from WIX/NAPA convention; STP cross-reference not verified."",""verification_status"":""incomplete"",""source_files"":""fulloilandfilter2022to2027;release_2022_2027_final_audit""}",incomplete,oil_type;oil_capacity;stp_filter,2026|toyota|corollacross|2
43036e2e705b96fc4d7837ff,2026,Toyota,Corolla Cross,Hybrid 2,,,WL10332,,consolidated:full_oil_filter_workbook,"{""napa_gold_filter"":""10332"",""source_status"":""EXACT_PRIOR_YEAR_CONTINUITY — Engine Oil: exact 2025 continuity; Oil Capacity: exact 2025 continuity; Oil Plug Torque: exact 2025 continuity. WIX official application matched; NAPA Gold cross-reference derived from WIX/NAPA convention; STP cross-reference not verified."",""verification_status"":""incomplete"",""source_files"":""fulloilandfilter2022to2027;release_2022_2027_final_audit""}",incomplete,oil_type;oil_capacity;stp_filter,2026|toyota|corollacross|hybrid2
95d7cb8a4954d0603af29ae6,2026,Toyota,Crown,Hybrid 2.5,,,51394,,consolidated:full_oil_filter_workbook,"{""napa_gold_filter"":""1394"",""source_status"":""EXACT_PRIOR_YEAR_CONTINUITY — Engine Oil: exact 2025 continuity; Oil Capacity: exact 2025 continuity; Oil Plug Torque: exact 2025 continuity. WIX official application matched; NAPA Gold cross-reference derived from WIX/NAPA convention; STP cross-reference not verified."",""verification_status"":""incomplete"",""source_files"":""fulloilandfilter2022to2027;release_2022_2027_final_audit""}",incomplete,oil_type;oil_capacity;stp_filter,2026|toyota|crown|hybrid25
6dd3035f93a4b196902b3803,2026,Toyota,Crown Signia,Hybrid 2.5,,,WL10332,,consolidated:full_oil_filter_workbook,"{""napa_gold_filter"":""10332"",""source_status"":""EXACT_PRIOR_YEAR_CONTINUITY — Engine Oil: exact 2025 continuity; Oil Capacity: exact 2025 continuity; Oil Plug Torque: exact 2025 continuity. WIX official application matched; NAPA Gold cross-reference derived from WIX/NAPA convention; STP cross-reference not verified."",""verification_status"":""incomplete"",""source_files"":""fulloilandfilter2022to2027;release_2022_2027_final_audit""}",incomplete,oil_type;oil_capacity;stp_filter,2026|toyota|crownsignia|hybrid25
9faef5e625d5dfd2eec03845,2026,Toyota,GR Corolla,Turbo 1.6,,,51394,,consolidated:full_oil_filter_workbook,"{""napa_gold_filter"":""1394"",""source_status"":""EXACT_PRIOR_YEAR_CONTINUITY — Engine Oil: exact 2025 continuity; Oil Capacity: exact 2025 continuity; Oil Plug Torque: exact 2025 continuity. WIX official application matched; NAPA Gold cross-reference derived from WIX/NAPA convention; STP cross-reference not verified."",""verification_status"":""incomplete"",""source_files"":""fulloilandfilter2022to2027;release_2022_2027_final_audit""}",incomplete,oil_type;oil_capacity;stp_filter,2026|toyota|grcorolla|turbo16
e4deb9077fb4556df4a614c4,2026,Toyota,Gr 86,2.4,,,WL10078,,consolidated:full_oil_filter_workbook,"{""oil_plug_torque"":""31 ft. lbs."",""napa_gold_filter"":""10078"",""source_status"":""EXACT_PRIOR_YEAR_CONTINUITY — Engine Oil: exact 2025 continuity; Oil Capacity: exact 2025 continuity; Oil Plug Torque: exact 2025 continuity. WIX official application matched; NAPA Gold cross-reference derived from WIX/NAPA convention; STP cross-reference not verified."",""verification_status"":""incomplete"",""source_files"":""fulloilandfilter2022to2027;release_2022_2027_final_audit""}",incomplete,oil_type;oil_capacity;stp_filter,2026|toyota|gr86|24
245f345b75a0a12e3cc04b7d,2026,Toyota,Gr Supra,Turbo 3,,,WL10342,,consolidated:full_oil_filter_workbook,"{""napa_gold_filter"":""10342"",""stp_filter"":""S90186 / S90186XL"",""source_status"":""EXACT_PRIOR_YEAR_CONTINUITY — Engine Oil: exact 2025 continuity; Oil Capacity: exact 2025 continuity; Oil Plug Torque: exact 2025 continuity. WIX official application matched; NAPA Gold cross-reference derived from WIX/NAPA convention; STP product-level cross-reference validated."",""verification_status"":""incomplete"",""source_files"":""fulloilandfilter2022to2027;release_2022_2027_final_audit""}",incomplete,oil_type;oil_capacity,2026|toyota|grsupra|turbo3
e31a7771a6b4393cb56e21dd,2026,Toyota,Grand Highlander,Hybrid 2.4,,,WL10332,,consolidated:full_oil_filter_workbook,"{""napa_gold_filter"":""10332"",""source_status"":""EXACT_PRIOR_YEAR_CONTINUITY — Engine Oil: exact 2025 continuity; Oil Capacity: exact 2025 continuity; Oil Plug Torque: exact 2025 continuity. WIX official application matched; NAPA Gold cross-reference derived from WIX/NAPA convention; STP cross-reference not verified."",""verification_status"":""incomplete"",""source_files"":""fulloilandfilter2022to2027;release_2022_2027_final_audit""}",incomplete,oil_type;oil_capacity;stp_filter,2026|toyota|grandhighlander|hybrid24
ced53fca39f0addb0d22ae9c,2026,Toyota,Grand Highlander,Turbo 2.4,,,WL10332,,consolidated:full_oil_filter_workbook,"{""napa_gold_filter"":""10332"",""source_status"":""EXACT_PRIOR_YEAR_CONTINUITY — Engine Oil: exact 2025 continuity; Oil Capacity: exact 2025 continuity; Oil Plug Torque: exact 2025 continuity. WIX official application matched; NAPA Gold cross-reference derived from WIX/NAPA convention; STP cross-reference not verified."",""verification_status"":""incomplete"",""source_files"":""fulloilandfilter2022to2027;release_2022_2027_final_audit""}",incomplete,oil_type;oil_capacity;stp_filter,2026|toyota|grandhighlander|turbo24
19abdab089e8b7a0da566776,2026,Toyota,Highlander,Hybrid 2.5,,,WL10332,,consolidated:full_oil_filter_workbook,"{""napa_gold_filter"":""10332"",""source_status"":""EXACT_PRIOR_YEAR_CONTINUITY — Engine Oil: exact 2025 continuity; Oil Capacity: exact 2025 continuity; Oil Plug Torque: exact 2025 continuity. WIX official application matched; NAPA Gold cross-reference derived from WIX/NAPA convention; STP cross-reference not verified."",""verification_status"":""incomplete"",""source_files"":""fulloilandfilter2022to2027;release_2022_2027_final_audit""}",incomplete,oil_type;oil_capacity;stp_filter,2026|toyota|highlander|hybrid25
8b20d898c77ee193a753010f,2026,Toyota,Highlander,Turbo 2.4,,,51348,,consolidated:full_oil_filter_workbook,"{""napa_gold_filter"":""1348"",""stp_filter"":""PH2811"",""source_status"":""EXACT_PRIOR_YEAR_CONTINUITY — Engine Oil: exact 2025 continuity; Oil Capacity: exact 2025 continuity; Oil Plug Torque: exact 2025 continuity. WIX official application matched; NAPA Gold cross-reference derived from WIX/NAPA convention; STP product-level cross-reference validated."",""verification_status"":""incomplete"",""source_files"":""fulloilandfilter2022to2027;release_2022_2027_final_audit""}",incomplete,oil_type;oil_capacity,2026|toyota|highlander|turbo24
5da4a6f121e84a220d217cc6,2026,Toyota,Land Cruiser,Turbo 2.4,,,57145,,consolidated:full_oil_filter_workbook,"{""napa_gold_filter"":""7145"",""source_status"":""EXACT_PRIOR_YEAR_CONTINUITY — Engine Oil: exact 2025 continuity; Oil Capacity: exact 2025 continuity; Oil Plug Torque: exact 2025 continuity. WIX official application matched; NAPA Gold cross-reference derived from WIX/NAPA convention; STP cross-reference not verified."",""verification_status"":""incomplete"",""source_files"":""fulloilandfilter2022to2027;release_2022_2027_final_audit""}",incomplete,oil_type;oil_capacity;stp_filter,2026|toyota|landcruiser|turbo24
febc213d55a3c7fac0f66048,2026,Toyota,Prius,Hybrid 2,,,51394,,consolidated:full_oil_filter_workbook,"{""napa_gold_filter"":""1394"",""source_status"":""EXACT_PRIOR_YEAR_CONTINUITY — Engine Oil: exact 2025 continuity; Oil Capacity: exact 2025 continuity; Oil Plug Torque: exact 2025 continuity. WIX official application matched; NAPA Gold cross-reference derived from WIX/NAPA convention; STP cross-reference not verified."",""verification_status"":""incomplete"",""source_files"":""fulloilandfilter2022to2027;release_2022_2027_final_audit""}",incomplete,oil_type;oil_capacity;stp_filter,2026|toyota|prius|hybrid2
40b244f4cc63dcaf6230d643,2026,Toyota,Rav4,Hybrid 2.5,,,WL10332,,consolidated:full_oil_filter_workbook,"{""napa_gold_filter"":""10332"",""source_status"":""EXACT_PRIOR_YEAR_CONTINUITY — Engine Oil: exact 2025 continuity; Oil Capacity: exact 2025 continuity; Oil Plug Torque: exact 2025 continuity. WIX official application matched; NAPA Gold cross-reference derived from WIX/NAPA convention; STP cross-reference not verified."",""verification_status"":""incomplete"",""source_files"":""fulloilandfilter2022to2027;release_2022_2027_final_audit""}",incomplete,oil_type;oil_capacity;stp_filter,2026|toyota|rav4|hybrid25
2eecb960c3b51e8c878af8ef,2026,Toyota,Sequoia,Turbo 3.4,,,57145,,consolidated:full_oil_filter_workbook,"{""napa_gold_filter"":""7145"",""source_status"":""EXACT_PRIOR_YEAR_CONTINUITY — Engine Oil: exact 2025 continuity; Oil Capacity: exact 2025 continuity; Oil Plug Torque: exact 2025 continuity. WIX official application matched; NAPA Gold cross-reference derived from WIX/NAPA convention; STP cross-reference not verified."",""verification_status"":""incomplete"",""source_files"":""fulloilandfilter2022to2027;release_2022_2027_final_audit""}",incomplete,oil_type;oil_capacity;stp_filter,2026|toyota|sequoia|turbo34
7418c582b18486a7efcf3207,2026,Toyota,Tacoma,Turbo 2.4,,,WL10332,,consolidated:full_oil_filter_workbook,"{""napa_gold_filter"":""10332"",""source_status"":""EXACT_PRIOR_YEAR_CONTINUITY — Engine Oil: exact 2025 continuity; Oil Capacity: exact 2025 continuity; Oil Plug Torque: exact 2025 continuity. WIX official application matched; NAPA Gold cross-reference derived from WIX/NAPA convention; STP cross-reference not verified."",""verification_status"":""incomplete"",""source_files"":""fulloilandfilter2022to2027;release_2022_2027_final_audit""}",incomplete,oil_type;oil_capacity;stp_filter,2026|toyota|tacoma|turbo24
8e77204ed0092222318a4f1d,2026,Toyota,Tundra,Turbo 3.4,,,57145,,consolidated:full_oil_filter_workbook,"{""napa_gold_filter"":""7145"",""source_status"":""EXACT_PRIOR_YEAR_CONTINUITY — Engine Oil: exact 2025 continuity; Oil Capacity: exact 2025 continuity; Oil Plug Torque: exact 2025 continuity. WIX official application matched; NAPA Gold cross-reference derived from WIX/NAPA convention; STP cross-reference not verified."",""verification_status"":""incomplete"",""source_files"":""fulloilandfilter2022to2027;release_2022_2027_final_audit""}",incomplete,oil_type;oil_capacity;stp_filter,2026|toyota|tundra|turbo34
d9a38cd432b54e11b0b63a3d,2026,Volkswagen,Atlas,Turbo 1.5,,,51348,,consolidated:full_oil_filter_workbook,"{""napa_gold_filter"":""1348"",""stp_filter"":""PH2811"",""source_status"":""UNVERIFIED_OIL_SERVICE_DATA — Engine Oil: no validated continuity source; Oil Capacity: no validated continuity source; Oil Plug Torque: no validated continuity source. WIX official application matched; NAPA Gold cross-reference derived from WIX/NAPA convention; STP product-level cross-reference validated."",""verification_status"":""unverified"",""source_files"":""fulloilandfilter2022to2027;release_2022_2027_final_audit""}",unverified,oil_type;oil_capacity,2026|volkswagen|atlas|turbo15
6b82087e127b71cf5ab6d87c,2026,Volkswagen,Atlas,Turbo 2,,,WL10396,,consolidated:full_oil_filter_workbook,"{""napa_gold_filter"":""10396"",""stp_filter"":""S11784 / S11784XL"",""source_status"":""EXACT_PRIOR_YEAR_CONTINUITY — Engine Oil: exact 2025 continuity; Oil Capacity: exact 2025 continuity; Oil Plug Torque: exact 2025 continuity. WIX official application matched; NAPA Gold cross-reference derived from WIX/NAPA convention; STP product-level cross-reference validated."",""verification_status"":""incomplete"",""source_files"":""fulloilandfilter2022to2027;release_2022_2027_final_audit""}",incomplete,oil_type;oil_capacity,2026|volkswagen|atlas|turbo2
17cf3ab43d196558fdefc013,2026,Volkswagen,Golf R,Turbo 2,,,WL10396,,consolidated:full_oil_filter_workbook,"{""napa_gold_filter"":""10396"",""stp_filter"":""S11784 / S11784XL"",""source_status"":""EXACT_PRIOR_YEAR_CONTINUITY — Engine Oil: exact 2025 continuity; Oil Capacity: exact 2025 continuity; Oil Plug Torque: exact 2025 continuity. WIX official application matched; NAPA Gold cross-reference derived from WIX/NAPA convention; STP product-level cross-reference validated."",""verification_status"":""incomplete"",""source_files"":""fulloilandfilter2022to2027;release_2022_2027_final_audit""}",incomplete,oil_type;oil_capacity,2026|volkswagen|golfr|turbo2
f567e4bae661cd64ad402b35,2026,Volkswagen,Gti,Turbo 2,,,WL10396,,consolidated:full_oil_filter_workbook,"{""napa_gold_filter"":""10396"",""stp_filter"":""S11784 / S11784XL"",""source_status"":""EXACT_PRIOR_YEAR_CONTINUITY — Engine Oil: exact 2025 continuity; Oil Capacity: exact 2025 continuity; Oil Plug Torque: exact 2025 continuity. WIX official application matched; NAPA Gold cross-reference derived from WIX/NAPA convention; STP product-level cross-reference validated."",""verification_status"":""incomplete"",""source_files"":""fulloilandfilter2022to2027;release_2022_2027_final_audit""}",incomplete,oil_type;oil_capacity,2026|volkswagen|gti|turbo2
24dbc345e32aa6ea7c4df7b6,2026,Volkswagen,Jetta,Turbo 2,,,WL10396,,consolidated:full_oil_filter_workbook,"{""napa_gold_filter"":""10396"",""stp_filter"":""S11784 / S11784XL"",""source_status"":""EXACT_PRIOR_YEAR_CONTINUITY — Engine Oil: exact 2025 continuity; Oil Capacity: exact 2025 continuity; Oil Plug Torque: exact 2025 continuity. WIX official application matched; NAPA Gold cross-reference derived from WIX/NAPA convention; STP product-level cross-reference validated."",""verification_status"":""incomplete"",""source_files"":""fulloilandfilter2022to2027;release_2022_2027_final_audit""}",incomplete,oil_type;oil_capacity,2026|volkswagen|jetta|turbo2
7125d5117442b32764f6a86f,2026,Volkswagen,Jetta Gli,Turbo 2,,,WL10396,,consolidated:full_oil_filter_workbook,"{""napa_gold_filter"":""10396"",""stp_filter"":""S11784 / S11784XL"",""source_status"":""EXACT_PRIOR_YEAR_CONTINUITY — Engine Oil: exact 2024 continuity; Oil Capacity: exact 2024 continuity; Oil Plug Torque: exact 2024 continuity. WIX official application matched; NAPA Gold cross-reference derived from WIX/NAPA convention; STP product-level cross-reference validated."",""verification_status"":""incomplete"",""source_files"":""fulloilandfilter2022to2027;release_2022_2027_final_audit""}",incomplete,oil_type;oil_capacity,2026|volkswagen|jettagli|turbo2
b97791c881af6566e67daa74,2026,Volkswagen,Tiguan,Turbo 2,,,WL10396,,consolidated:full_oil_filter_workbook,"{""napa_gold_filter"":""10396"",""stp_filter"":""S11784 / S11784XL"",""source_status"":""EXACT_PRIOR_YEAR_CONTINUITY — Engine Oil: exact 2025 continuity; Oil Capacity: exact 2025 continuity; Oil Plug Torque: exact 2025 continuity. WIX official application matched; NAPA Gold cross-reference derived from WIX/NAPA convention; STP product-level cross-reference validated."",""verification_status"":""incomplete"",""source_files"":""fulloilandfilter2022to2027;release_2022_2027_final_audit""}",incomplete,oil_type;oil_capacity,2026|volkswagen|tiguan|turbo2
8b124ded49a92b8b4b95904e,2026,Volvo,V60 Cross Country,Turbo 2,,,WL10241,,consolidated:full_oil_filter_workbook,"{""napa_gold_filter"":""10241"",""stp_filter"":""S45012 / S45012XL"",""source_status"":""EXACT_PRIOR_YEAR_CONTINUITY — Engine Oil: exact 2025 continuity; Oil Capacity: exact 2025 continuity; Oil Plug Torque: exact 2025 continuity. WIX official application matched; NAPA Gold cross-reference derived from WIX/NAPA convention; STP product-level cross-reference validated."",""verification_status"":""incomplete"",""source_files"":""fulloilandfilter2022to2027;release_2022_2027_final_audit""}",incomplete,oil_type;oil_capacity,2026|volvo|v60crosscountry|turbo2
b8cfbafe3078e2ee24f642b3,2026,Volvo,V90 Cross Country,Turbo 2,,,WL10241,,consolidated:full_oil_filter_workbook,"{""napa_gold_filter"":""10241"",""stp_filter"":""S45012 / S45012XL"",""source_status"":""EXACT_PRIOR_YEAR_CONTINUITY — Engine Oil: exact 2025 continuity; Oil Capacity: exact 2025 continuity; Oil Plug Torque: exact 2025 continuity. WIX official application matched; NAPA Gold cross-reference derived from WIX/NAPA convention; STP product-level cross-reference validated."",""verification_status"":""incomplete"",""source_files"":""fulloilandfilter2022to2027;release_2022_2027_final_audit""}",incomplete,oil_type;oil_capacity,2026|volvo|v90crosscountry|turbo2
3e49e74d96e95e77386de889,2026,Volvo,Xc40,Turbo 2,,,WL10241,,consolidated:full_oil_filter_workbook,"{""napa_gold_filter"":""10241"",""stp_filter"":""S45012 / S45012XL"",""source_status"":""EXACT_PRIOR_YEAR_CONTINUITY — Engine Oil: exact 2025 continuity; Oil Capacity: exact 2025 continuity; Oil Plug Torque: exact 2025 continuity. WIX official application matched; NAPA Gold cross-reference derived from WIX/NAPA convention; STP product-level cross-reference validated."",""verification_status"":""incomplete"",""source_files"":""fulloilandfilter2022to2027;release_2022_2027_final_audit""}",incomplete,oil_type;oil_capacity,2026|volvo|xc40|turbo2
d36337e5adc83f4ef358eb06,2026,Volvo,Xc60,Turbo 2,,,WL10241,,consolidated:full_oil_filter_workbook,"{""napa_gold_filter"":""10241"",""stp_filter"":""S45012 / S45012XL"",""source_status"":""EXACT_PRIOR_YEAR_CONTINUITY — Engine Oil: exact 2025 continuity; Oil Capacity: exact 2025 continuity; Oil Plug Torque: exact 2025 continuity. WIX official application matched; NAPA Gold cross-reference derived from WIX/NAPA convention; STP product-level cross-reference validated."",""verification_status"":""incomplete"",""source_files"":""fulloilandfilter2022to2027;release_2022_2027_final_audit""}",incomplete,oil_type;oil_capacity,2026|volvo|xc60|turbo2
71624d548483f27da56bed48,2026,Volvo,Xc90,Turbo 2,,,WL10241,,consolidated:full_oil_filter_workbook,"{""napa_gold_filter"":""10241"",""stp_filter"":""S45012 / S45012XL"",""source_status"":""EXACT_PRIOR_YEAR_CONTINUITY — Engine Oil: exact 2025 continuity; Oil Capacity: exact 2025 continuity; Oil Plug Torque: exact 2025 continuity. WIX official application matched; NAPA Gold cross-reference derived from WIX/NAPA convention; STP product-level cross-reference validated."",""verification_status"":""incomplete"",""source_files"":""fulloilandfilter2022to2027;release_2022_2027_final_audit""}",incomplete,oil_type;oil_capacity,2026|volvo|xc90|turbo2
0e281c622ac93bc9b8e6a664,2027,Acura,Adx,Turbo 1.5,,,57356,,consolidated:full_oil_filter_workbook,"{""napa_gold_filter"":""7356"",""source_status"":""EXACT_PRIOR_YEAR_CONTINUITY — Engine Oil: exact 2026 continuity; Oil Capacity: exact 2026 continuity; Oil Plug Torque: exact 2026 continuity. WIX official application matched; NAPA Gold cross-reference derived from WIX/NAPA convention; STP cross-reference not verified."",""verification_status"":""incomplete"",""source_files"":""fulloilandfilter2022to2027;release_2022_2027_final_audit""}",incomplete,oil_type;oil_capacity;stp_filter,2027|acura|adx|turbo15
f4ffe158e2ab674e002ee5ed,2027,Acura,Integra,Turbo 1.5,,,57356,,consolidated:full_oil_filter_workbook,"{""napa_gold_filter"":""7356"",""source_status"":""EXACT_PRIOR_YEAR_CONTINUITY — Engine Oil: exact 2026 continuity; Oil Capacity: exact 2026 continuity; Oil Plug Torque: exact 2026 continuity. WIX official application matched; NAPA Gold cross-reference derived from WIX/NAPA convention; STP cross-reference not verified."",""verification_status"":""incomplete"",""source_files"":""fulloilandfilter2022to2027;release_2022_2027_final_audit""}",incomplete,oil_type;oil_capacity;stp_filter,2027|acura|integra|turbo15
2c2d0a0ea2a1b4f88e0e1287,2027,Acura,Integra,Turbo 2,,,57356,,consolidated:full_oil_filter_workbook,"{""napa_gold_filter"":""7356"",""source_status"":""ENGINE_FILTER_FAMILY_CONTINUITY — Engine Oil: 7/7 same engine/filter family; Oil Capacity: 7/7 same engine/filter family; Oil Plug Torque: 7/7 same engine/filter family. WIX official application matched; NAPA Gold cross-reference derived from WIX/NAPA convention; STP cross-reference not verified."",""verification_status"":""incomplete"",""source_files"":""fulloilandfilter2022to2027;release_2022_2027_final_audit""}",incomplete,oil_type;oil_capacity;stp_filter,2027|acura|integra|turbo2
92e153bafc7d06e5527351b9,2027,Acura,Mdx,Turbo 3,,,57356,,consolidated:full_oil_filter_workbook,"{""napa_gold_filter"":""7356"",""source_status"":""EXACT_PRIOR_YEAR_CONTINUITY — Engine Oil: exact 2026 continuity; Oil Capacity: exact 2026 continuity; Oil Plug Torque: exact 2026 continuity. WIX official application matched; NAPA Gold cross-reference derived from WIX/NAPA convention; STP cross-reference not verified."",""verification_status"":""incomplete"",""source_files"":""fulloilandfilter2022to2027;release_2022_2027_final_audit""}",incomplete,oil_type;oil_capacity;stp_filter,2027|acura|mdx|turbo3
a9363d36fbd354a4f8eadd05,2027,Acura,Rdx,Turbo 2,,,57356,,consolidated:full_oil_filter_workbook,"{""napa_gold_filter"":""7356"",""source_status"":""EXACT_PRIOR_YEAR_CONTINUITY — Engine Oil: exact 2026 continuity; Oil Capacity: exact 2026 continuity; Oil Plug Torque: exact 2026 continuity. WIX official application matched; NAPA Gold cross-reference derived from WIX/NAPA convention; STP cross-reference not verified."",""verification_status"":""incomplete"",""source_files"":""fulloilandfilter2022to2027;release_2022_2027_final_audit""}",incomplete,oil_type;oil_capacity;stp_filter,2027|acura|rdx|turbo2
5c29b0fbbdae7b16255638bb,2027,Alfa Romeo,Giulia,Turbo 2,,,57060,,consolidated:full_oil_filter_workbook,"{""napa_gold_filter"":""7060"",""stp_filter"":""S3506"",""source_status"":""EXACT_PRIOR_YEAR_CONTINUITY — Engine Oil: exact 2026 continuity; Oil Capacity: exact 2026 continuity; Oil Plug Torque: exact 2026 continuity. WIX official application matched; NAPA Gold cross-reference derived from WIX/NAPA convention; STP product-level cross-reference validated."",""verification_status"":""incomplete"",""source_files"":""fulloilandfilter2022to2027;release_2022_2027_final_audit""}",incomplete,oil_type;oil_capacity,2027|alfaromeo|giulia|turbo2
4369f15ea47c1ca0fcf6fc8f,2027,Alfa Romeo,Stelvio,Turbo 2,,,57060,,consolidated:full_oil_filter_workbook,"{""napa_gold_filter"":""7060"",""stp_filter"":""S3506"",""source_status"":""EXACT_PRIOR_YEAR_CONTINUITY — Engine Oil: exact 2026 continuity; Oil Capacity: exact 2026 continuity; Oil Plug Torque: exact 2026 continuity. WIX official application matched; NAPA Gold cross-reference derived from WIX/NAPA convention; STP product-level cross-reference validated."",""verification_status"":""incomplete"",""source_files"":""fulloilandfilter2022to2027;release_2022_2027_final_audit""}",incomplete,oil_type;oil_capacity,2027|alfaromeo|stelvio|turbo2
aa4c4b5b193c3c635c864cc6,2027,Alfa Romeo,Tonale,Turbo 2,,,57060,,consolidated:full_oil_filter_workbook,"{""napa_gold_filter"":""7060"",""stp_filter"":""S3506"",""source_status"":""EXACT_PRIOR_YEAR_CONTINUITY — Engine Oil: exact 2026 continuity; Oil Capacity: exact 2026 continuity; Oil Plug Torque: exact 2026 continuity. WIX official application matched; NAPA Gold cross-reference derived from WIX/NAPA convention; STP product-level cross-reference validated."",""verification_status"":""incomplete"",""source_files"":""fulloilandfilter2022to2027;release_2022_2027_final_audit""}",incomplete,oil_type;oil_capacity,2027|alfaromeo|tonale|turbo2
4808ef31b068b24040ad705f,2027,Audi,A3,Turbo 2,,,WL10396,,consolidated:full_oil_filter_workbook,"{""napa_gold_filter"":""10396"",""stp_filter"":""S11784 / S11784XL"",""source_status"":""EXACT_PRIOR_YEAR_CONTINUITY — Engine Oil: exact 2026 continuity; Oil Capacity: exact 2026 continuity; Oil Plug Torque: exact 2026 continuity. WIX official application matched; NAPA Gold cross-reference derived from WIX/NAPA convention; STP product-level cross-reference validated."",""verification_status"":""incomplete"",""source_files"":""fulloilandfilter2022to2027;release_2022_2027_final_audit""}",incomplete,oil_type;oil_capacity,2027|audi|a3|turbo2
83a90a9682541ee6fda6b66b,2027,Audi,A3 Quattro,Turbo 2,,,WL10396,,consolidated:full_oil_filter_workbook,"{""napa_gold_filter"":""10396"",""stp_filter"":""S11784 / S11784XL"",""source_status"":""EXACT_PRIOR_YEAR_CONTINUITY — Engine Oil: exact 2026 continuity; Oil Capacity: exact 2026 continuity; Oil Plug Torque: exact 2026 continuity. WIX official application matched; NAPA Gold cross-reference derived from WIX/NAPA convention; STP product-level cross-reference validated."",""verification_status"":""incomplete"",""source_files"":""fulloilandfilter2022to2027;release_2022_2027_final_audit""}",incomplete,oil_type;oil_capacity,2027|audi|a3quattro|turbo2
f1fbe6f1928c3f181ee92443,2027,Audi,A5,Turbo 2,,,WL10396,,consolidated:full_oil_filter_workbook,"{""napa_gold_filter"":""10396"",""stp_filter"":""S11784 / S11784XL"",""source_status"":""EXACT_PRIOR_YEAR_CONTINUITY — Engine Oil: exact 2023 continuity; Oil Capacity: exact 2023 continuity; Oil Plug Torque: exact 2023 continuity. WIX official application matched; NAPA Gold cross-reference derived from WIX/NAPA convention; STP product-level cross-reference validated."",""verification_status"":""incomplete"",""source_files"":""fulloilandfilter2022to2027;release_2022_2027_final_audit""}",incomplete,oil_type;oil_capacity,2027|audi|a5|turbo2
442c411c4b41081cd859cbcd,2027,Audi,A5 Quattro,Turbo 2,,,WL10396,,consolidated:full_oil_filter_workbook,"{""napa_gold_filter"":""10396"",""stp_filter"":""S11784 / S11784XL"",""source_status"":""EXACT_PRIOR_YEAR_CONTINUITY — Engine Oil: exact 2026 continuity; Oil Capacity: exact 2026 continuity; Oil Plug Torque: exact 2026 continuity. WIX official application matched; NAPA Gold cross-reference derived from WIX/NAPA convention; STP product-level cross-reference validated."",""verification_status"":""incomplete"",""source_files"":""fulloilandfilter2022to2027;release_2022_2027_final_audit""}",incomplete,oil_type;oil_capacity,2027|audi|a5quattro|turbo2
473573aa646eba1d07bcfd62,2027,Audi,A6,Turbo 2,,,WL10396,,consolidated:full_oil_filter_workbook,"{""napa_gold_filter"":""10396"",""stp_filter"":""S11784 / S11784XL"",""source_status"":""EXACT_PRIOR_YEAR_CONTINUITY — Engine Oil: exact 2024 continuity; Oil Capacity: exact 2024 continuity; Oil Plug Torque: exact 2024 continuity. WIX official application matched; NAPA Gold cross-reference derived from WIX/NAPA convention; STP product-level cross-reference validated."",""verification_status"":""incomplete"",""source_files"":""fulloilandfilter2022to2027;release_2022_2027_final_audit""}",incomplete,oil_type;oil_capacity,2027|audi|a6|turbo2
4234dc2c4ed20b8959288a81,2027,Audi,A6 Quattro,Turbo 3,,,WL10438,,consolidated:full_oil_filter_workbook,"{""napa_gold_filter"":""10438"",""stp_filter"":""S45005 / S45005XL"",""source_status"":""EXACT_PRIOR_YEAR_CONTINUITY — Engine Oil: exact 2026 continuity; Oil Capacity: exact 2026 continuity; Oil Plug Torque: exact 2026 continuity. WIX official application matched; NAPA Gold cross-reference derived from WIX/NAPA convention; STP product-level cross-reference validated."",""verification_status"":""incomplete"",""source_files"":""fulloilandfilter2022to2027;release_2022_2027_final_audit""}",incomplete,oil_type;oil_capacity,2027|audi|a6quattro|turbo3
39a64ac069d8b50de7fcfcee,2027,Audi,A8 Quattro,Turbo 3,,,WL10438,,consolidated:full_oil_filter_workbook,"{""napa_gold_filter"":""10438"",""stp_filter"":""S45005 / S45005XL"",""source_status"":""EXACT_PRIOR_YEAR_CONTINUITY — Engine Oil: exact 2026 continuity; Oil Capacity: exact 2026 continuity; Oil Plug Torque: exact 2026 continuity. WIX official application matched; NAPA Gold cross-reference derived from WIX/NAPA convention; STP product-level cross-reference validated."",""verification_status"":""incomplete"",""source_files"":""fulloilandfilter2022to2027;release_2022_2027_final_audit""}",incomplete,oil_type;oil_capacity,2027|audi|a8quattro|turbo3
7081db8db7b08463eb659b70,2027,Audi,Q3,Turbo 2,,,WL10396,,consolidated:full_oil_filter_workbook,"{""napa_gold_filter"":""10396"",""stp_filter"":""S11784 / S11784XL"",""source_status"":""EXACT_PRIOR_YEAR_CONTINUITY — Engine Oil: exact 2026 continuity; Oil Capacity: exact 2026 continuity; Oil Plug Torque: exact 2026 continuity. WIX official application matched; NAPA Gold cross-reference derived from WIX/NAPA convention; STP product-level cross-reference validated."",""verification_status"":""incomplete"",""source_files"":""fulloilandfilter2022to2027;release_2022_2027_final_audit""}",incomplete,oil_type;oil_capacity,2027|audi|q3|turbo2
ccac6eff649fc0c653a968c5,2027,Audi,Q5,Turbo 2,,,WL10396,,consolidated:full_oil_filter_workbook,"{""napa_gold_filter"":""10396"",""stp_filter"":""S11784 / S11784XL"",""source_status"":""EXACT_PRIOR_YEAR_CONTINUITY — Engine Oil: exact 2026 continuity; Oil Capacity: exact 2026 continuity; Oil Plug Torque: exact 2026 continuity. WIX official application matched; NAPA Gold cross-reference derived from WIX/NAPA convention; STP product-level cross-reference validated."",""verification_status"":""incomplete"",""source_files"":""fulloilandfilter2022to2027;release_2022_2027_final_audit""}",incomplete,oil_type;oil_capacity,2027|audi|q5|turbo2
1517a42d4f03321c625a8082,2027,Audi,Q5 Sportback,2,,,WL10396,,consolidated:full_oil_filter_workbook,"{""napa_gold_filter"":""10396"",""stp_filter"":""S11784 / S11784XL"",""source_status"":""UNVERIFIED_OIL_SERVICE_DATA — Engine Oil: no validated continuity source; Oil Capacity: no validated continuity source; Oil Plug Torque: no validated continuity source. WIX official application matched; NAPA Gold cross-reference derived from WIX/NAPA convention; STP product-level cross-reference validated."",""verification_status"":""unverified"",""source_files"":""fulloilandfilter2022to2027;release_2022_2027_final_audit""}",unverified,oil_type;oil_capacity,2027|audi|q5sportback|2
dc2b450eb31e11020c207939,2027,Audi,Q8,Turbo 3,,,WL10438,,consolidated:full_oil_filter_workbook,"{""napa_gold_filter"":""10438"",""stp_filter"":""S45005 / S45005XL"",""source_status"":""EXACT_PRIOR_YEAR_CONTINUITY — Engine Oil: exact 2026 continuity; Oil Capacity: exact 2026 continuity; Oil Plug Torque: exact 2026 continuity. WIX official application matched; NAPA Gold cross-reference derived from WIX/NAPA convention; STP product-level cross-reference validated."",""verification_status"":""incomplete"",""source_files"":""fulloilandfilter2022to2027;release_2022_2027_final_audit""}",incomplete,oil_type;oil_capacity,2027|audi|q8|turbo3
bd7ceb807507babb5fccc189,2027,Audi,Rs 3,Turbo 2.5,0W-30,,57187,,consolidated:full_oil_filter_workbook,"{""oil_plug_torque"":""18 ft. lbs."",""napa_gold_filter"":""7187"",""stp_filter"":""S9911"",""source_status"":""EXACT_PRIOR_YEAR_CONTINUITY — Engine Oil: exact 2026 continuity; Oil Capacity: exact 2026 continuity; Oil Plug Torque: exact 2026 continuity. WIX official application matched; NAPA Gold cross-reference derived from WIX/NAPA convention; STP product-level cross-reference validated."",""verification_status"":""incomplete"",""source_files"":""fulloilandfilter2022to2027;release_2022_2027_final_audit""}",incomplete,oil_capacity,2027|audi|rs3|turbo25
0bbe1aaa411be8a7611d555e,2027,Audi,Rs Q8,Turbo 4,,,WL10438,,consolidated:full_oil_filter_workbook,"{""napa_gold_filter"":""10438"",""stp_filter"":""S45005 / S45005XL"",""source_status"":""EXACT_PRIOR_YEAR_CONTINUITY — Engine Oil: exact 2026 continuity; Oil Capacity: exact 2026 continuity; Oil Plug Torque: exact 2026 continuity. WIX official application matched; NAPA Gold cross-reference derived from WIX/NAPA convention; STP product-level cross-reference validated."",""verification_status"":""incomplete"",""source_files"":""fulloilandfilter2022to2027;release_2022_2027_final_audit""}",incomplete,oil_type;oil_capacity,2027|audi|rsq8|turbo4
77751491782e4adb15ff670f,2027,Audi,S3,Turbo 4,,,WL10396,,consolidated:full_oil_filter_workbook,"{""napa_gold_filter"":""10396"",""stp_filter"":""S11784 / S11784XL"",""source_status"":""EXACT_PRIOR_YEAR_CONTINUITY — Engine Oil: exact 2026 continuity; Oil Capacity: exact 2026 continuity; Oil Plug Torque: exact 2026 continuity. WIX official application matched; NAPA Gold cross-reference derived from WIX/NAPA convention; STP product-level cross-reference validated."",""verification_status"":""incomplete"",""source_files"":""fulloilandfilter2022to2027;release_2022_2027_final_audit""}",incomplete,oil_type;oil_capacity,2027|audi|s3|turbo4
2c590454cfc2822671e1945a,2027,Audi,S5,Turbo 3,,,WL10396,,consolidated:full_oil_filter_workbook,"{""napa_gold_filter"":""10396"",""stp_filter"":""S11784 / S11784XL"",""source_status"":""EXACT_PRIOR_YEAR_CONTINUITY — Engine Oil: exact 2026 continuity; Oil Capacity: exact 2026 continuity; Oil Plug Torque: exact 2026 continuity. WIX official application matched; NAPA Gold cross-reference derived from WIX/NAPA convention; STP product-level cross-reference validated."",""verification_status"":""incomplete"",""source_files"":""fulloilandfilter2022to2027;release_2022_2027_final_audit""}",incomplete,oil_type;oil_capacity,2027|audi|s5|turbo3
dc669982828a7c2c59c1055e,2027,Audi,S8,Turbo 4,,,WL10350,,consolidated:full_oil_filter_workbook,"{""napa_gold_filter"":""10350"",""stp_filter"":""S11791"",""source_status"":""EXACT_PRIOR_YEAR_CONTINUITY — Engine Oil: exact 2026 continuity; Oil Capacity: exact 2026 continuity; Oil Plug Torque: exact 2026 continuity. WIX official application matched; NAPA Gold cross-reference derived from WIX/NAPA convention; STP product-level cross-reference validated."",""verification_status"":""incomplete"",""source_files"":""fulloilandfilter2022to2027;release_2022_2027_final_audit""}",incomplete,oil_type;oil_capacity,2027|audi|s8|turbo4
4ec76af4d0a1846ec947694c,2027,Audi,SQ5 Sportback,Turbo 3,,,WL10438,,consolidated:full_oil_filter_workbook,"{""napa_gold_filter"":""10438"",""stp_filter"":""S45005 / S45005XL"",""source_status"":""EXACT_PRIOR_YEAR_CONTINUITY — Engine Oil: exact 2026 continuity; Oil Capacity: exact 2026 continuity; Oil Plug Torque: exact 2026 continuity. WIX official application matched; NAPA Gold cross-reference derived from WIX/NAPA convention; STP product-level cross-reference validated."",""verification_status"":""incomplete"",""source_files"":""fulloilandfilter2022to2027;release_2022_2027_final_audit""}",incomplete,oil_type;oil_capacity,2027|audi|sq5sportback|turbo3
d04ed17b630fe2e88724476b,2027,Audi,Sq5,Turbo 3,,,WL10438,,consolidated:full_oil_filter_workbook,"{""napa_gold_filter"":""10438"",""stp_filter"":""S45005 / S45005XL"",""source_status"":""EXACT_PRIOR_YEAR_CONTINUITY — Engine Oil: exact 2026 continuity; Oil Capacity: exact 2026 continuity; Oil Plug Torque: exact 2026 continuity. WIX official application matched; NAPA Gold cross-reference derived from WIX/NAPA convention; STP product-level cross-reference validated."",""verification_status"":""incomplete"",""source_files"":""fulloilandfilter2022to2027;release_2022_2027_final_audit""}",incomplete,oil_type;oil_capacity,2027|audi|sq5|turbo3
e777932e3695cd8d70bbf1fe,2027,Audi,Sq8,Turbo 4,,,WL10350,,consolidated:full_oil_filter_workbook,"{""napa_gold_filter"":""10350"",""stp_filter"":""S11791"",""source_status"":""EXACT_PRIOR_YEAR_CONTINUITY — Engine Oil: exact 2026 continuity; Oil Capacity: exact 2026 continuity; Oil Plug Torque: exact 2026 continuity. WIX official application matched; NAPA Gold cross-reference derived from WIX/NAPA convention; STP product-level cross-reference validated."",""verification_status"":""incomplete"",""source_files"":""fulloilandfilter2022to2027;release_2022_2027_final_audit""}",incomplete,oil_type;oil_capacity,2027|audi|sq8|turbo4
2a864074c4989386eb8386cb,2027,BMW,118i,1.5,,,WL10518,,consolidated:full_oil_filter_workbook,"{""napa_gold_filter"":""10518"",""stp_filter"":""S45018"",""source_status"":""EXACT_PRIOR_YEAR_CONTINUITY — Engine Oil: exact 2026 continuity; Oil Capacity: exact 2026 continuity; Oil Plug Torque: exact 2026 continuity. WIX official application matched; NAPA Gold cross-reference derived from WIX/NAPA convention; STP product-level cross-reference validated."",""verification_status"":""incomplete"",""source_files"":""fulloilandfilter2022to2027;release_2022_2027_final_audit""}",incomplete,oil_type;oil_capacity,2027|bmw|118i|15
52b83466913ae3e0b9ab6f62,2027,BMW,218i Gran Coupe,1.5,,,WL10518,,consolidated:full_oil_filter_workbook,"{""napa_gold_filter"":""10518"",""stp_filter"":""S45018"",""source_status"":""EXACT_PRIOR_YEAR_CONTINUITY — Engine Oil: exact 2026 continuity; Oil Capacity: exact 2026 continuity; Oil Plug Torque: exact 2026 continuity. WIX official application matched; NAPA Gold cross-reference derived from WIX/NAPA convention; STP product-level cross-reference validated."",""verification_status"":""incomplete"",""source_files"":""fulloilandfilter2022to2027;release_2022_2027_final_audit""}",incomplete,oil_type;oil_capacity,2027|bmw|218igrancoupe|15
c3567e0260ebda9893de8c6b,2027,BMW,220I,Turbo 2,,,WL10518,,consolidated:full_oil_filter_workbook,"{""napa_gold_filter"":""10518"",""stp_filter"":""S45018"",""source_status"":""EXACT_PRIOR_YEAR_CONTINUITY — Engine Oil: exact 2026 continuity; Oil Capacity: exact 2026 continuity; Oil Plug Torque: exact 2026 continuity. WIX official application matched; NAPA Gold cross-reference derived from WIX/NAPA convention; STP product-level cross-reference validated."",""verification_status"":""incomplete"",""source_files"":""fulloilandfilter2022to2027;release_2022_2027_final_audit""}",incomplete,oil_type;oil_capacity,2027|bmw|220i|turbo2
c3dd9b2cf3b9ace3ef952d92,2027,BMW,228 Gran Coupe,Turbo 2,,,WL7522,,consolidated:full_oil_filter_workbook,"{""napa_gold_filter"":""7522"",""stp_filter"":""S11885"",""source_status"":""EXACT_PRIOR_YEAR_CONTINUITY — Engine Oil: exact 2026 continuity; Oil Capacity: exact 2026 continuity; Oil Plug Torque: exact 2026 continuity. WIX official application matched; NAPA Gold cross-reference derived from WIX/NAPA convention; STP product-level cross-reference validated."",""verification_status"":""incomplete"",""source_files"":""fulloilandfilter2022to2027;release_2022_2027_final_audit""}",incomplete,oil_type;oil_capacity,2027|bmw|228grancoupe|turbo2
5322019946fedf97849b202e,2027,BMW,228 xDrive Gran Coupe,Turbo 2,,,WL7522,,consolidated:full_oil_filter_workbook,"{""napa_gold_filter"":""7522"",""stp_filter"":""S11885"",""source_status"":""EXACT_PRIOR_YEAR_CONTINUITY — Engine Oil: exact 2026 continuity; Oil Capacity: exact 2026 continuity; Oil Plug Torque: exact 2026 continuity. WIX official application matched; NAPA Gold cross-reference derived from WIX/NAPA convention; STP product-level cross-reference validated."",""verification_status"":""incomplete"",""source_files"":""fulloilandfilter2022to2027;release_2022_2027_final_audit""}",incomplete,oil_type;oil_capacity,2027|bmw|228xdrivegrancoupe|turbo2
5a57ecb0997ef33518c8748e,2027,BMW,230i,Turbo 2,,,WL10358,,consolidated:full_oil_filter_workbook,"{""napa_gold_filter"":""10358"",""stp_filter"":""S45014 / S45014XL"",""source_status"":""EXACT_PRIOR_YEAR_CONTINUITY — Engine Oil: exact 2026 continuity; Oil Capacity: exact 2026 continuity; Oil Plug Torque: exact 2026 continuity. WIX official application matched; NAPA Gold cross-reference derived from WIX/NAPA convention; STP product-level cross-reference validated."",""verification_status"":""incomplete"",""source_files"":""fulloilandfilter2022to2027;release_2022_2027_final_audit""}",incomplete,oil_type;oil_capacity,2027|bmw|230i|turbo2
de05270e806ad82f945ad41a,2027,BMW,230i xDrive,Turbo 2,,,WL10358,,consolidated:full_oil_filter_workbook,"{""napa_gold_filter"":""10358"",""stp_filter"":""S45014 / S45014XL"",""source_status"":""EXACT_PRIOR_YEAR_CONTINUITY — Engine Oil: exact 2026 continuity; Oil Capacity: exact 2026 continuity; Oil Plug Torque: exact 2026 continuity. WIX official application matched; NAPA Gold cross-reference derived from WIX/NAPA convention; STP product-level cross-reference validated."",""verification_status"":""incomplete"",""source_files"":""fulloilandfilter2022to2027;release_2022_2027_final_audit""}",incomplete,oil_type;oil_capacity,2027|bmw|230ixdrive|turbo2
232c9df2232483d2a8d956db,2027,BMW,430i,Turbo 2,,,WL10358,,consolidated:full_oil_filter_workbook,"{""napa_gold_filter"":""10358"",""stp_filter"":""S45014 / S45014XL"",""source_status"":""EXACT_PRIOR_YEAR_CONTINUITY — Engine Oil: exact 2026 continuity; Oil Capacity: exact 2026 continuity; Oil Plug Torque: exact 2026 continuity. WIX official application matched; NAPA Gold cross-reference derived from WIX/NAPA convention; STP product-level cross-reference validated."",""verification_status"":""incomplete"",""source_files"":""fulloilandfilter2022to2027;release_2022_2027_final_audit""}",incomplete,oil_type;oil_capacity,2027|bmw|430i|turbo2
d0d8c2ea3551090329d91344,2027,BMW,430i Gran Coupe,Turbo 2,,,WL10358,,consolidated:full_oil_filter_workbook,"{""napa_gold_filter"":""10358"",""stp_filter"":""S45014 / S45014XL"",""source_status"":""EXACT_PRIOR_YEAR_CONTINUITY — Engine Oil: exact 2026 continuity; Oil Capacity: exact 2026 continuity; Oil Plug Torque: exact 2026 continuity. WIX official application matched; NAPA Gold cross-reference derived from WIX/NAPA convention; STP product-level cross-reference validated."",""verification_status"":""incomplete"",""source_files"":""fulloilandfilter2022to2027;release_2022_2027_final_audit""}",incomplete,oil_type;oil_capacity,2027|bmw|430igrancoupe|turbo2
98a5821573d92f4f653d98af,2027,BMW,430i xDrive,Turbo 2,,,WL10358,,consolidated:full_oil_filter_workbook,"{""napa_gold_filter"":""10358"",""stp_filter"":""S45014 / S45014XL"",""source_status"":""EXACT_PRIOR_YEAR_CONTINUITY — Engine Oil: exact 2026 continuity; Oil Capacity: exact 2026 continuity; Oil Plug Torque: exact 2026 continuity. WIX official application matched; NAPA Gold cross-reference derived from WIX/NAPA convention; STP product-level cross-reference validated."",""verification_status"":""incomplete"",""source_files"":""fulloilandfilter2022to2027;release_2022_2027_final_audit""}",incomplete,oil_type;oil_capacity,2027|bmw|430ixdrive|turbo2
bb6e048e5f78bced9277d764,2027,BMW,430i xDrive Gran Coupe,Turbo 2,,,WL10358,,consolidated:full_oil_filter_workbook,"{""napa_gold_filter"":""10358"",""stp_filter"":""S45014 / S45014XL"",""source_status"":""EXACT_PRIOR_YEAR_CONTINUITY — Engine Oil: exact 2026 continuity; Oil Capacity: exact 2026 continuity; Oil Plug Torque: exact 2026 continuity. WIX official application matched; NAPA Gold cross-reference derived from WIX/NAPA convention; STP product-level cross-reference validated."",""verification_status"":""incomplete"",""source_files"":""fulloilandfilter2022to2027;release_2022_2027_final_audit""}",incomplete,oil_type;oil_capacity,2027|bmw|430ixdrivegrancoupe|turbo2
81eff5b404b905a8b2274772,2027,BMW,530I,Turbo 2,,,WL10358,,consolidated:full_oil_filter_workbook,"{""napa_gold_filter"":""10358"",""stp_filter"":""S45014 / S45014XL"",""source_status"":""EXACT_PRIOR_YEAR_CONTINUITY — Engine Oil: exact 2026 continuity; Oil Capacity: exact 2026 continuity; Oil Plug Torque: exact 2026 continuity. WIX official application matched; NAPA Gold cross-reference derived from WIX/NAPA convention; STP product-level cross-reference validated."",""verification_status"":""incomplete"",""source_files"":""fulloilandfilter2022to2027;release_2022_2027_final_audit""}",incomplete,oil_type;oil_capacity,2027|bmw|530i|turbo2
612fafddea4ea4076f952d6f,2027,BMW,530i xDrive,Turbo 2,,,WL10358,,consolidated:full_oil_filter_workbook,"{""napa_gold_filter"":""10358"",""stp_filter"":""S45014 / S45014XL"",""source_status"":""EXACT_PRIOR_YEAR_CONTINUITY — Engine Oil: exact 2026 continuity; Oil Capacity: exact 2026 continuity; Oil Plug Torque: exact 2026 continuity. WIX official application matched; NAPA Gold cross-reference derived from WIX/NAPA convention; STP product-level cross-reference validated."",""verification_status"":""incomplete"",""source_files"":""fulloilandfilter2022to2027;release_2022_2027_final_audit""}",incomplete,oil_type;oil_capacity,2027|bmw|530ixdrive|turbo2
7c13fc8f1a6d22b1cb7f996c,2027,BMW,540i xDrive,Turbo 3,,,WL10342,,consolidated:full_oil_filter_workbook,"{""napa_gold_filter"":""10342"",""stp_filter"":""S90186 / S90186XL"",""source_status"":""EXACT_PRIOR_YEAR_CONTINUITY — Engine Oil: exact 2026 continuity; Oil Capacity: exact 2026 continuity; Oil Plug Torque: exact 2026 continuity. WIX official application matched; NAPA Gold cross-reference derived from WIX/NAPA convention; STP product-level cross-reference validated."",""verification_status"":""incomplete"",""source_files"":""fulloilandfilter2022to2027;release_2022_2027_final_audit""}",incomplete,oil_type;oil_capacity,2027|bmw|540ixdrive|turbo3
3e3a5caf7ad105baeff28e4c,2027,BMW,550e XDrive,Turbo 3,,,WL10342,,consolidated:full_oil_filter_workbook,"{""napa_gold_filter"":""10342"",""stp_filter"":""S90186 / S90186XL"",""source_status"":""EXACT_PRIOR_YEAR_CONTINUITY — Engine Oil: exact 2026 continuity; Oil Capacity: exact 2026 continuity; Oil Plug Torque: exact 2026 continuity. WIX official application matched; NAPA Gold cross-reference derived from WIX/NAPA convention; STP product-level cross-reference validated."",""verification_status"":""incomplete"",""source_files"":""fulloilandfilter2022to2027;release_2022_2027_final_audit""}",incomplete,oil_type;oil_capacity,2027|bmw|550exdrive|turbo3
7b343b7a184f61bb62a27ac6,2027,BMW,840i,Turbo 3,,,WL10342,,consolidated:full_oil_filter_workbook,"{""napa_gold_filter"":""10342"",""stp_filter"":""S90186 / S90186XL"",""source_status"":""EXACT_PRIOR_YEAR_CONTINUITY — Engine Oil: exact 2023 continuity; Oil Capacity: exact 2023 continuity; Oil Plug Torque: exact 2023 continuity. WIX official application matched; NAPA Gold cross-reference derived from WIX/NAPA convention; STP product-level cross-reference validated."",""verification_status"":""incomplete"",""source_files"":""fulloilandfilter2022to2027;release_2022_2027_final_audit""}",incomplete,oil_type;oil_capacity,2027|bmw|840i|turbo3
8b1128c902ed6080577c5b42,2027,BMW,840i Gran Coupe,Turbo 3,,,WL10342,,consolidated:full_oil_filter_workbook,"{""napa_gold_filter"":""10342"",""stp_filter"":""S90186 / S90186XL"",""source_status"":""EXACT_PRIOR_YEAR_CONTINUITY — Engine Oil: exact 2023 continuity; Oil Capacity: exact 2023 continuity; Oil Plug Torque: exact 2023 continuity. WIX official application matched; NAPA Gold cross-reference derived from WIX/NAPA convention; STP product-level cross-reference validated."",""verification_status"":""incomplete"",""source_files"":""fulloilandfilter2022to2027;release_2022_2027_final_audit""}",incomplete,oil_type;oil_capacity,2027|bmw|840igrancoupe|turbo3
e0fa404c47fec2562d9c020d,2027,BMW,840i Gran Coupe xDrive,Turbo 3,,,WL10342,,consolidated:full_oil_filter_workbook,"{""napa_gold_filter"":""10342"",""stp_filter"":""S90186 / S90186XL"",""source_status"":""EXACT_PRIOR_YEAR_CONTINUITY — Engine Oil: exact 2023 continuity; Oil Capacity: exact 2023 continuity; Oil Plug Torque: exact 2023 continuity. WIX official application matched; NAPA Gold cross-reference derived from WIX/NAPA convention; STP product-level cross-reference validated."",""verification_status"":""incomplete"",""source_files"":""fulloilandfilter2022to2027;release_2022_2027_final_audit""}",incomplete,oil_type;oil_capacity,2027|bmw|840igrancoupexdrive|turbo3
5333567751cb9cbb7bf253b2,2027,BMW,840i xDrive,Turbo 3,,,WL10342,,consolidated:full_oil_filter_workbook,"{""napa_gold_filter"":""10342"",""stp_filter"":""S90186 / S90186XL"",""source_status"":""EXACT_PRIOR_YEAR_CONTINUITY — Engine Oil: exact 2023 continuity; Oil Capacity: exact 2023 continuity; Oil Plug Torque: exact 2023 continuity. WIX official application matched; NAPA Gold cross-reference derived from WIX/NAPA convention; STP product-level cross-reference validated."",""verification_status"":""incomplete"",""source_files"":""fulloilandfilter2022to2027;release_2022_2027_final_audit""}",incomplete,oil_type;oil_capacity,2027|bmw|840ixdrive|turbo3
d88abd262336730d6c2afb4a,2027,BMW,M135I,Turbo 2,,,WL7522,,consolidated:full_oil_filter_workbook,"{""napa_gold_filter"":""7522"",""stp_filter"":""S11885"",""source_status"":""EXACT_PRIOR_YEAR_CONTINUITY — Engine Oil: exact 2026 continuity; Oil Capacity: exact 2026 continuity; Oil Plug Torque: exact 2026 continuity. WIX official application matched; NAPA Gold cross-reference derived from WIX/NAPA convention; STP product-level cross-reference validated."",""verification_status"":""incomplete"",""source_files"":""fulloilandfilter2022to2027;release_2022_2027_final_audit""}",incomplete,oil_type;oil_capacity,2027|bmw|m135i|turbo2
a232b1205af8a7f6e0aeb419,2027,BMW,M2,Turbo 3,,,WL10656,,consolidated:full_oil_filter_workbook,"{""napa_gold_filter"":""10656"",""source_status"":""EXACT_PRIOR_YEAR_CONTINUITY — Engine Oil: exact 2026 continuity; Oil Capacity: exact 2026 continuity; Oil Plug Torque: exact 2026 continuity. WIX official application matched; NAPA Gold cross-reference derived from WIX/NAPA convention; STP cross-reference not verified."",""verification_status"":""incomplete"",""source_files"":""fulloilandfilter2022to2027;release_2022_2027_final_audit""}",incomplete,oil_type;oil_capacity;stp_filter,2027|bmw|m2|turbo3
5d8fd63b16142fc2d26f7022,2027,BMW,M2 M xDrive,Turbo 3,,,WL10656,,consolidated:full_oil_filter_workbook,"{""napa_gold_filter"":""10656"",""source_status"":""ENGINE_FILTER_FAMILY_CONTINUITY — Engine Oil: 19/19 same engine/filter family; Oil Capacity: 19/19 same engine/filter family; Oil Plug Torque: 19/19 same engine/filter family. WIX official application matched; NAPA Gold cross-reference derived from WIX/NAPA convention; STP cross-reference not verified."",""verification_status"":""incomplete"",""source_files"":""fulloilandfilter2022to2027;release_2022_2027_final_audit""}",incomplete,oil_type;oil_capacity;stp_filter,2027|bmw|m2mxdrive|turbo3
1316990aba5b96384cf569e6,2027,BMW,M235 xDrive Gran Coupe,Turbo 2,,,WL7522,,consolidated:full_oil_filter_workbook,"{""napa_gold_filter"":""7522"",""stp_filter"":""S11885"",""source_status"":""EXACT_PRIOR_YEAR_CONTINUITY — Engine Oil: exact 2026 continuity; Oil Capacity: exact 2026 continuity; Oil Plug Torque: exact 2026 continuity. WIX official application matched; NAPA Gold cross-reference derived from WIX/NAPA convention; STP product-level cross-reference validated."",""verification_status"":""incomplete"",""source_files"":""fulloilandfilter2022to2027;release_2022_2027_final_audit""}",incomplete,oil_type;oil_capacity,2027|bmw|m235xdrivegrancoupe|turbo2
626acd72f788522bc789d630,2027,BMW,M240i,Turbo 3,,,WL10342,,consolidated:full_oil_filter_workbook,"{""napa_gold_filter"":""10342"",""stp_filter"":""S90186 / S90186XL"",""source_status"":""EXACT_PRIOR_YEAR_CONTINUITY — Engine Oil: exact 2026 continuity; Oil Capacity: exact 2026 continuity; Oil Plug Torque: exact 2026 continuity. WIX official application matched; NAPA Gold cross-reference derived from WIX/NAPA convention; STP product-level cross-reference validated."",""verification_status"":""incomplete"",""source_files"":""fulloilandfilter2022to2027;release_2022_2027_final_audit""}",incomplete,oil_type;oil_capacity,2027|bmw|m240i|turbo3
28685b77570832e6d9c13320,2027,BMW,M3,Turbo 3,,,WL10656,,consolidated:full_oil_filter_workbook,"{""napa_gold_filter"":""10656"",""source_status"":""EXACT_PRIOR_YEAR_CONTINUITY — Engine Oil: exact 2026 continuity; Oil Capacity: exact 2026 continuity; Oil Plug Torque: exact 2026 continuity. WIX official application matched; NAPA Gold cross-reference derived from WIX/NAPA convention; STP cross-reference not verified."",""verification_status"":""incomplete"",""source_files"":""fulloilandfilter2022to2027;release_2022_2027_final_audit""}",incomplete,oil_type;oil_capacity;stp_filter,2027|bmw|m3|turbo3
c86b55f8f3e822c7cb7837a8,2027,BMW,M4,Turbo 3,,,WL10656,,consolidated:full_oil_filter_workbook,"{""napa_gold_filter"":""10656"",""source_status"":""EXACT_PRIOR_YEAR_CONTINUITY — Engine Oil: exact 2026 continuity; Oil Capacity: exact 2026 continuity; Oil Plug Torque: exact 2026 continuity. WIX official application matched; NAPA Gold cross-reference derived from WIX/NAPA convention; STP cross-reference not verified."",""verification_status"":""incomplete"",""source_files"":""fulloilandfilter2022to2027;release_2022_2027_final_audit""}",incomplete,oil_type;oil_capacity;stp_filter,2027|bmw|m4|turbo3
8bb4ec1838b73c36b837938e,2027,BMW,M440i,Hybrid 3,,,WL10342,,consolidated:full_oil_filter_workbook,"{""napa_gold_filter"":""10342"",""stp_filter"":""S90186 / S90186XL"",""source_status"":""UNVERIFIED_OIL_SERVICE_DATA — Engine Oil: no validated continuity source; Oil Capacity: no validated continuity source; Oil Plug Torque: no validated continuity source. WIX official application matched; NAPA Gold cross-reference derived from WIX/NAPA convention; STP product-level cross-reference validated."",""verification_status"":""unverified"",""source_files"":""fulloilandfilter2022to2027;release_2022_2027_final_audit""}",unverified,oil_type;oil_capacity,2027|bmw|m440i|hybrid3
4b97a96966b63501a182d65b,2027,BMW,M440i Gran Coupe,Hybrid 3,,,WL10342,,consolidated:full_oil_filter_workbook,"{""napa_gold_filter"":""10342"",""stp_filter"":""S90186 / S90186XL"",""source_status"":""ENGINE_FILTER_FAMILY_CONTINUITY — Engine Oil: 1/1 same engine/filter family; Oil Capacity: 1/1 same engine/filter family; Oil Plug Torque: 1/1 same engine/filter family. WIX official application matched; NAPA Gold cross-reference derived from WIX/NAPA convention; STP product-level cross-reference validated."",""verification_status"":""incomplete"",""source_files"":""fulloilandfilter2022to2027;release_2022_2027_final_audit""}",incomplete,oil_type;oil_capacity,2027|bmw|m440igrancoupe|hybrid3
1b33005acee2af61de224171,2027,BMW,M440i xDrive,Hybrid 3,,,WL10342,,consolidated:full_oil_filter_workbook,"{""napa_gold_filter"":""10342"",""stp_filter"":""S90186 / S90186XL"",""source_status"":""ENGINE_FILTER_FAMILY_CONTINUITY — Engine Oil: 2/2 same engine/filter family; Oil Capacity: 2/2 same engine/filter family; Oil Plug Torque: 2/2 same engine/filter family. WIX official application matched; NAPA Gold cross-reference derived from WIX/NAPA convention; STP product-level cross-reference validated."",""verification_status"":""incomplete"",""source_files"":""fulloilandfilter2022to2027;release_2022_2027_final_audit""}",incomplete,oil_type;oil_capacity,2027|bmw|m440ixdrive|hybrid3
9eee2d25045174ea64279fd2,2027,BMW,X1,1.5,,,WL10518,,consolidated:full_oil_filter_workbook,"{""napa_gold_filter"":""10518"",""stp_filter"":""S45018"",""source_status"":""EXACT_PRIOR_YEAR_CONTINUITY — Engine Oil: exact 2026 continuity; Oil Capacity: exact 2026 continuity; Oil Plug Torque: exact 2026 continuity. WIX official application matched; NAPA Gold cross-reference derived from WIX/NAPA convention; STP product-level cross-reference validated."",""verification_status"":""incomplete"",""source_files"":""fulloilandfilter2022to2027;release_2022_2027_final_audit""}",incomplete,oil_type;oil_capacity,2027|bmw|x1|15
7afc60f77979c5a8882175d8,2027,BMW,X1,Turbo 2,,,WL7522,,consolidated:full_oil_filter_workbook,"{""napa_gold_filter"":""7522"",""stp_filter"":""S11885"",""source_status"":""EXACT_PRIOR_YEAR_CONTINUITY — Engine Oil: exact 2026 continuity; Oil Capacity: exact 2026 continuity; Oil Plug Torque: exact 2026 continuity. WIX official application matched; NAPA Gold cross-reference derived from WIX/NAPA convention; STP product-level cross-reference validated."",""verification_status"":""incomplete"",""source_files"":""fulloilandfilter2022to2027;release_2022_2027_final_audit""}",incomplete,oil_type;oil_capacity,2027|bmw|x1|turbo2
2b72be9e43b111ff4989fa46,2027,BMW,X2,Turbo 2,,,WL7522,,consolidated:full_oil_filter_workbook,"{""napa_gold_filter"":""7522"",""stp_filter"":""S11885"",""source_status"":""EXACT_PRIOR_YEAR_CONTINUITY — Engine Oil: exact 2026 continuity; Oil Capacity: exact 2026 continuity; Oil Plug Torque: exact 2026 continuity. WIX official application matched; NAPA Gold cross-reference derived from WIX/NAPA convention; STP product-level cross-reference validated."",""verification_status"":""incomplete"",""source_files"":""fulloilandfilter2022to2027;release_2022_2027_final_audit""}",incomplete,oil_type;oil_capacity,2027|bmw|x2|turbo2
2833aebc09207ff5ea5f9bb9,2027,BMW,X3,Turbo 2,,,WL10358,,consolidated:full_oil_filter_workbook,"{""napa_gold_filter"":""10358"",""stp_filter"":""S45014 / S45014XL"",""source_status"":""EXACT_PRIOR_YEAR_CONTINUITY — Engine Oil: exact 2026 continuity; Oil Capacity: exact 2026 continuity; Oil Plug Torque: exact 2026 continuity. WIX official application matched; NAPA Gold cross-reference derived from WIX/NAPA convention; STP product-level cross-reference validated."",""verification_status"":""incomplete"",""source_files"":""fulloilandfilter2022to2027;release_2022_2027_final_audit""}",incomplete,oil_type;oil_capacity,2027|bmw|x3|turbo2
39ee19cc20590811c5d33618,2027,BMW,X3,Turbo 3,,,WL10342,,consolidated:full_oil_filter_workbook,"{""napa_gold_filter"":""10342"",""stp_filter"":""S90186 / S90186XL"",""source_status"":""EXACT_PRIOR_YEAR_CONTINUITY — Engine Oil: exact 2026 continuity; Oil Capacity: exact 2026 continuity; Oil Plug Torque: exact 2026 continuity. WIX official application matched; NAPA Gold cross-reference derived from WIX/NAPA convention; STP product-level cross-reference validated."",""verification_status"":""incomplete"",""source_files"":""fulloilandfilter2022to2027;release_2022_2027_final_audit""}",incomplete,oil_type;oil_capacity,2027|bmw|x3|turbo3
394c3c18f2b198a1d4f7892b,2027,BMW,Z4,Turbo 2,,,WL10358,,consolidated:full_oil_filter_workbook,"{""napa_gold_filter"":""10358"",""stp_filter"":""S45014 / S45014XL"",""source_status"":""EXACT_PRIOR_YEAR_CONTINUITY — Engine Oil: exact 2026 continuity; Oil Capacity: exact 2026 continuity; Oil Plug Torque: exact 2026 continuity. WIX official application matched; NAPA Gold cross-reference derived from WIX/NAPA convention; STP product-level cross-reference validated."",""verification_status"":""incomplete"",""source_files"":""fulloilandfilter2022to2027;release_2022_2027_final_audit""}",incomplete,oil_type;oil_capacity,2027|bmw|z4|turbo2
d5ebc1c8ad632d72d779498d,2027,BMW,Z4,Turbo 3,,,WL10342,,consolidated:full_oil_filter_workbook,"{""napa_gold_filter"":""10342"",""stp_filter"":""S90186 / S90186XL"",""source_status"":""EXACT_PRIOR_YEAR_CONTINUITY — Engine Oil: exact 2026 continuity; Oil Capacity: exact 2026 continuity; Oil Plug Torque: exact 2026 continuity. WIX official application matched; NAPA Gold cross-reference derived from WIX/NAPA convention; STP product-level cross-reference validated."",""verification_status"":""incomplete"",""source_files"":""fulloilandfilter2022to2027;release_2022_2027_final_audit""}",incomplete,oil_type;oil_capacity,2027|bmw|z4|turbo3
c1d5607892e7c866cf754cf0,2027,Buick,Enclave,Turbo 2.5,,,WL10351,,consolidated:full_oil_filter_workbook,"{""napa_gold_filter"":""10351"",""stp_filter"":""S45008"",""source_status"":""EXACT_PRIOR_YEAR_CONTINUITY — Engine Oil: exact 2026 continuity; Oil Capacity: exact 2026 continuity; Oil Plug Torque: exact 2026 continuity. WIX official application matched; NAPA Gold cross-reference derived from WIX/NAPA convention; STP product-level cross-reference validated."",""verification_status"":""incomplete"",""source_files"":""fulloilandfilter2022to2027;release_2022_2027_final_audit""}",incomplete,oil_type;oil_capacity,2027|buick|enclave|turbo25
e4df6b0c453b5dbc54cf9596,2027,Buick,Envision,Turbo 2,,,WL10351,,consolidated:full_oil_filter_workbook,"{""napa_gold_filter"":""10351"",""stp_filter"":""S45008"",""source_status"":""EXACT_PRIOR_YEAR_CONTINUITY — Engine Oil: exact 2026 continuity; Oil Capacity: exact 2026 continuity; Oil Plug Torque: exact 2026 continuity. WIX official application matched; NAPA Gold cross-reference derived from WIX/NAPA convention; STP product-level cross-reference validated."",""verification_status"":""incomplete"",""source_files"":""fulloilandfilter2022to2027;release_2022_2027_final_audit""}",incomplete,oil_type;oil_capacity,2027|buick|envision|turbo2
667e1516af04ed4d4a9bf963,2027,Chevrolet,Express 2500,4.3,,,WL10255,,consolidated:full_oil_filter_workbook,"{""napa_gold_filter"":""10255"",""stp_filter"":""S45013"",""source_status"":""EXACT_PRIOR_YEAR_CONTINUITY — Engine Oil: exact 2026 continuity; Oil Capacity: exact 2026 continuity; Oil Plug Torque: exact 2026 continuity. WIX official application matched; NAPA Gold cross-reference derived from WIX/NAPA convention; STP product-level cross-reference validated."",""verification_status"":""incomplete"",""source_files"":""fulloilandfilter2022to2027;release_2022_2027_final_audit""}",incomplete,oil_type;oil_capacity,2027|chevrolet|express2500|43
0a20d566cfedec3b2a2fd306,2027,Chevrolet,Express 2500,6.6,,,WL10255,,consolidated:full_oil_filter_workbook,"{""napa_gold_filter"":""10255"",""stp_filter"":""S45013"",""source_status"":""EXACT_PRIOR_YEAR_CONTINUITY — Engine Oil: exact 2026 continuity; Oil Capacity: exact 2026 continuity; Oil Plug Torque: exact 2026 continuity. WIX official application matched; NAPA Gold cross-reference derived from WIX/NAPA convention; STP product-level cross-reference validated."",""verification_status"":""incomplete"",""source_files"":""fulloilandfilter2022to2027;release_2022_2027_final_audit""}",incomplete,oil_type;oil_capacity,2027|chevrolet|express2500|66
2ad239899b0612ecd9fe5950,2027,Chevrolet,Express 3500,4.3,,,WL10255,,consolidated:full_oil_filter_workbook,"{""napa_gold_filter"":""10255"",""stp_filter"":""S45013"",""source_status"":""EXACT_PRIOR_YEAR_CONTINUITY — Engine Oil: exact 2026 continuity; Oil Capacity: exact 2026 continuity; Oil Plug Torque: exact 2026 continuity. WIX official application matched; NAPA Gold cross-reference derived from WIX/NAPA convention; STP product-level cross-reference validated."",""verification_status"":""incomplete"",""source_files"":""fulloilandfilter2022to2027;release_2022_2027_final_audit""}",incomplete,oil_type;oil_capacity,2027|chevrolet|express3500|43
595d88db8cf0739f8d23c3c3,2027,Chevrolet,Express 3500,6.6,,,WL10255,,consolidated:full_oil_filter_workbook,"{""napa_gold_filter"":""10255"",""stp_filter"":""S45013"",""source_status"":""EXACT_PRIOR_YEAR_CONTINUITY — Engine Oil: exact 2026 continuity; Oil Capacity: exact 2026 continuity; Oil Plug Torque: exact 2026 continuity. WIX official application matched; NAPA Gold cross-reference derived from WIX/NAPA convention; STP product-level cross-reference validated."",""verification_status"":""incomplete"",""source_files"":""fulloilandfilter2022to2027;release_2022_2027_final_audit""}",incomplete,oil_type;oil_capacity,2027|chevrolet|express3500|66
e5aceb05d254ef7ba5f1e94c,2027,Chevrolet,Lcf 3500Hg,6.6,,,WL10255,,consolidated:full_oil_filter_workbook,"{""napa_gold_filter"":""10255"",""stp_filter"":""S45013"",""source_status"":""EXACT_PRIOR_YEAR_CONTINUITY — Engine Oil: exact 2026 continuity; Oil Capacity: exact 2026 continuity; Oil Plug Torque: exact 2026 continuity. WIX official application matched; NAPA Gold cross-reference derived from WIX/NAPA convention; STP product-level cross-reference validated."",""verification_status"":""incomplete"",""source_files"":""fulloilandfilter2022to2027;release_2022_2027_final_audit""}",incomplete,oil_type;oil_capacity,2027|chevrolet|lcf3500hg|66
86ef5cc97244d7315821cde3,2027,Chevrolet,Silverado 2500Hd,6.6,,,WL10255,,consolidated:full_oil_filter_workbook,"{""napa_gold_filter"":""10255"",""stp_filter"":""S45013"",""source_status"":""EXACT_PRIOR_YEAR_CONTINUITY — Engine Oil: exact 2026 continuity; Oil Capacity: exact 2026 continuity; Oil Plug Torque: exact 2026 continuity. WIX official application matched; NAPA Gold cross-reference derived from WIX/NAPA convention; STP product-level cross-reference validated."",""verification_status"":""incomplete"",""source_files"":""fulloilandfilter2022to2027;release_2022_2027_final_audit""}",incomplete,oil_type;oil_capacity,2027|chevrolet|silverado2500hd|66
7929679019b50b9f09e70cc3,2027,Chevrolet,Silverado 2500Hd,Diesel 6.6,,,WL10255,,consolidated:full_oil_filter_workbook,"{""napa_gold_filter"":""10255"",""stp_filter"":""S45013"",""source_status"":""EXACT_PRIOR_YEAR_CONTINUITY — Engine Oil: exact 2026 continuity; Oil Capacity: exact 2026 continuity; Oil Plug Torque: exact 2026 continuity. WIX official application matched; NAPA Gold cross-reference derived from WIX/NAPA convention; STP product-level cross-reference validated."",""verification_status"":""incomplete"",""source_files"":""fulloilandfilter2022to2027;release_2022_2027_final_audit""}",incomplete,oil_type;oil_capacity,2027|chevrolet|silverado2500hd|diesel66
e730cd74aeed3c4b11b3a9ac,2027,Chevrolet,Silverado 3500Hd,6.6,,,WL10255,,consolidated:full_oil_filter_workbook,"{""napa_gold_filter"":""10255"",""stp_filter"":""S45013"",""source_status"":""EXACT_PRIOR_YEAR_CONTINUITY — Engine Oil: exact 2026 continuity; Oil Capacity: exact 2026 continuity; Oil Plug Torque: exact 2026 continuity. WIX official application matched; NAPA Gold cross-reference derived from WIX/NAPA convention; STP product-level cross-reference validated."",""verification_status"":""incomplete"",""source_files"":""fulloilandfilter2022to2027;release_2022_2027_final_audit""}",incomplete,oil_type;oil_capacity,2027|chevrolet|silverado3500hd|66
2706e8ea32c8edc2e7b8c8cd,2027,Chevrolet,Silverado 3500Hd,Diesel 6.6,,,WL10255,,consolidated:full_oil_filter_workbook,"{""napa_gold_filter"":""10255"",""stp_filter"":""S45013"",""source_status"":""EXACT_PRIOR_YEAR_CONTINUITY — Engine Oil: exact 2026 continuity; Oil Capacity: exact 2026 continuity; Oil Plug Torque: exact 2026 continuity. WIX official application matched; NAPA Gold cross-reference derived from WIX/NAPA convention; STP product-level cross-reference validated."",""verification_status"":""incomplete"",""source_files"":""fulloilandfilter2022to2027;release_2022_2027_final_audit""}",incomplete,oil_type;oil_capacity,2027|chevrolet|silverado3500hd|diesel66
0e1024752a010b707ee06de6,2027,Chevrolet,Suburban (All),5.3,,,WL10255,,consolidated:full_oil_filter_workbook,"{""napa_gold_filter"":""10255"",""stp_filter"":""S45013"",""source_status"":""EXACT_PRIOR_YEAR_CONTINUITY — Engine Oil: exact 2026 continuity; Oil Capacity: exact 2026 continuity; Oil Plug Torque: exact 2026 continuity. WIX official application matched; NAPA Gold cross-reference derived from WIX/NAPA convention; STP product-level cross-reference validated."",""verification_status"":""incomplete"",""source_files"":""fulloilandfilter2022to2027;release_2022_2027_final_audit""}",incomplete,oil_type;oil_capacity,2027|chevrolet|suburbanall|53
8731c0589d6aba076e872244,2027,Chevrolet,Suburban (All),6.2,,,WL10255,,consolidated:full_oil_filter_workbook,"{""napa_gold_filter"":""10255"",""stp_filter"":""S45013"",""source_status"":""EXACT_PRIOR_YEAR_CONTINUITY — Engine Oil: exact 2026 continuity; Oil Capacity: exact 2026 continuity; Oil Plug Torque: exact 2026 continuity. WIX official application matched; NAPA Gold cross-reference derived from WIX/NAPA convention; STP product-level cross-reference validated."",""verification_status"":""incomplete"",""source_files"":""fulloilandfilter2022to2027;release_2022_2027_final_audit""}",incomplete,oil_type;oil_capacity,2027|chevrolet|suburbanall|62
eebd1384f0a82214d17a3b99,2027,Chevrolet,Suburban (All),Diesel 3,,,WL10351,,consolidated:full_oil_filter_workbook,"{""napa_gold_filter"":""10351"",""stp_filter"":""S45008"",""source_status"":""EXACT_PRIOR_YEAR_CONTINUITY — Engine Oil: exact 2026 continuity; Oil Capacity: exact 2026 continuity; Oil Plug Torque: exact 2026 continuity. WIX official application matched; NAPA Gold cross-reference derived from WIX/NAPA convention; STP product-level cross-reference validated."",""verification_status"":""incomplete"",""source_files"":""fulloilandfilter2022to2027;release_2022_2027_final_audit""}",incomplete,oil_type;oil_capacity,2027|chevrolet|suburbanall|diesel3
4b5121526110c3f1bd74fe4d,2027,Chevrolet,Tahoe,5.3,,,WL10255,,consolidated:full_oil_filter_workbook,"{""napa_gold_filter"":""10255"",""stp_filter"":""S45013"",""source_status"":""EXACT_PRIOR_YEAR_CONTINUITY — Engine Oil: exact 2026 continuity; Oil Capacity: exact 2026 continuity; Oil Plug Torque: exact 2026 continuity. WIX official application matched; NAPA Gold cross-reference derived from WIX/NAPA convention; STP product-level cross-reference validated."",""verification_status"":""incomplete"",""source_files"":""fulloilandfilter2022to2027;release_2022_2027_final_audit""}",incomplete,oil_type;oil_capacity,2027|chevrolet|tahoe|53
8fee4b906db0a41b1b890938,2027,Chevrolet,Tahoe,6.2,,,WL10255,,consolidated:full_oil_filter_workbook,"{""napa_gold_filter"":""10255"",""stp_filter"":""S45013"",""source_status"":""EXACT_PRIOR_YEAR_CONTINUITY — Engine Oil: exact 2026 continuity; Oil Capacity: exact 2026 continuity; Oil Plug Torque: exact 2026 continuity. WIX official application matched; NAPA Gold cross-reference derived from WIX/NAPA convention; STP product-level cross-reference validated."",""verification_status"":""incomplete"",""source_files"":""fulloilandfilter2022to2027;release_2022_2027_final_audit""}",incomplete,oil_type;oil_capacity,2027|chevrolet|tahoe|62
deb321eae87f3dd4dcf939da,2027,Chevrolet,Tahoe,Diesel 3,,,WL10351,,consolidated:full_oil_filter_workbook,"{""napa_gold_filter"":""10351"",""stp_filter"":""S45008"",""source_status"":""EXACT_PRIOR_YEAR_CONTINUITY — Engine Oil: exact 2026 continuity; Oil Capacity: exact 2026 continuity; Oil Plug Torque: exact 2026 continuity. WIX official application matched; NAPA Gold cross-reference derived from WIX/NAPA convention; STP product-level cross-reference validated."",""verification_status"":""incomplete"",""source_files"":""fulloilandfilter2022to2027;release_2022_2027_final_audit""}",incomplete,oil_type;oil_capacity,2027|chevrolet|tahoe|diesel3
8f3af9e6e370020345f502c1,2027,Chevrolet,Traverse,Turbo 2.5,,,WL10351,,consolidated:full_oil_filter_workbook,"{""napa_gold_filter"":""10351"",""stp_filter"":""S45008"",""source_status"":""EXACT_PRIOR_YEAR_CONTINUITY — Engine Oil: exact 2026 continuity; Oil Capacity: exact 2026 continuity; Oil Plug Torque: exact 2026 continuity. WIX official application matched; NAPA Gold cross-reference derived from WIX/NAPA convention; STP product-level cross-reference validated."",""verification_status"":""incomplete"",""source_files"":""fulloilandfilter2022to2027;release_2022_2027_final_audit""}",incomplete,oil_type;oil_capacity,2027|chevrolet|traverse|turbo25
22e0202ad14d4aa383103eca,2027,Chevrolet Trucks,Suburban (All),Diesel 3,,,WL10351,,consolidated:full_oil_filter_workbook,"{""napa_gold_filter"":""10351"",""stp_filter"":""S45008"",""source_status"":""EXACT_PRIOR_YEAR_CONTINUITY — Engine Oil: exact 2026 continuity; Oil Capacity: exact 2026 continuity; Oil Plug Torque: exact 2026 continuity. WIX official application matched; NAPA Gold cross-reference derived from WIX/NAPA convention; STP product-level cross-reference validated."",""verification_status"":""incomplete"",""source_files"":""fulloilandfilter2022to2027;release_2022_2027_final_audit""}",incomplete,oil_type;oil_capacity,2027|chevrolettrucks|suburbanall|diesel3
7ba3782e2a75b95976b87914,2027,Chevrolet Trucks,Tahoe,Diesel 3,,,WL10351,,consolidated:full_oil_filter_workbook,"{""napa_gold_filter"":""10351"",""stp_filter"":""S45008"",""source_status"":""EXACT_PRIOR_YEAR_CONTINUITY — Engine Oil: exact 2026 continuity; Oil Capacity: exact 2026 continuity; Oil Plug Torque: exact 2026 continuity. WIX official application matched; NAPA Gold cross-reference derived from WIX/NAPA convention; STP product-level cross-reference validated."",""verification_status"":""incomplete"",""source_files"":""fulloilandfilter2022to2027;release_2022_2027_final_audit""}",incomplete,oil_type;oil_capacity,2027|chevrolettrucks|tahoe|diesel3
6de0e7fff7da1d2a195a2bc6,2027,Chevrolet Trucks,Traverse,Turbo 2.5,,,WL10351,,consolidated:full_oil_filter_workbook,"{""napa_gold_filter"":""10351"",""stp_filter"":""S45008"",""source_status"":""EXACT_PRIOR_YEAR_CONTINUITY — Engine Oil: exact 2026 continuity; Oil Capacity: exact 2026 continuity; Oil Plug Torque: exact 2026 continuity. WIX official application matched; NAPA Gold cross-reference derived from WIX/NAPA convention; STP product-level cross-reference validated."",""verification_status"":""incomplete"",""source_files"":""fulloilandfilter2022to2027;release_2022_2027_final_audit""}",incomplete,oil_type;oil_capacity,2027|chevrolettrucks|traverse|turbo25
2c2e97b865f21049f07a916f,2027,Dodge,Charger,Turbo 3,,,WL10255,,consolidated:full_oil_filter_workbook,"{""napa_gold_filter"":""10255"",""stp_filter"":""S45013"",""source_status"":""EXACT_PRIOR_YEAR_CONTINUITY — Engine Oil: exact 2026 continuity; Oil Capacity: exact 2026 continuity; Oil Plug Torque: exact 2026 continuity. WIX official application matched; NAPA Gold cross-reference derived from WIX/NAPA convention; STP product-level cross-reference validated."",""verification_status"":""incomplete"",""source_files"":""fulloilandfilter2022to2027;release_2022_2027_final_audit""}",incomplete,oil_type;oil_capacity,2027|dodge|charger|turbo3
3923e750f7e4fd018884d0d0,2027,Dodge Trucks,Charger,Turbo 3,,,WL10255,,consolidated:full_oil_filter_workbook,"{""napa_gold_filter"":""10255"",""stp_filter"":""S45013"",""source_status"":""EXACT_PRIOR_YEAR_CONTINUITY — Engine Oil: exact 2026 continuity; Oil Capacity: exact 2026 continuity; Oil Plug Torque: exact 2026 continuity. WIX official application matched; NAPA Gold cross-reference derived from WIX/NAPA convention; STP product-level cross-reference validated."",""verification_status"":""incomplete"",""source_files"":""fulloilandfilter2022to2027;release_2022_2027_final_audit""}",incomplete,oil_type;oil_capacity,2027|dodgetrucks|charger|turbo3
f4accab99d6217f58c6cb215,2027,Ford,Bronco,Turbo 3,,,WL10050,,consolidated:full_oil_filter_workbook,"{""napa_gold_filter"":""10050"",""stp_filter"":""S11955 / S11955XL"",""source_status"":""EXACT_PRIOR_YEAR_CONTINUITY — Engine Oil: exact 2026 continuity; Oil Capacity: exact 2026 continuity; Oil Plug Torque: exact 2026 continuity. WIX official application matched; NAPA Gold cross-reference derived from WIX/NAPA convention; STP product-level cross-reference validated."",""verification_status"":""incomplete"",""source_files"":""fulloilandfilter2022to2027;release_2022_2027_final_audit""}",incomplete,oil_type;oil_capacity,2027|ford|bronco|turbo3
5f0bf99c909d576ce8c4511f,2027,Ford,Bronco Sport,Turbo 1.5,,,51348,,consolidated:full_oil_filter_workbook,"{""napa_gold_filter"":""1348"",""stp_filter"":""PH2811"",""source_status"":""EXACT_PRIOR_YEAR_CONTINUITY — Engine Oil: exact 2026 continuity; Oil Capacity: exact 2026 continuity; Oil Plug Torque: exact 2026 continuity. WIX official application matched; NAPA Gold cross-reference derived from WIX/NAPA convention; STP product-level cross-reference validated."",""verification_status"":""incomplete"",""source_files"":""fulloilandfilter2022to2027;release_2022_2027_final_audit""}",incomplete,oil_type;oil_capacity,2027|ford|broncosport|turbo15
385759f82f192f085e7be827,2027,Ford,Bronco Sport,Turbo 2,,,51348,,consolidated:full_oil_filter_workbook,"{""napa_gold_filter"":""1348"",""stp_filter"":""PH2811"",""source_status"":""EXACT_PRIOR_YEAR_CONTINUITY — Engine Oil: exact 2026 continuity; Oil Capacity: exact 2026 continuity; Oil Plug Torque: exact 2026 continuity. WIX official application matched; NAPA Gold cross-reference derived from WIX/NAPA convention; STP product-level cross-reference validated."",""verification_status"":""incomplete"",""source_files"":""fulloilandfilter2022to2027;release_2022_2027_final_audit""}",incomplete,oil_type;oil_capacity,2027|ford|broncosport|turbo2
05e426f7387b0ff2c6995d08,2027,Ford,E-350 Super Duty,7.3,,,51372,,consolidated:full_oil_filter_workbook,"{""napa_gold_filter"":""1372"",""source_status"":""EXACT_PRIOR_YEAR_CONTINUITY — Engine Oil: exact 2026 continuity; Oil Capacity: exact 2026 continuity; Oil Plug Torque: exact 2026 continuity. WIX official application matched; NAPA Gold cross-reference derived from WIX/NAPA convention; STP cross-reference not verified."",""verification_status"":""incomplete"",""source_files"":""fulloilandfilter2022to2027;release_2022_2027_final_audit""}",incomplete,oil_type;oil_capacity;stp_filter,2027|ford|e350superduty|73
952717eb40eb3cbda38351ee,2027,Ford,Escape,Hybrid 2.5,,,51348,,consolidated:full_oil_filter_workbook,"{""napa_gold_filter"":""1348"",""stp_filter"":""PH2811"",""source_status"":""EXACT_PRIOR_YEAR_CONTINUITY — Engine Oil: exact 2026 continuity; Oil Capacity: exact 2026 continuity; Oil Plug Torque: exact 2026 continuity. WIX official application matched; NAPA Gold cross-reference derived from WIX/NAPA convention; STP product-level cross-reference validated."",""verification_status"":""incomplete"",""source_files"":""fulloilandfilter2022to2027;release_2022_2027_final_audit""}",incomplete,oil_type;oil_capacity,2027|ford|escape|hybrid25
87f4796c135cf02148def8f5,2027,Ford,Escape,Turbo 1.5,,,51348,,consolidated:full_oil_filter_workbook,"{""napa_gold_filter"":""1348"",""stp_filter"":""PH2811"",""source_status"":""EXACT_PRIOR_YEAR_CONTINUITY — Engine Oil: exact 2026 continuity; Oil Capacity: exact 2026 continuity; Oil Plug Torque: exact 2026 continuity. WIX official application matched; NAPA Gold cross-reference derived from WIX/NAPA convention; STP product-level cross-reference validated."",""verification_status"":""incomplete"",""source_files"":""fulloilandfilter2022to2027;release_2022_2027_final_audit""}",incomplete,oil_type;oil_capacity,2027|ford|escape|turbo15
ac8ca9dc89e8f0afaf7e107f,2027,Ford,Escape,Turbo 2,,,51348,,consolidated:full_oil_filter_workbook,"{""napa_gold_filter"":""1348"",""stp_filter"":""PH2811"",""source_status"":""EXACT_PRIOR_YEAR_CONTINUITY — Engine Oil: exact 2026 continuity; Oil Capacity: exact 2026 continuity; Oil Plug Torque: exact 2026 continuity. WIX official application matched; NAPA Gold cross-reference derived from WIX/NAPA convention; STP product-level cross-reference validated."",""verification_status"":""incomplete"",""source_files"":""fulloilandfilter2022to2027;release_2022_2027_final_audit""}",incomplete,oil_type;oil_capacity,2027|ford|escape|turbo2
89de43f2866e68251687bffb,2027,Ford,Expedition,Turbo 3.5,,,57502,,consolidated:full_oil_filter_workbook,"{""napa_gold_filter"":""7502"",""source_status"":""EXACT_PRIOR_YEAR_CONTINUITY — Engine Oil: exact 2026 continuity; Oil Capacity: exact 2026 continuity; Oil Plug Torque: exact 2026 continuity. WIX official application matched; NAPA Gold cross-reference derived from WIX/NAPA convention; STP cross-reference not verified."",""verification_status"":""incomplete"",""source_files"":""fulloilandfilter2022to2027;release_2022_2027_final_audit""}",incomplete,oil_type;oil_capacity;stp_filter,2027|ford|expedition|turbo35
72cbdaeba177812a77622a33,2027,Ford,Explorer,Turbo 3,,,WL10050,,consolidated:full_oil_filter_workbook,"{""napa_gold_filter"":""10050"",""stp_filter"":""S11955 / S11955XL"",""source_status"":""EXACT_PRIOR_YEAR_CONTINUITY — Engine Oil: exact 2026 continuity; Oil Capacity: exact 2026 continuity; Oil Plug Torque: exact 2026 continuity. WIX official application matched; NAPA Gold cross-reference derived from WIX/NAPA convention; STP product-level cross-reference validated."",""verification_status"":""incomplete"",""source_files"":""fulloilandfilter2022to2027;release_2022_2027_final_audit""}",incomplete,oil_type;oil_capacity,2027|ford|explorer|turbo3
f346564d95c71ffaf60e49da,2027,Ford,F-150,Turbo 3.5,,,57502,,consolidated:full_oil_filter_workbook,"{""napa_gold_filter"":""7502"",""source_status"":""EXACT_PRIOR_YEAR_CONTINUITY — Engine Oil: exact 2026 continuity; Oil Capacity: exact 2026 continuity; Oil Plug Torque: exact 2026 continuity. WIX official application matched; NAPA Gold cross-reference derived from WIX/NAPA convention; STP cross-reference not verified."",""verification_status"":""incomplete"",""source_files"":""fulloilandfilter2022to2027;release_2022_2027_final_audit""}",incomplete,oil_type;oil_capacity;stp_filter,2027|ford|f150|turbo35
026a64359d58876392bdab82,2027,Ford,F-150,Turbo 5.2,,,57502,,consolidated:full_oil_filter_workbook,"{""napa_gold_filter"":""7502"",""source_status"":""EXACT_PRIOR_YEAR_CONTINUITY — Engine Oil: exact 2026 continuity; Oil Capacity: exact 2026 continuity; Oil Plug Torque: exact 2026 continuity. WIX official application matched; NAPA Gold cross-reference derived from WIX/NAPA convention; STP cross-reference not verified."",""verification_status"":""incomplete"",""source_files"":""fulloilandfilter2022to2027;release_2022_2027_final_audit""}",incomplete,oil_type;oil_capacity;stp_filter,2027|ford|f150|turbo52
2d05a46698a6c669fba8d4df,2027,Ford,F-350 Super Duty,7.3,,,51372,,consolidated:full_oil_filter_workbook,"{""napa_gold_filter"":""1372"",""source_status"":""ENGINE_FILTER_FAMILY_CONTINUITY — Engine Oil: 10/10 same engine/filter family; Oil Capacity: 10/10 same engine/filter family; Oil Plug Torque: 10/10 same engine/filter family. WIX official application matched; NAPA Gold cross-reference derived from WIX/NAPA convention; STP cross-reference not verified."",""verification_status"":""incomplete"",""source_files"":""fulloilandfilter2022to2027;release_2022_2027_final_audit""}",incomplete,oil_type;oil_capacity;stp_filter,2027|ford|f350superduty|73
2a504ad09834438146c1a1d0,2027,Ford,F-350 Super Duty,Diesel 6.7,,,57151,,consolidated:full_oil_filter_workbook,"{""napa_gold_filter"":""7151"",""stp_filter"":""S10890 / S10890XL"",""source_status"":""EXACT_PRIOR_YEAR_CONTINUITY — Engine Oil: exact 2026 continuity; Oil Capacity: exact 2026 continuity; Oil Plug Torque: exact 2026 continuity. WIX official application matched; NAPA Gold cross-reference derived from WIX/NAPA convention; STP product-level cross-reference validated."",""verification_status"":""incomplete"",""source_files"":""fulloilandfilter2022to2027;release_2022_2027_final_audit""}",incomplete,oil_type;oil_capacity,2027|ford|f350superduty|diesel67
3f33a0d678395f42b7141678,2027,Ford,F250 Super Duty,7.3,,,51372,,consolidated:full_oil_filter_workbook,"{""napa_gold_filter"":""1372"",""source_status"":""ENGINE_FILTER_FAMILY_CONTINUITY — Engine Oil: 11/11 same engine/filter family; Oil Capacity: 11/11 same engine/filter family; Oil Plug Torque: 11/11 same engine/filter family. WIX official application matched; NAPA Gold cross-reference derived from WIX/NAPA convention; STP cross-reference not verified."",""verification_status"":""incomplete"",""source_files"":""fulloilandfilter2022to2027;release_2022_2027_final_audit""}",incomplete,oil_type;oil_capacity;stp_filter,2027|ford|f250superduty|73
7c3e39f3913b988e22751e20,2027,Ford,F250 Super Duty,Diesel 6.7,,,57151,,consolidated:full_oil_filter_workbook,"{""napa_gold_filter"":""7151"",""stp_filter"":""S10890 / S10890XL"",""source_status"":""ENGINE_FILTER_FAMILY_CONTINUITY — Engine Oil: 7/7 same engine/filter family; Oil Capacity: 7/7 same engine/filter family; Oil Plug Torque: 7/7 same engine/filter family. WIX official application matched; NAPA Gold cross-reference derived from WIX/NAPA convention; STP product-level cross-reference validated."",""verification_status"":""incomplete"",""source_files"":""fulloilandfilter2022to2027;release_2022_2027_final_audit""}",incomplete,oil_type;oil_capacity,2027|ford|f250superduty|diesel67
1a5917f282dfe20d2e0d0db3,2027,Ford,Police Interceptor Utility,3.3,,,57502,,consolidated:full_oil_filter_workbook,"{""napa_gold_filter"":""7502"",""source_status"":""EXACT_PRIOR_YEAR_CONTINUITY — Engine Oil: exact 2026 continuity; Oil Capacity: exact 2026 continuity; Oil Plug Torque: exact 2026 continuity. WIX official application matched; NAPA Gold cross-reference derived from WIX/NAPA convention; STP cross-reference not verified."",""verification_status"":""incomplete"",""source_files"":""fulloilandfilter2022to2027;release_2022_2027_final_audit""}",incomplete,oil_type;oil_capacity;stp_filter,2027|ford|policeinterceptorutility|33
b5987b37453cc8f1fadbbb8a,2027,Ford,Police Interceptor Utility,Turbo 3,,,WL10050,,consolidated:full_oil_filter_workbook,"{""napa_gold_filter"":""10050"",""stp_filter"":""S11955 / S11955XL"",""source_status"":""EXACT_PRIOR_YEAR_CONTINUITY — Engine Oil: exact 2026 continuity; Oil Capacity: exact 2026 continuity; Oil Plug Torque: exact 2026 continuity. WIX official application matched; NAPA Gold cross-reference derived from WIX/NAPA convention; STP product-level cross-reference validated."",""verification_status"":""incomplete"",""source_files"":""fulloilandfilter2022to2027;release_2022_2027_final_audit""}",incomplete,oil_type;oil_capacity,2027|ford|policeinterceptorutility|turbo3
68e6bcd5a1de5f4327747091,2027,Ford,Transit-150,3.5,,,57502,,consolidated:full_oil_filter_workbook,"{""napa_gold_filter"":""7502"",""source_status"":""EXACT_PRIOR_YEAR_CONTINUITY — Engine Oil: exact 2026 continuity; Oil Capacity: exact 2026 continuity; Oil Plug Torque: exact 2026 continuity. WIX official application matched; NAPA Gold cross-reference derived from WIX/NAPA convention; STP cross-reference not verified."",""verification_status"":""incomplete"",""source_files"":""fulloilandfilter2022to2027;release_2022_2027_final_audit""}",incomplete,oil_type;oil_capacity;stp_filter,2027|ford|transit150|35
12b635aa174f996ab7302390,2027,Ford,Transit-150,Turbo 3.5,,,57502,,consolidated:full_oil_filter_workbook,"{""napa_gold_filter"":""7502"",""source_status"":""EXACT_PRIOR_YEAR_CONTINUITY — Engine Oil: exact 2026 continuity; Oil Capacity: exact 2026 continuity; Oil Plug Torque: exact 2026 continuity. WIX official application matched; NAPA Gold cross-reference derived from WIX/NAPA convention; STP cross-reference not verified."",""verification_status"":""incomplete"",""source_files"":""fulloilandfilter2022to2027;release_2022_2027_final_audit""}",incomplete,oil_type;oil_capacity;stp_filter,2027|ford|transit150|turbo35
fdcafe6f742837a70a4ed2ee,2027,Ford,Transit-250,3.5,,,57502,,consolidated:full_oil_filter_workbook,"{""napa_gold_filter"":""7502"",""source_status"":""EXACT_PRIOR_YEAR_CONTINUITY — Engine Oil: exact 2026 continuity; Oil Capacity: exact 2026 continuity; Oil Plug Torque: exact 2026 continuity. WIX official application matched; NAPA Gold cross-reference derived from WIX/NAPA convention; STP cross-reference not verified."",""verification_status"":""incomplete"",""source_files"":""fulloilandfilter2022to2027;release_2022_2027_final_audit""}",incomplete,oil_type;oil_capacity;stp_filter,2027|ford|transit250|35
0fb1f8312bc22d79a5e9795c,2027,Ford,Transit-250,Turbo 3.5,,,57502,,consolidated:full_oil_filter_workbook,"{""napa_gold_filter"":""7502"",""source_status"":""EXACT_PRIOR_YEAR_CONTINUITY — Engine Oil: exact 2026 continuity; Oil Capacity: exact 2026 continuity; Oil Plug Torque: exact 2026 continuity. WIX official application matched; NAPA Gold cross-reference derived from WIX/NAPA convention; STP cross-reference not verified."",""verification_status"":""incomplete"",""source_files"":""fulloilandfilter2022to2027;release_2022_2027_final_audit""}",incomplete,oil_type;oil_capacity;stp_filter,2027|ford|transit250|turbo35
f4fb34a4e4942320326e129f,2027,Ford,Transit-350,3.5,,,57502,,consolidated:full_oil_filter_workbook,"{""napa_gold_filter"":""7502"",""source_status"":""EXACT_PRIOR_YEAR_CONTINUITY — Engine Oil: exact 2026 continuity; Oil Capacity: exact 2026 continuity; Oil Plug Torque: exact 2026 continuity. WIX official application matched; NAPA Gold cross-reference derived from WIX/NAPA convention; STP cross-reference not verified."",""verification_status"":""incomplete"",""source_files"":""fulloilandfilter2022to2027;release_2022_2027_final_audit""}",incomplete,oil_type;oil_capacity;stp_filter,2027|ford|transit350|35
ad964a95c8e2c5ac4908891b,2027,Ford,Transit-350,Turbo 3.5,,,57502,,consolidated:full_oil_filter_workbook,"{""napa_gold_filter"":""7502"",""source_status"":""EXACT_PRIOR_YEAR_CONTINUITY — Engine Oil: exact 2026 continuity; Oil Capacity: exact 2026 continuity; Oil Plug Torque: exact 2026 continuity. WIX official application matched; NAPA Gold cross-reference derived from WIX/NAPA convention; STP cross-reference not verified."",""verification_status"":""incomplete"",""source_files"":""fulloilandfilter2022to2027;release_2022_2027_final_audit""}",incomplete,oil_type;oil_capacity;stp_filter,2027|ford|transit350|turbo35
11382f7b192e216d048fb099,2027,Ford,Transit-350 Hd,3.5,,,57502,,consolidated:full_oil_filter_workbook,"{""napa_gold_filter"":""7502"",""source_status"":""EXACT_PRIOR_YEAR_CONTINUITY — Engine Oil: exact 2026 continuity; Oil Capacity: exact 2026 continuity; Oil Plug Torque: exact 2026 continuity. WIX official application matched; NAPA Gold cross-reference derived from WIX/NAPA convention; STP cross-reference not verified."",""verification_status"":""incomplete"",""source_files"":""fulloilandfilter2022to2027;release_2022_2027_final_audit""}",incomplete,oil_type;oil_capacity;stp_filter,2027|ford|transit350hd|35
35833763734d266179d3d9ca,2027,Ford,Transit-350 Hd,Turbo 3.5,,,57502,,consolidated:full_oil_filter_workbook,"{""napa_gold_filter"":""7502"",""source_status"":""EXACT_PRIOR_YEAR_CONTINUITY — Engine Oil: exact 2026 continuity; Oil Capacity: exact 2026 continuity; Oil Plug Torque: exact 2026 continuity. WIX official application matched; NAPA Gold cross-reference derived from WIX/NAPA convention; STP cross-reference not verified."",""verification_status"":""incomplete"",""source_files"":""fulloilandfilter2022to2027;release_2022_2027_final_audit""}",incomplete,oil_type;oil_capacity;stp_filter,2027|ford|transit350hd|turbo35
4a2bf236d5ba5e8009ad8863,2027,Ford Trucks,Bronco,Turbo 3,,,WL10050,,consolidated:full_oil_filter_workbook,"{""napa_gold_filter"":""10050"",""stp_filter"":""S11955 / S11955XL"",""source_status"":""EXACT_PRIOR_YEAR_CONTINUITY — Engine Oil: exact 2026 continuity; Oil Capacity: exact 2026 continuity; Oil Plug Torque: exact 2026 continuity. WIX official application matched; NAPA Gold cross-reference derived from WIX/NAPA convention; STP product-level cross-reference validated."",""verification_status"":""incomplete"",""source_files"":""fulloilandfilter2022to2027;release_2022_2027_final_audit""}",incomplete,oil_type;oil_capacity,2027|fordtrucks|bronco|turbo3
866cf0722d4b3552aae51efe,2027,Ford Trucks,Bronco Sport,Turbo 2,,,51348,,consolidated:full_oil_filter_workbook,"{""napa_gold_filter"":""1348"",""stp_filter"":""PH2811"",""source_status"":""EXACT_PRIOR_YEAR_CONTINUITY — Engine Oil: exact 2026 continuity; Oil Capacity: exact 2026 continuity; Oil Plug Torque: exact 2026 continuity. WIX official application matched; NAPA Gold cross-reference derived from WIX/NAPA convention; STP product-level cross-reference validated."",""verification_status"":""incomplete"",""source_files"":""fulloilandfilter2022to2027;release_2022_2027_final_audit""}",incomplete,oil_type;oil_capacity,2027|fordtrucks|broncosport|turbo2
84910bb2e4feaca3a2b34edd,2027,Ford Trucks,Escape,Hybrid 2.5,,,51348,,consolidated:full_oil_filter_workbook,"{""napa_gold_filter"":""1348"",""stp_filter"":""PH2811"",""source_status"":""EXACT_PRIOR_YEAR_CONTINUITY — Engine Oil: exact 2026 continuity; Oil Capacity: exact 2026 continuity; Oil Plug Torque: exact 2026 continuity. WIX official application matched; NAPA Gold cross-reference derived from WIX/NAPA convention; STP product-level cross-reference validated."",""verification_status"":""incomplete"",""source_files"":""fulloilandfilter2022to2027;release_2022_2027_final_audit""}",incomplete,oil_type;oil_capacity,2027|fordtrucks|escape|hybrid25
631e7a3e3e21d4cadcd2e613,2027,Ford Trucks,Escape,Turbo 2,,,51348,,consolidated:full_oil_filter_workbook,"{""napa_gold_filter"":""1348"",""stp_filter"":""PH2811"",""source_status"":""EXACT_PRIOR_YEAR_CONTINUITY — Engine Oil: exact 2026 continuity; Oil Capacity: exact 2026 continuity; Oil Plug Torque: exact 2026 continuity. WIX official application matched; NAPA Gold cross-reference derived from WIX/NAPA convention; STP product-level cross-reference validated."",""verification_status"":""incomplete"",""source_files"":""fulloilandfilter2022to2027;release_2022_2027_final_audit""}",incomplete,oil_type;oil_capacity,2027|fordtrucks|escape|turbo2
10491dec2f554d225dde88c2,2027,Ford Trucks,Explorer,Turbo 3,,,WL10050,,consolidated:full_oil_filter_workbook,"{""napa_gold_filter"":""10050"",""stp_filter"":""S11955 / S11955XL"",""source_status"":""EXACT_PRIOR_YEAR_CONTINUITY — Engine Oil: exact 2026 continuity; Oil Capacity: exact 2026 continuity; Oil Plug Torque: exact 2026 continuity. WIX official application matched; NAPA Gold cross-reference derived from WIX/NAPA convention; STP product-level cross-reference validated."",""verification_status"":""incomplete"",""source_files"":""fulloilandfilter2022to2027;release_2022_2027_final_audit""}",incomplete,oil_type;oil_capacity,2027|fordtrucks|explorer|turbo3
a3a981c3f287246d6c9803a3,2027,Ford Trucks,F-150,Turbo 5.2,,,57502,,consolidated:full_oil_filter_workbook,"{""napa_gold_filter"":""7502"",""source_status"":""EXACT_PRIOR_YEAR_CONTINUITY — Engine Oil: exact 2026 continuity; Oil Capacity: exact 2026 continuity; Oil Plug Torque: exact 2026 continuity. WIX official application matched; NAPA Gold cross-reference derived from WIX/NAPA convention; STP cross-reference not verified."",""verification_status"":""incomplete"",""source_files"":""fulloilandfilter2022to2027;release_2022_2027_final_audit""}",incomplete,oil_type;oil_capacity;stp_filter,2027|fordtrucks|f150|turbo52
c16ec70f0fda2de45e512a4a,2027,Ford Trucks,F-350 Super Duty,Diesel 6.7,,,57151,,consolidated:full_oil_filter_workbook,"{""napa_gold_filter"":""7151"",""stp_filter"":""S10890 / S10890XL"",""source_status"":""EXACT_PRIOR_YEAR_CONTINUITY — Engine Oil: exact 2026 continuity; Oil Capacity: exact 2026 continuity; Oil Plug Torque: exact 2026 continuity. WIX official application matched; NAPA Gold cross-reference derived from WIX/NAPA convention; STP product-level cross-reference validated."",""verification_status"":""incomplete"",""source_files"":""fulloilandfilter2022to2027;release_2022_2027_final_audit""}",incomplete,oil_type;oil_capacity,2027|fordtrucks|f350superduty|diesel67
a916fd0574a2881c8120e8d0,2027,Ford Trucks,F250 Super Duty,Diesel 6.7,,,57151,,consolidated:full_oil_filter_workbook,"{""napa_gold_filter"":""7151"",""stp_filter"":""S10890 / S10890XL"",""source_status"":""ENGINE_FILTER_FAMILY_CONTINUITY — Engine Oil: 6/7 same engine/filter family; Oil Capacity: 6/7 same engine/filter family; Oil Plug Torque: 6/7 same engine/filter family. WIX official application matched; NAPA Gold cross-reference derived from WIX/NAPA convention; STP product-level cross-reference validated."",""verification_status"":""incomplete"",""source_files"":""fulloilandfilter2022to2027;release_2022_2027_final_audit""}",incomplete,oil_type;oil_capacity,2027|fordtrucks|f250superduty|diesel67
ad247d16572abbf9c89e102b,2027,Ford Trucks,Police Interceptor Utility,Turbo 3,,,WL10050,,consolidated:full_oil_filter_workbook,"{""napa_gold_filter"":""10050"",""stp_filter"":""S11955 / S11955XL"",""source_status"":""EXACT_PRIOR_YEAR_CONTINUITY — Engine Oil: exact 2026 continuity; Oil Capacity: exact 2026 continuity; Oil Plug Torque: exact 2026 continuity. WIX official application matched; NAPA Gold cross-reference derived from WIX/NAPA convention; STP product-level cross-reference validated."",""verification_status"":""incomplete"",""source_files"":""fulloilandfilter2022to2027;release_2022_2027_final_audit""}",incomplete,oil_type;oil_capacity,2027|fordtrucks|policeinterceptorutility|turbo3
7bf1a0ca2307815324997af5,2027,GMC Trucks,Acadia,Turbo 2.5,,,WL10351,,consolidated:full_oil_filter_workbook,"{""napa_gold_filter"":""10351"",""stp_filter"":""S45008"",""source_status"":""EXACT_PRIOR_YEAR_CONTINUITY — Engine Oil: exact 2026 continuity; Oil Capacity: exact 2026 continuity; Oil Plug Torque: exact 2026 continuity. WIX official application matched; NAPA Gold cross-reference derived from WIX/NAPA convention; STP product-level cross-reference validated."",""verification_status"":""incomplete"",""source_files"":""fulloilandfilter2022to2027;release_2022_2027_final_audit""}",incomplete,oil_type;oil_capacity,2027|gmctrucks|acadia|turbo25
ba038dca6835b3e0c8c9e674,2027,GMC Trucks,Yukon,Diesel 3,,,WL10351,,consolidated:full_oil_filter_workbook,"{""napa_gold_filter"":""10351"",""stp_filter"":""S45008"",""source_status"":""EXACT_PRIOR_YEAR_CONTINUITY — Engine Oil: exact 2026 continuity; Oil Capacity: exact 2026 continuity; Oil Plug Torque: exact 2026 continuity. WIX official application matched; NAPA Gold cross-reference derived from WIX/NAPA convention; STP product-level cross-reference validated."",""verification_status"":""incomplete"",""source_files"":""fulloilandfilter2022to2027;release_2022_2027_final_audit""}",incomplete,oil_type;oil_capacity,2027|gmctrucks|yukon|diesel3
8f7a937a6c804449260adbb7,2027,GMC Trucks,Yukon Xl,Diesel 3,,,WL10351,,consolidated:full_oil_filter_workbook,"{""napa_gold_filter"":""10351"",""stp_filter"":""S45008"",""source_status"":""EXACT_PRIOR_YEAR_CONTINUITY — Engine Oil: exact 2026 continuity; Oil Capacity: exact 2026 continuity; Oil Plug Torque: exact 2026 continuity. WIX official application matched; NAPA Gold cross-reference derived from WIX/NAPA convention; STP product-level cross-reference validated."",""verification_status"":""incomplete"",""source_files"":""fulloilandfilter2022to2027;release_2022_2027_final_audit""}",incomplete,oil_type;oil_capacity,2027|gmctrucks|yukonxl|diesel3
5edc35faecf972198f225518,2027,Hyundai,Palisade,3.5,,,WL10657,,consolidated:full_oil_filter_workbook,"{""napa_gold_filter"":""10657"",""source_status"":""EXACT_PRIOR_YEAR_CONTINUITY — Engine Oil: exact 2026 continuity; Oil Capacity: exact 2026 continuity; Oil Plug Torque: exact 2026 continuity. WIX official application matched; NAPA Gold cross-reference derived from WIX/NAPA convention; STP cross-reference not verified."",""verification_status"":""incomplete"",""source_files"":""fulloilandfilter2022to2027;release_2022_2027_final_audit""}",incomplete,oil_type;oil_capacity;stp_filter,2027|hyundai|palisade|35
d25fb6952f9868c11c16bfc3,2027,Infiniti,Qx60,Turbo 2,,,51358,,consolidated:full_oil_filter_workbook,"{""napa_gold_filter"":""1358"",""stp_filter"":""PH2865 / PH7028"",""source_status"":""EXACT_PRIOR_YEAR_CONTINUITY — Engine Oil: exact 2026 continuity; Oil Capacity: exact 2026 continuity; Oil Plug Torque: exact 2026 continuity. WIX official application matched; NAPA Gold cross-reference derived from WIX/NAPA convention; STP product-level cross-reference validated."",""verification_status"":""incomplete"",""source_files"":""fulloilandfilter2022to2027;release_2022_2027_final_audit""}",incomplete,oil_type;oil_capacity,2027|infiniti|qx60|turbo2
fc3310481d17655f2499d3cc,2027,Infiniti,Qx65,Turbo 2,,,51358,,consolidated:full_oil_filter_workbook,"{""napa_gold_filter"":""1358"",""stp_filter"":""PH2865 / PH7028"",""source_status"":""ENGINE_FILTER_FAMILY_CONTINUITY — Engine Oil: 9/9 same engine/filter family; Oil Capacity: 9/9 same engine/filter family; Oil Plug Torque: 9/9 same engine/filter family. WIX official application matched; NAPA Gold cross-reference derived from WIX/NAPA convention; STP product-level cross-reference validated."",""verification_status"":""incomplete"",""source_files"":""fulloilandfilter2022to2027;release_2022_2027_final_audit""}",incomplete,oil_type;oil_capacity,2027|infiniti|qx65|turbo2
64d57f7133538a2f6d1443d3,2027,Infiniti,Qx80,Turbo 3.5,,,51358,,consolidated:full_oil_filter_workbook,"{""napa_gold_filter"":""1358"",""stp_filter"":""PH2865 / PH7028"",""source_status"":""EXACT_PRIOR_YEAR_CONTINUITY — Engine Oil: exact 2026 continuity; Oil Capacity: exact 2026 continuity; Oil Plug Torque: exact 2026 continuity. WIX official application matched; NAPA Gold cross-reference derived from WIX/NAPA convention; STP product-level cross-reference validated."",""verification_status"":""incomplete"",""source_files"":""fulloilandfilter2022to2027;release_2022_2027_final_audit""}",incomplete,oil_type;oil_capacity,2027|infiniti|qx80|turbo35
d177157acb8fe8379d87b0af,2027,Kia,K4,2,,,WL10521,,consolidated:full_oil_filter_workbook,"{""napa_gold_filter"":""10521"",""stp_filter"":""S45028 / S45028XL"",""source_status"":""EXACT_PRIOR_YEAR_CONTINUITY — Engine Oil: exact 2026 continuity; Oil Capacity: exact 2026 continuity; Oil Plug Torque: exact 2026 continuity. WIX official application matched; NAPA Gold cross-reference derived from WIX/NAPA convention; STP product-level cross-reference validated."",""verification_status"":""incomplete"",""source_files"":""fulloilandfilter2022to2027;release_2022_2027_final_audit""}",incomplete,oil_type;oil_capacity,2027|kia|k4|2
71f581534d824c49253ceeb6,2027,Land Rover,Defender 110,Turbo 2,,,WL10419,,consolidated:full_oil_filter_workbook,"{""napa_gold_filter"":""10419"",""stp_filter"":""S45004"",""source_status"":""EXACT_PRIOR_YEAR_CONTINUITY — Engine Oil: exact 2026 continuity; Oil Capacity: exact 2026 continuity; Oil Plug Torque: exact 2026 continuity. WIX official application matched; NAPA Gold cross-reference derived from WIX/NAPA convention; STP product-level cross-reference validated."",""verification_status"":""incomplete"",""source_files"":""fulloilandfilter2022to2027;release_2022_2027_final_audit""}",incomplete,oil_type;oil_capacity,2027|landrover|defender110|turbo2
b8adadc85cecd837743425cb,2027,Land Rover,Defender 110,Turbo 3,,,WL10513,,consolidated:full_oil_filter_workbook,"{""napa_gold_filter"":""10513"",""source_status"":""EXACT_PRIOR_YEAR_CONTINUITY — Engine Oil: exact 2026 continuity; Oil Capacity: exact 2026 continuity; Oil Plug Torque: exact 2026 continuity. WIX official application matched; NAPA Gold cross-reference derived from WIX/NAPA convention; STP cross-reference not verified."",""verification_status"":""incomplete"",""source_files"":""fulloilandfilter2022to2027;release_2022_2027_final_audit""}",incomplete,oil_type;oil_capacity;stp_filter,2027|landrover|defender110|turbo3
a5df8b25ee98bfed80934fa2,2027,Lexus,LX700h,Turbo 3.4,,,57145,,consolidated:full_oil_filter_workbook,"{""napa_gold_filter"":""7145"",""source_status"":""EXACT_PRIOR_YEAR_CONTINUITY — Engine Oil: exact 2026 continuity; Oil Capacity: exact 2026 continuity; Oil Plug Torque: exact 2026 continuity. WIX official application matched; NAPA Gold cross-reference derived from WIX/NAPA convention; STP cross-reference not verified."",""verification_status"":""incomplete"",""source_files"":""fulloilandfilter2022to2027;release_2022_2027_final_audit""}",incomplete,oil_type;oil_capacity;stp_filter,2027|lexus|lx700h|turbo34
b558394bebb62318160d3371,2027,Lincoln,Aviator,Turbo 3,,,WL10050,,consolidated:full_oil_filter_workbook,"{""napa_gold_filter"":""10050"",""stp_filter"":""S11955 / S11955XL"",""source_status"":""EXACT_PRIOR_YEAR_CONTINUITY — Engine Oil: exact 2026 continuity; Oil Capacity: exact 2026 continuity; Oil Plug Torque: exact 2026 continuity. WIX official application matched; NAPA Gold cross-reference derived from WIX/NAPA convention; STP product-level cross-reference validated."",""verification_status"":""incomplete"",""source_files"":""fulloilandfilter2022to2027;release_2022_2027_final_audit""}",incomplete,oil_type;oil_capacity,2027|lincoln|aviator|turbo3
64ee4e53a3e6017db0979318,2027,Mazda,Cx-50,Hybrid 2.5,,,WL10332,,consolidated:full_oil_filter_workbook,"{""napa_gold_filter"":""10332"",""source_status"":""EXACT_PRIOR_YEAR_CONTINUITY — Engine Oil: exact 2026 continuity; Oil Capacity: exact 2026 continuity; Oil Plug Torque: exact 2026 continuity. WIX official application matched; NAPA Gold cross-reference derived from WIX/NAPA convention; STP cross-reference not verified."",""verification_status"":""incomplete"",""source_files"":""fulloilandfilter2022to2027;release_2022_2027_final_audit""}",incomplete,oil_type;oil_capacity;stp_filter,2027|mazda|cx50|hybrid25
86cbee5bd962a4514f91adfa,2027,Mazda,Cx-70,Hybrid 2.5,,,57002,,consolidated:full_oil_filter_workbook,"{""napa_gold_filter"":""7002"",""source_status"":""EXACT_PRIOR_YEAR_CONTINUITY — Engine Oil: exact 2026 continuity; Oil Capacity: exact 2026 continuity; Oil Plug Torque: exact 2026 continuity. WIX official application matched; NAPA Gold cross-reference derived from WIX/NAPA convention; STP cross-reference not verified."",""verification_status"":""incomplete"",""source_files"":""fulloilandfilter2022to2027;release_2022_2027_final_audit""}",incomplete,oil_type;oil_capacity;stp_filter,2027|mazda|cx70|hybrid25
bdfc6e79f8b51982c597debe,2027,Mazda,Cx-70,Turbo 3.3,,,51348,,consolidated:full_oil_filter_workbook,"{""napa_gold_filter"":""1348"",""stp_filter"":""PH2811"",""source_status"":""EXACT_PRIOR_YEAR_CONTINUITY — Engine Oil: exact 2026 continuity; Oil Capacity: exact 2026 continuity; Oil Plug Torque: exact 2026 continuity. WIX official application matched; NAPA Gold cross-reference derived from WIX/NAPA convention; STP product-level cross-reference validated."",""verification_status"":""incomplete"",""source_files"":""fulloilandfilter2022to2027;release_2022_2027_final_audit""}",incomplete,oil_type;oil_capacity,2027|mazda|cx70|turbo33
348242b6dcee6576a8b6d542,2027,Mercedes Benz,E53 Amg,Turbo 3,,,WL10760,,consolidated:full_oil_filter_workbook,"{""napa_gold_filter"":""10760"",""stp_filter"":""S45037XL"",""source_status"":""EXACT_PRIOR_YEAR_CONTINUITY — Engine Oil: exact 2026 continuity; Oil Capacity: exact 2026 continuity; Oil Plug Torque: exact 2026 continuity. WIX official application matched; NAPA Gold cross-reference derived from WIX/NAPA convention; STP product-level cross-reference validated."",""verification_status"":""incomplete"",""source_files"":""fulloilandfilter2022to2027;release_2022_2027_final_audit""}",incomplete,oil_type;oil_capacity,2027|mercedesbenz|e53amg|turbo3
afe4b3ec23c1c8d7f4fa6495,2027,Mercedes Benz,GLC350e,Turbo 2,,,WL10760,,consolidated:full_oil_filter_workbook,"{""napa_gold_filter"":""10760"",""stp_filter"":""S45037XL"",""source_status"":""EXACT_PRIOR_YEAR_CONTINUITY — Engine Oil: exact 2026 continuity; Oil Capacity: exact 2026 continuity; Oil Plug Torque: exact 2026 continuity. WIX official application matched; NAPA Gold cross-reference derived from WIX/NAPA convention; STP product-level cross-reference validated."",""verification_status"":""incomplete"",""source_files"":""fulloilandfilter2022to2027;release_2022_2027_final_audit""}",incomplete,oil_type;oil_capacity,2027|mercedesbenz|glc350e|turbo2
2647030cedbb6da5f0ff4ee5,2027,Mini,Countryman,Turbo 2,,,WL7522,,consolidated:full_oil_filter_workbook,"{""napa_gold_filter"":""7522"",""stp_filter"":""S11885"",""source_status"":""EXACT_PRIOR_YEAR_CONTINUITY — Engine Oil: exact 2026 continuity; Oil Capacity: exact 2026 continuity; Oil Plug Torque: exact 2026 continuity. WIX official application matched; NAPA Gold cross-reference derived from WIX/NAPA convention; STP product-level cross-reference validated."",""verification_status"":""incomplete"",""source_files"":""fulloilandfilter2022to2027;release_2022_2027_final_audit""}",incomplete,oil_type;oil_capacity,2027|mini|countryman|turbo2
800d9339e37f82df376495ab,2027,Nissan,Armada,Turbo 3.5,,,51358,,consolidated:full_oil_filter_workbook,"{""napa_gold_filter"":""1358"",""stp_filter"":""PH2865 / PH7028"",""source_status"":""EXACT_PRIOR_YEAR_CONTINUITY — Engine Oil: exact 2026 continuity; Oil Capacity: exact 2026 continuity; Oil Plug Torque: exact 2026 continuity. WIX official application matched; NAPA Gold cross-reference derived from WIX/NAPA convention; STP product-level cross-reference validated."",""verification_status"":""incomplete"",""source_files"":""fulloilandfilter2022to2027;release_2022_2027_final_audit""}",incomplete,oil_type;oil_capacity,2027|nissan|armada|turbo35
a67129e4eda501768c8a9431,2027,Nissan,Murano,Turbo 2,,,51358,,consolidated:full_oil_filter_workbook,"{""napa_gold_filter"":""1358"",""stp_filter"":""PH2865 / PH7028"",""source_status"":""EXACT_PRIOR_YEAR_CONTINUITY — Engine Oil: exact 2026 continuity; Oil Capacity: exact 2026 continuity; Oil Plug Torque: exact 2026 continuity. WIX official application matched; NAPA Gold cross-reference derived from WIX/NAPA convention; STP product-level cross-reference validated."",""verification_status"":""incomplete"",""source_files"":""fulloilandfilter2022to2027;release_2022_2027_final_audit""}",incomplete,oil_type;oil_capacity,2027|nissan|murano|turbo2
31c55d35e35b53d48c2954bd,2027,Nissan,Z,Turbo 3,,,57356,,consolidated:full_oil_filter_workbook,"{""napa_gold_filter"":""7356"",""source_status"":""EXACT_PRIOR_YEAR_CONTINUITY — Engine Oil: exact 2026 continuity; Oil Capacity: exact 2026 continuity; Oil Plug Torque: exact 2026 continuity. WIX official application matched; NAPA Gold cross-reference derived from WIX/NAPA convention; STP cross-reference not verified."",""verification_status"":""incomplete"",""source_files"":""fulloilandfilter2022to2027;release_2022_2027_final_audit""}",incomplete,oil_type;oil_capacity;stp_filter,2027|nissan|z|turbo3
4c8296bd22898c7b274dc59a,2027,Toyota,4 Runner,Hybrid 2.4,,,WL10332,,consolidated:full_oil_filter_workbook,"{""napa_gold_filter"":""10332"",""source_status"":""EXACT_PRIOR_YEAR_CONTINUITY — Engine Oil: exact 2026 continuity; Oil Capacity: exact 2026 continuity; Oil Plug Torque: exact 2026 continuity. WIX official application matched; NAPA Gold cross-reference derived from WIX/NAPA convention; STP cross-reference not verified."",""verification_status"":""incomplete"",""source_files"":""fulloilandfilter2022to2027;release_2022_2027_final_audit""}",incomplete,oil_type;oil_capacity;stp_filter,2027|toyota|4runner|hybrid24
19980cbfd74ec9adce65200a,2027,Toyota,4 Runner,Turbo 2.4,,,WL10332,,consolidated:full_oil_filter_workbook,"{""napa_gold_filter"":""10332"",""source_status"":""EXACT_PRIOR_YEAR_CONTINUITY — Engine Oil: exact 2026 continuity; Oil Capacity: exact 2026 continuity; Oil Plug Torque: exact 2026 continuity. WIX official application matched; NAPA Gold cross-reference derived from WIX/NAPA convention; STP cross-reference not verified."",""verification_status"":""incomplete"",""source_files"":""fulloilandfilter2022to2027;release_2022_2027_final_audit""}",incomplete,oil_type;oil_capacity;stp_filter,2027|toyota|4runner|turbo24
e887067a4995f0ef40a05527,2027,Toyota,Camry,Hybrid 2.5,,,WL10332,,consolidated:full_oil_filter_workbook,"{""napa_gold_filter"":""10332"",""source_status"":""EXACT_PRIOR_YEAR_CONTINUITY — Engine Oil: exact 2026 continuity; Oil Capacity: exact 2026 continuity; Oil Plug Torque: exact 2026 continuity. WIX official application matched; NAPA Gold cross-reference derived from WIX/NAPA convention; STP cross-reference not verified."",""verification_status"":""incomplete"",""source_files"":""fulloilandfilter2022to2027;release_2022_2027_final_audit""}",incomplete,oil_type;oil_capacity;stp_filter,2027|toyota|camry|hybrid25
f2e4c55be3f9fecd22525353,2027,Toyota,Corolla,Hybrid 1.8,,,51394,,consolidated:full_oil_filter_workbook,"{""napa_gold_filter"":""1394"",""source_status"":""EXACT_PRIOR_YEAR_CONTINUITY — Engine Oil: exact 2026 continuity; Oil Capacity: exact 2026 continuity; Oil Plug Torque: exact 2026 continuity. WIX official application matched; NAPA Gold cross-reference derived from WIX/NAPA convention; STP cross-reference not verified."",""verification_status"":""incomplete"",""source_files"":""fulloilandfilter2022to2027;release_2022_2027_final_audit""}",incomplete,oil_type;oil_capacity;stp_filter,2027|toyota|corolla|hybrid18
dce9bf920dae8b2f250e102c,2027,Toyota,Corolla Cross,2,,,WL10332,,consolidated:full_oil_filter_workbook,"{""napa_gold_filter"":""10332"",""source_status"":""EXACT_PRIOR_YEAR_CONTINUITY — Engine Oil: exact 2026 continuity; Oil Capacity: exact 2026 continuity; Oil Plug Torque: exact 2026 continuity. WIX official application matched; NAPA Gold cross-reference derived from WIX/NAPA convention; STP cross-reference not verified."",""verification_status"":""incomplete"",""source_files"":""fulloilandfilter2022to2027;release_2022_2027_final_audit""}",incomplete,oil_type;oil_capacity;stp_filter,2027|toyota|corollacross|2
7bafd5ff6f1cc4d1cf33062c,2027,Toyota,Corolla Cross,Hybrid 2,,,WL10332,,consolidated:full_oil_filter_workbook,"{""napa_gold_filter"":""10332"",""source_status"":""EXACT_PRIOR_YEAR_CONTINUITY — Engine Oil: exact 2026 continuity; Oil Capacity: exact 2026 continuity; Oil Plug Torque: exact 2026 continuity. WIX official application matched; NAPA Gold cross-reference derived from WIX/NAPA convention; STP cross-reference not verified."",""verification_status"":""incomplete"",""source_files"":""fulloilandfilter2022to2027;release_2022_2027_final_audit""}",incomplete,oil_type;oil_capacity;stp_filter,2027|toyota|corollacross|hybrid2
d0733e744ae1c6ce05995b57,2027,Toyota,Crown Signia,Hybrid 2.5,,,WL10332,,consolidated:full_oil_filter_workbook,"{""napa_gold_filter"":""10332"",""source_status"":""EXACT_PRIOR_YEAR_CONTINUITY — Engine Oil: exact 2026 continuity; Oil Capacity: exact 2026 continuity; Oil Plug Torque: exact 2026 continuity. WIX official application matched; NAPA Gold cross-reference derived from WIX/NAPA convention; STP cross-reference not verified."",""verification_status"":""incomplete"",""source_files"":""fulloilandfilter2022to2027;release_2022_2027_final_audit""}",incomplete,oil_type;oil_capacity;stp_filter,2027|toyota|crownsignia|hybrid25
f1c00658c1546ced3927da84,2027,Toyota,Land Cruiser,Turbo 2.4,,,57145,,consolidated:full_oil_filter_workbook,"{""napa_gold_filter"":""7145"",""source_status"":""EXACT_PRIOR_YEAR_CONTINUITY — Engine Oil: exact 2026 continuity; Oil Capacity: exact 2026 continuity; Oil Plug Torque: exact 2026 continuity. WIX official application matched; NAPA Gold cross-reference derived from WIX/NAPA convention; STP cross-reference not verified."",""verification_status"":""incomplete"",""source_files"":""fulloilandfilter2022to2027;release_2022_2027_final_audit""}",incomplete,oil_type;oil_capacity;stp_filter,2027|toyota|landcruiser|turbo24
45bdd18e64c4a5abb7f9bbaf,2027,Toyota,Rav4,Hybrid 2.5,,,WL10332,,consolidated:full_oil_filter_workbook,"{""napa_gold_filter"":""10332"",""source_status"":""EXACT_PRIOR_YEAR_CONTINUITY — Engine Oil: exact 2026 continuity; Oil Capacity: exact 2026 continuity; Oil Plug Torque: exact 2026 continuity. WIX official application matched; NAPA Gold cross-reference derived from WIX/NAPA convention; STP cross-reference not verified."",""verification_status"":""incomplete"",""source_files"":""fulloilandfilter2022to2027;release_2022_2027_final_audit""}",incomplete,oil_type;oil_capacity;stp_filter,2027|toyota|rav4|hybrid25
5d331acfcd52fd3fc901d9a1,2027,Volvo,V60 Cross Country,Turbo 2,,,WL10241,,consolidated:full_oil_filter_workbook,"{""napa_gold_filter"":""10241"",""stp_filter"":""S45012 / S45012XL"",""source_status"":""EXACT_PRIOR_YEAR_CONTINUITY — Engine Oil: exact 2026 continuity; Oil Capacity: exact 2026 continuity; Oil Plug Torque: exact 2026 continuity. WIX official application matched; NAPA Gold cross-reference derived from WIX/NAPA convention; STP product-level cross-reference validated."",""verification_status"":""incomplete"",""source_files"":""fulloilandfilter2022to2027;release_2022_2027_final_audit""}",incomplete,oil_type;oil_capacity,2027|volvo|v60crosscountry|turbo2
5223534ba43170d97a65dd41,2027,Volvo,V90 Cross Country,Turbo 2,,,WL10241,,consolidated:full_oil_filter_workbook,"{""napa_gold_filter"":""10241"",""stp_filter"":""S45012 / S45012XL"",""source_status"":""EXACT_PRIOR_YEAR_CONTINUITY — Engine Oil: exact 2026 continuity; Oil Capacity: exact 2026 continuity; Oil Plug Torque: exact 2026 continuity. WIX official application matched; NAPA Gold cross-reference derived from WIX/NAPA convention; STP product-level cross-reference validated."",""verification_status"":""incomplete"",""source_files"":""fulloilandfilter2022to2027;release_2022_2027_final_audit""}",incomplete,oil_type;oil_capacity,2027|volvo|v90crosscountry|turbo2
b3e41c23a54f806e388dbacb,2027,Volvo,Xc40,Turbo 2,,,WL10241,,consolidated:full_oil_filter_workbook,"{""napa_gold_filter"":""10241"",""stp_filter"":""S45012 / S45012XL"",""source_status"":""EXACT_PRIOR_YEAR_CONTINUITY — Engine Oil: exact 2026 continuity; Oil Capacity: exact 2026 continuity; Oil Plug Torque: exact 2026 continuity. WIX official application matched; NAPA Gold cross-reference derived from WIX/NAPA convention; STP product-level cross-reference validated."",""verification_status"":""incomplete"",""source_files"":""fulloilandfilter2022to2027;release_2022_2027_final_audit""}",incomplete,oil_type;oil_capacity,2027|volvo|xc40|turbo2
a1478b2a42a417c5b164fdf7,2027,Volvo,Xc60,Turbo 2,,,WL10241,,consolidated:full_oil_filter_workbook,"{""napa_gold_filter"":""10241"",""stp_filter"":""S45012 / S45012XL"",""source_status"":""EXACT_PRIOR_YEAR_CONTINUITY — Engine Oil: exact 2026 continuity; Oil Capacity: exact 2026 continuity; Oil Plug Torque: exact 2026 continuity. WIX official application matched; NAPA Gold cross-reference derived from WIX/NAPA convention; STP product-level cross-reference validated."",""verification_status"":""incomplete"",""source_files"":""fulloilandfilter2022to2027;release_2022_2027_final_audit""}",incomplete,oil_type;oil_capacity,2027|volvo|xc60|turbo2
5c420975e458e454784e3be3,2027,Volvo,Xc90,Turbo 2,,,WL10241,,consolidated:full_oil_filter_workbook,"{""napa_gold_filter"":""10241"",""stp_filter"":""S45012 / S45012XL"",""source_status"":""EXACT_PRIOR_YEAR_CONTINUITY — Engine Oil: exact 2026 continuity; Oil Capacity: exact 2026 continuity; Oil Plug Torque: exact 2026 continuity. WIX official application matched; NAPA Gold cross-reference derived from WIX/NAPA convention; STP product-level cross-reference validated."",""verification_status"":""incomplete"",""source_files"":""fulloilandfilter2022to2027;release_2022_2027_final_audit""}",incomplete,oil_type;oil_capacity,2027|volvo|xc90|turbo2
